Product_ID,Product_Name,Category,Supplier,Store_ID,Inventory_Level,Units_Sold,Unit_Price,Purchase_Cost,Discount,Temperature,Holiday,Promotion,Lead_Time,Shelf_Life,Reorder_Level,Season,Demand,Stock_Status
1,Product_001,Meat,Supplier_6,5,272,16,40.98,25.39,5,28.3,0,1,1,47,78,Winter,24,Overstock
2,Product_002,Snacks,Supplier_2,6,564,93,21.87,13.4,15,34.5,0,1,8,99,98,Rainy,97,Overstock
3,Product_003,Frozen,Supplier_9,3,531,24,39.38,22.75,5,27.3,0,1,9,360,110,Rainy,29,Overstock
4,Product_004,Meat,Supplier_15,2,294,15,30.07,25.85,0,27,0,1,1,131,74,Rainy,25,Overstock
5,Product_005,Meat,Supplier_8,10,481,74,33.28,18.71,5,18.3,1,1,1,123,122,Spring,76,Overstock
6,Product_006,Vegetables,Supplier_2,7,488,77,49.25,34.26,25,16,0,1,9,14,60,Summer,72,Overstock
7,Product_007,Household,Supplier_2,8,278,42,34.04,27.38,25,34,1,1,5,364,118,Winter,49,Normal
8,Product_008,Frozen,Supplier_3,4,224,78,31.36,19.52,5,16.2,0,0,3,196,126,Rainy,76,Normal
9,Product_009,Fruits,Supplier_7,2,335,82,43.52,32.48,10,39,1,0,9,111,106,Spring,77,Overstock
10,Product_010,Frozen,Supplier_9,7,113,30,16.88,11.93,20,29.7,0,0,1,85,89,Spring,34,Normal
11,Product_011,Vegetables,Supplier_9,9,153,11,36.75,24.48,15,33.1,0,1,8,208,107,Winter,7,Normal
12,Product_012,Fruits,Supplier_8,5,222,90,47.56,41.16,10,38.5,1,1,10,257,79,Rainy,98,Normal
13,Product_013,Grains,Supplier_12,6,370,14,4.02,3.09,5,30.1,1,1,6,300,89,Spring,12,Overstock
14,Product_014,Grains,Supplier_7,9,486,44,37.69,21.12,20,39.1,0,0,2,214,72,Winter,44,Overstock
15,Product_015,Bakery,Supplier_7,9,482,27,26.04,18.91,5,38.8,1,1,5,191,49,Rainy,33,Overstock
16,Product_016,Grains,Supplier_8,3,152,63,13.6,7.72,20,28.1,1,0,6,105,120,Winter,67,Normal
17,Product_017,Vegetables,Supplier_14,5,455,36,7.79,5.92,15,27.9,1,1,10,29,68,Rainy,41,Overstock
18,Product_018,Beverages,Supplier_10,2,45,10,19.68,16.51,5,35.9,0,0,10,79,71,Rainy,18,Low Stock
19,Product_019,Bakery,Supplier_2,10,507,53,22.31,16.63,0,37.5,0,0,8,272,101,Spring,56,Overstock
20,Product_020,Dairy,Supplier_3,7,513,9,21.19,17.48,0,22.5,1,1,7,341,132,Summer,16,Overstock
21,Product_021,Bakery,Supplier_7,7,215,58,13.02,8.53,10,34.7,1,1,8,130,61,Summer,56,Overstock
22,Product_022,Beverages,Supplier_3,7,169,66,13.86,10.43,5,21.7,1,1,3,308,73,Summer,71,Normal
23,Product_023,Bakery,Supplier_9,3,442,44,27.87,22.43,10,17.5,1,1,5,205,138,Rainy,49,Overstock
24,Product_024,Household,Supplier_10,1,568,22,4.11,3.52,20,17.6,0,1,1,109,92,Summer,32,Overstock
25,Product_025,Vegetables,Supplier_5,5,241,9,40.81,32.36,0,18.6,0,1,10,184,42,Winter,19,Overstock
26,Product_026,Vegetables,Supplier_12,1,224,46,12.63,6.96,25,33.9,1,1,3,207,63,Winter,52,Overstock
27,Product_027,Fruits,Supplier_2,1,205,43,1.77,1.02,10,32.3,0,0,5,329,126,Rainy,47,Normal
28,Product_028,Meat,Supplier_8,2,122,4,21.44,15.06,25,21.8,1,1,4,126,48,Rainy,8,Normal
29,Product_029,Snacks,Supplier_6,4,138,27,10.04,6.35,25,18.1,1,0,8,276,134,Winter,39,Normal
30,Product_030,Household,Supplier_8,1,482,37,42.49,32.98,10,32.9,1,1,8,328,125,Rainy,32,Overstock
31,Product_031,Vegetables,Supplier_2,4,121,64,34.64,22.39,20,24.8,1,1,4,302,63,Summer,67,Normal
32,Product_032,Dairy,Supplier_15,2,277,97,35.7,31.91,10,25.5,1,0,1,329,53,Summer,92,Overstock
33,Product_033,Household,Supplier_5,10,357,62,6.81,4.86,25,33.5,0,1,5,87,55,Spring,69,Overstock
34,Product_034,Vegetables,Supplier_13,1,274,45,46.66,37.13,0,26.6,0,0,6,64,85,Rainy,46,Overstock
35,Product_035,Fruits,Supplier_14,4,574,84,12.73,8.02,0,28.2,1,1,7,90,89,Rainy,84,Overstock
36,Product_036,Frozen,Supplier_15,2,585,44,49.79,30.32,0,28.4,0,0,6,329,78,Rainy,43,Overstock
37,Product_037,Household,Supplier_15,6,249,44,22.7,13.75,0,31.3,1,1,9,152,97,Spring,41,Normal
38,Product_038,Vegetables,Supplier_8,4,419,89,27.17,21.26,0,21.8,0,1,8,77,49,Summer,91,Overstock
39,Product_039,Fruits,Supplier_2,8,485,17,33.01,21.31,25,20.2,1,1,4,129,44,Winter,22,Overstock
40,Product_040,Fruits,Supplier_12,2,69,75,47.67,40.32,10,18.9,1,1,10,112,41,Summer,80,Normal
41,Product_041,Meat,Supplier_9,4,49,3,18.55,14.36,20,37.6,0,1,10,95,75,Winter,9,Low Stock
42,Product_042,Household,Supplier_11,9,497,29,49.84,40.97,5,38.4,1,0,3,333,132,Winter,39,Overstock
43,Product_043,Frozen,Supplier_1,7,403,22,10.3,6.28,15,18.9,0,1,1,301,145,Winter,22,Normal
44,Product_044,Household,Supplier_11,10,462,69,21.07,16.87,10,38.8,0,0,8,98,84,Spring,77,Overstock
45,Product_045,Grains,Supplier_1,6,97,72,40.37,27.28,25,33,1,1,3,134,141,Spring,69,Low Stock
46,Product_046,Snacks,Supplier_10,1,166,73,44.51,39.48,0,38.9,1,1,10,21,72,Spring,75,Normal
47,Product_047,Household,Supplier_13,2,166,74,25.06,15.99,25,39.2,0,0,9,291,130,Rainy,85,Normal
48,Product_048,Snacks,Supplier_2,6,302,70,47.2,40.81,15,33.9,1,0,1,143,54,Summer,78,Overstock
49,Product_049,Grains,Supplier_7,5,331,77,29.61,20.86,20,29,0,0,6,341,46,Rainy,86,Overstock
50,Product_050,Grains,Supplier_8,4,285,68,13.55,9.82,20,33,0,1,3,345,48,Spring,74,Overstock
51,Product_051,Snacks,Supplier_2,8,43,12,6.29,4.79,25,16.6,1,1,10,43,121,Summer,8,Low Stock
52,Product_052,Frozen,Supplier_6,2,324,67,34.03,19.71,0,39.4,1,1,8,197,125,Spring,76,Normal
53,Product_053,Vegetables,Supplier_5,7,269,29,8.1,4.68,25,20.3,0,0,6,225,127,Winter,30,Normal
54,Product_054,Meat,Supplier_10,9,180,94,20.78,14.98,15,17.2,1,0,10,10,144,Rainy,95,Normal
55,Product_055,Fruits,Supplier_2,2,586,59,27.73,23.06,0,17.8,1,0,7,146,135,Rainy,60,Overstock
56,Product_056,Fruits,Supplier_9,8,405,9,49.15,38.05,15,23,0,1,4,300,102,Spring,11,Overstock
57,Product_057,Snacks,Supplier_6,8,47,45,19.75,16.22,10,15.4,0,1,4,232,47,Spring,43,Normal
58,Product_058,Snacks,Supplier_9,10,396,39,39.97,32.45,10,34.7,1,0,9,235,138,Rainy,51,Normal
59,Product_059,Snacks,Supplier_10,3,116,9,27.47,20.56,10,32.7,0,1,1,267,99,Rainy,21,Normal
60,Product_060,Meat,Supplier_13,3,36,93,40.28,27.02,0,36.3,0,0,8,267,74,Rainy,96,Low Stock
61,Product_061,Dairy,Supplier_4,1,168,39,38.22,25.87,20,28.1,1,0,4,225,125,Rainy,50,Normal
62,Product_062,Frozen,Supplier_1,1,182,53,21.82,16.86,15,29.5,0,0,8,3,41,Rainy,60,Overstock
63,Product_063,Meat,Supplier_6,2,275,84,10.83,8.82,15,39,1,1,1,136,53,Spring,87,Overstock
64,Product_064,Frozen,Supplier_14,3,360,34,39.64,23.83,15,38.8,1,1,6,243,58,Rainy,44,Overstock
65,Product_065,Snacks,Supplier_6,10,155,9,19.66,11.13,5,25.6,1,1,10,341,139,Winter,21,Normal
66,Product_066,Beverages,Supplier_12,3,387,96,9.26,5.12,5,26.4,1,0,3,234,44,Spring,102,Overstock
67,Product_067,Meat,Supplier_1,5,222,22,31.78,23.15,15,33.8,0,1,7,212,66,Summer,18,Overstock
68,Product_068,Bakery,Supplier_2,2,71,69,41.79,23.99,5,17.8,1,1,8,106,114,Rainy,72,Low Stock
69,Product_069,Vegetables,Supplier_5,7,148,88,47.01,40.02,15,15.5,1,0,9,135,62,Winter,89,Normal
70,Product_070,Frozen,Supplier_7,7,289,56,39.25,28.25,10,29.1,1,1,4,223,80,Winter,59,Overstock
71,Product_071,Frozen,Supplier_13,6,510,56,3.5,2.17,0,15.9,1,1,6,220,137,Rainy,62,Overstock
72,Product_072,Frozen,Supplier_1,10,125,53,47.77,36.71,15,25,0,0,3,135,94,Winter,48,Normal
73,Product_073,Beverages,Supplier_13,10,573,35,12.12,8.14,15,20.8,1,1,9,315,94,Winter,40,Overstock
74,Product_074,Bakery,Supplier_8,8,332,78,39.01,25.23,5,32.7,1,0,8,112,87,Spring,80,Overstock
75,Product_075,Meat,Supplier_9,4,271,8,30.08,21.68,0,35.4,0,0,9,225,126,Winter,16,Normal
76,Product_076,Snacks,Supplier_15,3,330,99,34.25,22.52,25,19.9,0,0,2,342,104,Spring,95,Overstock
77,Product_077,Meat,Supplier_15,10,166,85,25.17,21.99,10,21.9,0,0,7,282,66,Winter,97,Normal
78,Product_078,Bakery,Supplier_1,9,141,11,1.12,0.65,10,20.4,1,0,1,340,77,Spring,7,Normal
79,Product_079,Vegetables,Supplier_11,5,62,16,31.13,18.25,0,15.9,1,0,5,128,98,Summer,12,Low Stock
80,Product_080,Snacks,Supplier_14,10,310,58,40.03,29.71,20,17.5,0,1,9,330,124,Winter,53,Normal
81,Product_081,Dairy,Supplier_12,6,566,33,27.48,21.75,10,29.6,0,0,4,251,104,Summer,40,Overstock
82,Product_082,Meat,Supplier_6,5,592,94,2.35,1.38,0,33,0,0,8,47,143,Rainy,106,Overstock
83,Product_083,Bakery,Supplier_14,2,487,79,21.85,19.03,5,15.5,0,0,9,333,43,Rainy,74,Overstock
84,Product_084,Frozen,Supplier_12,7,48,28,6.05,5.35,5,34.6,1,1,8,299,143,Summer,28,Low Stock
85,Product_085,Meat,Supplier_12,7,51,53,47.09,30.44,10,34.8,0,1,3,259,69,Rainy,48,Low Stock
86,Product_086,Meat,Supplier_8,4,118,15,13.1,8.39,25,36.1,1,0,8,77,73,Winter,11,Normal
87,Product_087,Snacks,Supplier_5,5,550,61,15.57,13.17,25,18.4,1,1,10,125,150,Winter,58,Overstock
88,Product_088,Beverages,Supplier_10,10,118,44,1.48,0.94,5,39.5,1,0,5,138,140,Summer,49,Low Stock
89,Product_089,Household,Supplier_11,1,486,24,8.65,5.71,10,23.4,0,1,4,122,84,Winter,25,Overstock
90,Product_090,Dairy,Supplier_13,7,410,2,40.15,28.09,15,15.6,1,1,8,69,125,Winter,1,Overstock
91,Product_091,Snacks,Supplier_10,6,435,3,35.73,24.03,15,22.6,0,1,8,351,112,Spring,9,Overstock
92,Product_092,Snacks,Supplier_7,5,502,75,26.22,17.42,10,38.8,0,0,7,246,137,Summer,81,Overstock
93,Product_093,Meat,Supplier_5,3,195,7,37.41,32.66,25,39,0,0,10,288,105,Spring,8,Normal
94,Product_094,Grains,Supplier_7,1,167,57,30.72,19.89,10,22.4,1,1,5,287,120,Rainy,55,Normal
95,Product_095,Grains,Supplier_3,7,586,4,25.19,17.13,0,34.5,0,0,3,47,64,Spring,1,Overstock
96,Product_096,Meat,Supplier_5,10,124,55,12.93,8.32,10,16,0,0,6,172,70,Spring,51,Normal
97,Product_097,Meat,Supplier_12,6,249,86,45.63,25.75,15,33,1,1,3,274,45,Rainy,90,Overstock
98,Product_098,Beverages,Supplier_9,7,353,46,29.42,23.99,0,30.6,1,1,4,41,134,Spring,43,Normal
99,Product_099,Meat,Supplier_9,1,365,56,4.12,2.67,10,15.3,0,1,6,263,148,Summer,55,Normal
100,Product_100,Vegetables,Supplier_6,5,423,14,25.74,18.6,25,33.5,1,0,10,363,62,Rainy,20,Overstock
101,Product_101,Vegetables,Supplier_13,3,96,9,37.88,29.69,10,38.8,1,0,8,165,94,Rainy,13,Normal
102,Product_102,Dairy,Supplier_8,3,477,55,48.47,27.55,15,33.8,1,1,2,297,113,Summer,63,Overstock
103,Product_103,Grains,Supplier_12,4,32,9,40.83,28.37,15,39.8,0,0,10,116,94,Rainy,4,Low Stock
104,Product_104,Bakery,Supplier_15,3,323,84,48.34,41.67,10,38.2,0,1,3,76,135,Rainy,89,Normal
105,Product_105,Meat,Supplier_9,1,385,88,13.07,9.58,20,30.6,0,0,6,120,110,Summer,88,Overstock
106,Product_106,Dairy,Supplier_6,2,352,20,27.16,23.16,5,32.7,0,0,10,212,51,Summer,29,Overstock
107,Product_107,Meat,Supplier_5,3,352,86,44.48,32.25,5,22.2,0,1,5,268,53,Spring,89,Overstock
108,Product_108,Beverages,Supplier_15,8,528,40,49.43,38.71,0,39.7,1,1,2,95,131,Summer,38,Overstock
109,Product_109,Frozen,Supplier_5,9,283,56,15.95,13.58,20,20.8,1,1,7,118,128,Spring,61,Normal
110,Product_110,Bakery,Supplier_10,6,189,53,34.71,21.64,0,16.8,1,0,3,199,136,Rainy,61,Normal
111,Product_111,Household,Supplier_10,3,442,1,1.48,0.87,15,33.4,1,0,10,192,65,Winter,1,Overstock
112,Product_112,Fruits,Supplier_5,4,368,99,45.54,37.2,20,28.1,1,1,8,196,134,Rainy,109,Normal
113,Product_113,Vegetables,Supplier_15,10,598,13,1.88,1.33,15,16.5,1,1,7,228,51,Spring,13,Overstock
114,Product_114,Household,Supplier_2,6,164,46,29.24,18.28,0,37.9,1,1,3,90,48,Rainy,41,Overstock
115,Product_115,Grains,Supplier_6,6,474,61,17.1,15.1,15,28.2,1,1,7,75,43,Summer,71,Overstock
116,Product_116,Snacks,Supplier_9,1,404,27,41.45,28.65,0,28.1,0,0,7,288,97,Summer,25,Overstock
117,Product_117,Household,Supplier_10,9,112,66,23.34,14.91,25,38,1,0,6,81,56,Rainy,63,Normal
118,Product_118,Household,Supplier_11,5,76,70,6.81,3.82,25,19.8,0,1,8,121,63,Summer,73,Normal
119,Product_119,Bakery,Supplier_15,9,273,82,11.04,8.62,25,37.4,1,0,7,292,103,Winter,84,Normal
120,Product_120,Frozen,Supplier_4,10,456,89,33.46,25.74,15,39,1,1,2,176,146,Winter,91,Overstock
121,Product_121,Frozen,Supplier_2,10,417,93,15.69,10.2,5,39.1,0,0,5,65,74,Summer,101,Overstock
122,Product_122,Beverages,Supplier_12,2,320,23,10.44,9.11,10,37.5,0,0,2,85,122,Summer,21,Normal
123,Product_123,Frozen,Supplier_13,2,464,72,37.21,22.39,25,33.5,1,0,8,266,47,Spring,70,Overstock
124,Product_124,Household,Supplier_13,9,570,34,25.95,21.91,15,38.6,0,1,6,173,106,Winter,38,Overstock
125,Product_125,Bakery,Supplier_3,3,58,68,20.62,15.74,0,35.6,0,0,1,167,98,Winter,73,Low Stock
126,Product_126,Bakery,Supplier_13,6,331,52,44.27,25.2,20,30.2,0,1,4,84,93,Spring,53,Overstock
127,Product_127,Household,Supplier_11,8,384,75,16.45,10.63,5,25.9,1,0,5,135,62,Winter,81,Overstock
128,Product_128,Beverages,Supplier_1,2,600,56,25.98,14.65,25,28.8,1,1,6,167,49,Rainy,67,Overstock
129,Product_129,Meat,Supplier_2,9,550,67,46.88,39.42,15,33,0,1,10,74,86,Winter,72,Overstock
130,Product_130,Grains,Supplier_4,1,419,99,19.74,13.5,0,31.5,1,1,9,152,139,Spring,104,Overstock
131,Product_131,Fruits,Supplier_10,10,312,89,8.5,5.24,0,26.9,0,1,10,252,109,Winter,85,Normal
132,Product_132,Bakery,Supplier_15,3,53,28,43.85,26.75,25,33.2,0,0,9,64,50,Summer,25,Normal
133,Product_133,Beverages,Supplier_1,8,106,87,47.69,28.62,5,37.1,1,1,5,93,138,Rainy,84,Low Stock
134,Product_134,Frozen,Supplier_15,6,148,12,25.29,22.21,5,33.1,0,0,9,294,96,Spring,9,Normal
135,Product_135,Dairy,Supplier_11,7,469,67,49.86,33.27,25,17.3,0,0,10,298,111,Spring,69,Overstock
136,Product_136,Grains,Supplier_12,2,546,50,9.11,5.9,10,28.1,1,0,4,178,54,Summer,55,Overstock
137,Product_137,Vegetables,Supplier_8,6,213,47,23.71,16.16,20,21.3,0,1,10,248,49,Rainy,56,Overstock
138,Product_138,Snacks,Supplier_13,10,128,64,18.07,14.62,20,20.9,0,0,3,62,81,Winter,75,Normal
139,Product_139,Frozen,Supplier_15,4,200,89,36.14,26.92,5,37.4,1,0,9,259,121,Spring,99,Normal
140,Product_140,Fruits,Supplier_8,4,317,39,31.24,20.2,20,27.9,0,1,7,71,63,Spring,41,Overstock
141,Product_141,Beverages,Supplier_15,6,37,48,32.68,28.29,20,29.3,0,0,6,266,81,Spring,58,Low Stock
142,Product_142,Meat,Supplier_8,8,73,72,23.94,21.18,20,38,0,0,7,16,114,Rainy,71,Low Stock
143,Product_143,Snacks,Supplier_12,3,595,91,8.63,6.26,5,36.3,1,1,2,96,138,Spring,87,Overstock
144,Product_144,Fruits,Supplier_8,5,451,81,19.49,17.12,15,20.2,0,0,9,192,128,Winter,92,Overstock
145,Product_145,Meat,Supplier_10,2,346,33,11.25,9.01,20,36,0,1,6,312,148,Summer,44,Normal
146,Product_146,Meat,Supplier_5,1,496,97,26.18,15.98,20,18.2,0,0,9,214,119,Winter,109,Overstock
147,Product_147,Meat,Supplier_14,3,278,30,21.42,16.89,5,19.7,0,1,6,284,54,Rainy,39,Overstock
148,Product_148,Frozen,Supplier_1,4,338,79,32.11,20.07,15,33.8,1,0,8,46,76,Spring,79,Overstock
149,Product_149,Vegetables,Supplier_7,6,323,74,1.11,0.74,20,19.1,1,1,3,46,70,Summer,84,Overstock
150,Product_150,Grains,Supplier_4,5,566,44,28.13,22.59,5,38.9,0,0,5,23,44,Rainy,55,Overstock
151,Product_151,Bakery,Supplier_14,10,129,45,22.94,16.9,5,26.7,0,1,9,43,150,Spring,57,Low Stock
152,Product_152,Grains,Supplier_6,3,222,20,24.95,17.73,5,23.7,1,1,4,128,75,Spring,21,Normal
153,Product_153,Household,Supplier_15,8,302,76,22.52,15.04,20,33.4,0,0,7,217,45,Winter,80,Overstock
154,Product_154,Bakery,Supplier_6,2,228,49,46.03,32.09,5,29.9,0,0,2,138,78,Summer,54,Normal
155,Product_155,Frozen,Supplier_9,4,390,26,16.4,12.74,15,38.1,1,1,1,334,48,Summer,28,Overstock
156,Product_156,Dairy,Supplier_6,4,424,8,2.7,2.11,5,37.2,0,0,2,49,51,Winter,8,Overstock
157,Product_157,Household,Supplier_12,2,412,4,4.35,3.56,10,30.4,1,0,2,233,145,Spring,2,Normal
158,Product_158,Household,Supplier_12,3,177,51,31.44,23.65,20,17.6,0,0,4,348,48,Rainy,53,Overstock
159,Product_159,Beverages,Supplier_3,9,583,85,13.19,9.55,20,34.6,1,1,3,50,102,Winter,84,Overstock
160,Product_160,Meat,Supplier_6,10,239,40,7.18,4.44,5,16.9,1,1,1,17,114,Rainy,45,Normal
161,Product_161,Meat,Supplier_5,7,290,86,38.35,25.65,10,20.3,1,1,10,198,81,Rainy,92,Overstock
162,Product_162,Grains,Supplier_1,6,31,32,19.89,15.55,5,26.7,1,0,9,41,129,Winter,31,Low Stock
163,Product_163,Beverages,Supplier_5,4,495,96,22.03,15.39,20,26.9,1,1,3,336,79,Spring,102,Overstock
164,Product_164,Household,Supplier_11,1,469,75,45.92,39.87,0,39.3,0,1,5,96,100,Summer,71,Overstock
165,Product_165,Frozen,Supplier_9,4,97,2,5.31,4.19,0,20.2,1,0,1,236,148,Rainy,12,Low Stock
166,Product_166,Dairy,Supplier_14,1,173,52,11.64,7.46,20,32.9,0,0,2,296,70,Summer,57,Normal
167,Product_167,Grains,Supplier_10,1,178,62,41.96,26.92,10,32.5,0,1,3,314,93,Summer,63,Normal
168,Product_168,Meat,Supplier_13,8,211,25,21.84,17.28,10,22.1,1,1,9,350,122,Rainy,35,Normal
169,Product_169,Vegetables,Supplier_9,5,209,9,49.54,36.34,20,22.7,0,0,6,149,90,Summer,9,Normal
170,Product_170,Grains,Supplier_1,7,502,9,39.21,28.56,15,23,1,0,1,69,65,Summer,7,Overstock
171,Product_171,Meat,Supplier_10,3,325,34,49.42,35.53,15,25.4,0,0,1,159,69,Summer,40,Overstock
172,Product_172,Dairy,Supplier_13,1,177,31,17.63,11.81,25,32.1,1,1,1,298,43,Spring,38,Overstock
173,Product_173,Grains,Supplier_1,1,539,52,9.12,6.04,0,26.4,0,1,4,287,50,Rainy,48,Overstock
174,Product_174,Vegetables,Supplier_7,6,347,67,44.14,39.02,5,25.2,0,0,5,156,98,Winter,65,Overstock
175,Product_175,Meat,Supplier_2,9,244,35,4.77,3.34,20,24.4,1,0,5,108,137,Spring,44,Normal
176,Product_176,Bakery,Supplier_6,9,40,93,27.34,20.53,15,32.2,0,1,8,344,119,Spring,94,Low Stock
177,Product_177,Household,Supplier_7,2,596,55,6.25,3.75,5,32,0,0,9,358,107,Spring,67,Overstock
178,Product_178,Snacks,Supplier_11,6,33,21,33.67,30.07,15,22.5,0,1,4,304,99,Spring,21,Low Stock
179,Product_179,Dairy,Supplier_15,2,60,40,29.87,24.69,10,22.2,0,1,9,364,80,Winter,47,Low Stock
180,Product_180,Snacks,Supplier_11,2,589,86,25.72,20.18,10,20.1,1,0,9,362,108,Spring,84,Overstock
181,Product_181,Snacks,Supplier_8,10,107,46,23.74,20.57,20,18.5,0,1,3,345,122,Spring,43,Low Stock
182,Product_182,Meat,Supplier_7,4,299,67,27.29,21.64,0,34.4,0,0,3,248,97,Spring,65,Overstock
183,Product_183,Meat,Supplier_11,3,433,99,35.43,24.46,0,28.6,1,1,4,42,67,Spring,102,Overstock
184,Product_184,Bakery,Supplier_11,7,75,1,48.7,43.54,15,17,1,0,2,259,93,Summer,8,Low Stock
185,Product_185,Bakery,Supplier_8,9,376,75,7.86,6.5,10,25.2,0,0,8,4,87,Winter,75,Overstock
186,Product_186,Vegetables,Supplier_6,7,123,25,2.11,1.79,25,20.1,1,0,10,39,79,Rainy,32,Normal
187,Product_187,Grains,Supplier_8,9,599,83,20.63,15.55,20,27.9,1,0,2,336,104,Spring,81,Overstock
188,Product_188,Meat,Supplier_8,7,76,76,20.03,17.89,10,36.2,1,1,7,97,82,Spring,75,Low Stock
189,Product_189,Grains,Supplier_14,7,495,24,27.83,15.66,5,37.4,1,0,1,207,138,Rainy,36,Overstock
190,Product_190,Dairy,Supplier_13,9,223,42,7.18,3.99,15,21.6,1,0,1,358,129,Rainy,52,Normal
191,Product_191,Dairy,Supplier_15,10,434,24,40.55,33.51,15,28.4,0,0,8,249,52,Winter,23,Overstock
192,Product_192,Frozen,Supplier_4,1,399,66,42.9,23.94,10,18.9,1,0,3,285,108,Winter,70,Overstock
193,Product_193,Bakery,Supplier_7,5,206,23,19.91,14.42,20,28.2,0,1,6,292,109,Rainy,31,Normal
194,Product_194,Dairy,Supplier_11,10,263,90,46.62,37.18,25,37.6,1,1,8,87,57,Rainy,95,Overstock
195,Product_195,Vegetables,Supplier_13,10,420,73,40.49,27.85,15,33.7,0,1,5,147,142,Winter,69,Normal
196,Product_196,Fruits,Supplier_10,8,364,6,3.39,2.55,20,15.8,1,0,1,112,123,Summer,11,Normal
197,Product_197,Household,Supplier_1,10,575,86,3.31,2.92,25,38.9,1,0,3,331,96,Rainy,93,Overstock
198,Product_198,Beverages,Supplier_13,2,72,92,10.64,9.04,0,19.6,1,1,3,340,115,Spring,96,Low Stock
199,Product_199,Grains,Supplier_9,6,538,96,20.25,13.43,10,16.1,0,1,4,249,130,Summer,103,Overstock
200,Product_200,Fruits,Supplier_1,6,476,92,26.37,23.04,20,30.3,0,0,7,109,53,Rainy,100,Overstock
1,Product_001,Meat,Supplier_7,7,369,43,8.79,6.57,20,30.6,0,0,8,149,94,Rainy,43,Overstock
2,Product_002,Snacks,Supplier_3,10,490,19,39.18,23.3,10,24.5,1,0,6,297,86,Spring,27,Overstock
3,Product_003,Frozen,Supplier_11,5,276,93,45.57,34.56,25,26.9,1,0,9,220,57,Summer,101,Overstock
4,Product_004,Meat,Supplier_4,6,70,65,38.3,24.07,5,28,1,1,1,67,118,Spring,67,Low Stock
5,Product_005,Meat,Supplier_2,3,442,11,4.88,3.19,15,27.1,1,1,6,10,106,Winter,6,Overstock
6,Product_006,Vegetables,Supplier_1,5,529,3,46.1,27.54,15,33.6,1,0,9,139,72,Winter,5,Overstock
7,Product_007,Household,Supplier_13,1,98,36,45.77,25.33,15,25.3,1,0,5,234,115,Winter,33,Low Stock
8,Product_008,Frozen,Supplier_8,9,221,18,44.03,39.1,5,26.5,0,0,2,128,45,Summer,14,Overstock
9,Product_009,Fruits,Supplier_6,1,260,60,13.03,10.99,20,25.3,0,1,1,208,81,Spring,68,Overstock
10,Product_010,Frozen,Supplier_9,2,564,50,29.05,19.69,25,17.8,0,0,5,275,101,Summer,55,Overstock
11,Product_011,Vegetables,Supplier_13,6,547,18,13.63,11.31,15,32.8,1,1,2,227,125,Rainy,25,Overstock
12,Product_012,Fruits,Supplier_7,4,531,75,11.52,7.72,15,38.2,1,1,7,57,58,Winter,76,Overstock
13,Product_013,Grains,Supplier_7,4,381,29,12.43,7.4,20,16.3,0,0,10,180,96,Rainy,32,Overstock
14,Product_014,Grains,Supplier_10,3,53,85,33.61,25.8,10,24.3,1,0,4,163,90,Rainy,95,Low Stock
15,Product_015,Bakery,Supplier_6,6,63,20,7.86,5.1,10,16.3,0,0,8,71,119,Spring,16,Low Stock
16,Product_016,Grains,Supplier_11,6,401,11,5.71,4.95,10,22.8,0,0,7,334,66,Winter,19,Overstock
17,Product_017,Vegetables,Supplier_14,1,504,74,38.86,30.27,0,34.7,0,1,1,139,88,Spring,79,Overstock
18,Product_018,Beverages,Supplier_1,1,320,93,22.03,15.56,20,22.3,1,1,10,134,58,Summer,103,Overstock
19,Product_019,Bakery,Supplier_12,3,479,93,40.78,27.4,20,33.5,0,0,1,272,84,Spring,102,Overstock
20,Product_020,Dairy,Supplier_2,10,36,78,26.96,24.02,20,34.9,1,0,10,319,108,Rainy,87,Low Stock
21,Product_021,Bakery,Supplier_11,10,100,65,3.87,2.83,0,33.4,1,0,3,206,126,Rainy,60,Low Stock
22,Product_022,Beverages,Supplier_15,5,455,38,9.3,5.24,20,20.8,1,0,10,144,46,Spring,35,Overstock
23,Product_023,Bakery,Supplier_4,4,240,46,36.53,24.76,5,26.8,0,0,9,140,48,Winter,41,Overstock
24,Product_024,Household,Supplier_2,3,389,52,29.61,20.04,15,36.8,1,1,9,147,85,Spring,52,Overstock
25,Product_025,Vegetables,Supplier_12,2,544,37,11.59,7.14,5,21.1,0,1,10,300,48,Spring,45,Overstock
26,Product_026,Vegetables,Supplier_2,7,430,99,26.94,24.17,0,27.9,0,0,9,125,102,Spring,95,Overstock
27,Product_027,Fruits,Supplier_11,3,408,50,43.67,34.41,15,35.8,1,0,10,196,141,Rainy,45,Normal
28,Product_028,Meat,Supplier_3,4,206,86,19.69,13.8,0,39.5,1,1,7,211,100,Spring,94,Normal
29,Product_029,Snacks,Supplier_11,4,577,73,33.84,30.16,0,34.9,1,0,1,186,72,Summer,84,Overstock
30,Product_030,Household,Supplier_6,1,116,74,4.54,3.17,5,25.7,0,1,7,319,76,Summer,74,Normal
31,Product_031,Vegetables,Supplier_15,1,99,92,7.54,6.16,5,33.4,1,1,3,296,121,Summer,102,Low Stock
32,Product_032,Dairy,Supplier_3,1,323,49,25.13,18.42,10,33.5,1,0,9,44,94,Winter,59,Overstock
33,Product_033,Household,Supplier_9,2,36,6,3.19,2.73,10,37.3,1,0,6,67,105,Rainy,9,Low Stock
34,Product_034,Vegetables,Supplier_7,1,281,15,32.07,28.12,5,30.6,0,0,5,357,130,Summer,25,Normal
35,Product_035,Fruits,Supplier_12,4,459,55,17.41,13.21,10,34.6,0,0,1,141,99,Spring,63,Overstock
36,Product_036,Frozen,Supplier_2,1,285,79,10.81,6.4,20,26.5,1,0,4,32,60,Summer,86,Overstock
37,Product_037,Household,Supplier_14,6,232,1,25.26,21.35,0,24.4,0,0,6,175,45,Winter,1,Overstock
38,Product_038,Vegetables,Supplier_7,4,185,1,39.54,33.22,10,22,0,1,4,218,59,Summer,4,Overstock
39,Product_039,Fruits,Supplier_2,9,149,25,21.9,14.6,25,18.1,0,0,3,55,126,Spring,31,Normal
40,Product_040,Fruits,Supplier_9,9,339,9,5.33,3.78,5,19.5,1,0,5,53,110,Rainy,10,Overstock
41,Product_041,Meat,Supplier_6,1,260,96,12.14,7.61,5,35.9,0,1,1,35,65,Winter,104,Overstock
42,Product_042,Household,Supplier_12,3,241,8,31.3,27.06,20,20.7,0,0,5,323,58,Rainy,17,Overstock
43,Product_043,Frozen,Supplier_3,9,223,1,18.4,15.83,0,15.2,0,1,1,193,121,Rainy,7,Normal
44,Product_044,Household,Supplier_15,3,321,76,30.61,18.15,0,30.3,0,1,8,205,145,Rainy,82,Normal
45,Product_045,Grains,Supplier_2,5,515,67,40.82,22.83,15,31.8,0,1,2,40,40,Rainy,67,Overstock
46,Product_046,Snacks,Supplier_2,2,284,25,26.82,20.29,10,19.2,1,1,2,285,47,Winter,33,Overstock
47,Product_047,Household,Supplier_5,10,131,34,43.37,38.57,10,24.5,1,0,6,78,49,Rainy,30,Normal
48,Product_048,Snacks,Supplier_2,8,406,89,49.39,28.54,20,31.9,1,1,5,119,53,Spring,94,Overstock
49,Product_049,Grains,Supplier_6,9,260,91,16.02,12.28,20,20,0,1,10,299,139,Spring,90,Normal
50,Product_050,Grains,Supplier_14,2,554,99,1.2,0.91,10,26.8,0,1,3,343,93,Spring,95,Overstock
51,Product_051,Snacks,Supplier_5,2,285,23,5.12,3.98,20,34.7,1,0,6,133,64,Summer,34,Overstock
52,Product_052,Frozen,Supplier_8,9,597,10,29.4,20.67,0,33.6,1,0,2,310,95,Rainy,20,Overstock
53,Product_053,Vegetables,Supplier_14,8,404,54,15.83,12.78,25,34.3,1,0,2,31,118,Rainy,65,Overstock
54,Product_054,Meat,Supplier_3,9,79,67,39.38,28.44,10,25,0,1,7,12,82,Rainy,67,Low Stock
55,Product_055,Fruits,Supplier_5,5,515,77,35.39,22.09,0,30.5,1,1,6,15,134,Summer,73,Overstock
56,Product_056,Fruits,Supplier_9,6,380,81,8.86,6.13,15,35.5,0,1,7,96,108,Summer,76,Overstock
57,Product_057,Snacks,Supplier_2,5,502,6,3.97,2.92,0,16.1,1,0,9,174,59,Summer,2,Overstock
58,Product_058,Snacks,Supplier_7,1,213,31,25.44,20.03,25,29.2,1,1,10,339,127,Summer,42,Normal
59,Product_059,Snacks,Supplier_1,10,62,91,22.56,17.65,25,30.5,0,1,4,165,148,Rainy,87,Low Stock
60,Product_060,Meat,Supplier_15,7,361,70,10.67,7.38,20,23,0,0,4,144,65,Summer,74,Overstock
61,Product_061,Dairy,Supplier_12,1,206,5,4.51,3.72,10,29.4,1,1,1,257,66,Rainy,8,Overstock
62,Product_062,Frozen,Supplier_14,5,308,15,11.36,6.72,5,16.9,0,1,6,138,124,Spring,14,Normal
63,Product_063,Meat,Supplier_1,7,372,62,42.4,33.7,15,35.5,0,0,7,304,41,Spring,62,Overstock
64,Product_064,Frozen,Supplier_13,3,397,43,41.05,26.65,20,29.5,0,0,5,265,139,Winter,39,Normal
65,Product_065,Snacks,Supplier_4,2,430,57,39.45,32.99,10,28.7,1,0,6,114,65,Winter,66,Overstock
66,Product_066,Beverages,Supplier_3,10,162,97,21.21,13.97,10,24.6,0,1,4,331,137,Winter,95,Normal
67,Product_067,Meat,Supplier_11,10,427,93,30.36,25.05,0,21.5,1,1,4,307,114,Winter,94,Overstock
68,Product_068,Bakery,Supplier_6,6,104,33,27.3,19.63,5,37.3,0,0,1,86,114,Rainy,44,Low Stock
69,Product_069,Vegetables,Supplier_7,10,202,48,16.87,10.72,10,22.3,1,0,10,196,53,Rainy,48,Overstock
70,Product_070,Frozen,Supplier_8,7,466,38,48.57,37.6,5,37.3,0,1,9,275,43,Rainy,34,Overstock
71,Product_071,Frozen,Supplier_6,6,529,4,37.69,24.83,20,17.3,0,1,9,161,72,Winter,1,Overstock
72,Product_072,Frozen,Supplier_3,5,472,73,7.72,4.46,10,36.3,1,1,1,70,52,Spring,81,Overstock
73,Product_073,Beverages,Supplier_2,8,342,88,24.96,18.57,5,30.4,1,0,4,279,70,Rainy,100,Overstock
74,Product_074,Bakery,Supplier_12,6,35,85,17.33,15.19,25,21.5,0,0,8,176,118,Spring,90,Low Stock
75,Product_075,Meat,Supplier_14,8,355,82,3.49,2.56,0,37.1,0,1,7,282,133,Summer,89,Normal
76,Product_076,Snacks,Supplier_9,10,147,28,36.99,20.82,25,18.7,0,1,3,303,111,Winter,28,Normal
77,Product_077,Meat,Supplier_8,9,452,41,45.06,39.15,25,31.4,0,1,2,203,131,Summer,43,Overstock
78,Product_078,Bakery,Supplier_6,6,400,54,22.91,15.75,25,17.2,0,1,9,261,55,Winter,52,Overstock
79,Product_079,Vegetables,Supplier_12,6,89,77,36.66,22.21,5,38.5,0,0,8,38,68,Summer,72,Normal
80,Product_080,Snacks,Supplier_10,3,440,96,37.74,24.99,0,20.2,0,0,5,52,126,Rainy,104,Overstock
81,Product_081,Dairy,Supplier_11,10,305,13,4.45,2.56,20,36.3,1,1,6,251,150,Summer,18,Normal
82,Product_082,Meat,Supplier_9,10,484,96,36.62,25.22,15,39.7,1,1,3,334,132,Summer,107,Overstock
83,Product_083,Bakery,Supplier_13,1,305,56,6.47,5.32,25,27.6,0,1,9,21,72,Rainy,53,Overstock
84,Product_084,Frozen,Supplier_12,8,182,99,8.7,7.17,5,18.3,0,0,9,346,112,Rainy,111,Normal
85,Product_085,Meat,Supplier_11,8,58,29,23.65,14.06,5,16,0,0,10,261,123,Rainy,38,Low Stock
86,Product_086,Meat,Supplier_11,9,52,88,42.97,27.42,25,22.4,0,0,9,76,69,Summer,83,Low Stock
87,Product_087,Snacks,Supplier_2,2,229,17,13.99,10.67,25,34.3,0,1,3,161,41,Winter,29,Overstock
88,Product_088,Beverages,Supplier_12,9,284,7,13.05,8.85,0,19.1,1,0,9,232,98,Winter,2,Normal
89,Product_089,Household,Supplier_4,10,161,89,3.05,2.02,10,25.6,1,1,10,139,40,Rainy,100,Overstock
90,Product_090,Dairy,Supplier_6,6,361,33,3.82,3.27,20,25.6,1,0,3,333,41,Rainy,35,Overstock
91,Product_091,Snacks,Supplier_1,5,399,78,17.79,11.08,20,37.6,1,0,10,104,95,Spring,85,Overstock
92,Product_092,Snacks,Supplier_3,5,566,44,49.26,33.65,25,19.8,1,0,9,286,103,Summer,42,Overstock
93,Product_093,Meat,Supplier_1,9,299,12,10.46,6.61,0,36.4,1,0,8,34,119,Spring,17,Normal
94,Product_094,Grains,Supplier_4,9,395,90,28.28,25.03,25,31.8,0,0,5,141,87,Summer,96,Overstock
95,Product_095,Grains,Supplier_15,8,226,17,6.99,4.03,10,26.5,0,0,2,22,122,Rainy,21,Normal
96,Product_096,Meat,Supplier_2,10,321,75,20.75,13.41,15,17.3,0,1,5,9,54,Winter,73,Overstock
97,Product_097,Meat,Supplier_4,9,530,47,41.18,34.26,25,21.2,1,0,10,289,92,Rainy,58,Overstock
98,Product_098,Beverages,Supplier_3,1,525,64,41.03,35.61,10,20.6,0,1,5,19,101,Spring,62,Overstock
99,Product_099,Meat,Supplier_1,4,255,10,17.11,10.15,15,20.1,0,1,8,87,61,Spring,14,Overstock
100,Product_100,Vegetables,Supplier_11,3,312,87,14.61,12.22,15,32.3,0,0,8,51,132,Spring,93,Normal
101,Product_101,Vegetables,Supplier_15,3,166,82,33.88,23.53,20,24,1,1,1,137,89,Summer,83,Normal
102,Product_102,Dairy,Supplier_5,2,207,7,5.19,4.63,25,29.7,1,1,1,48,85,Summer,8,Normal
103,Product_103,Grains,Supplier_2,4,107,94,40.61,28.7,25,25.3,1,0,7,150,111,Rainy,90,Low Stock
104,Product_104,Bakery,Supplier_8,7,247,100,13.37,9.36,25,33.6,1,1,10,222,72,Rainy,109,Overstock
105,Product_105,Meat,Supplier_8,2,169,34,20.66,15.76,25,38.3,1,1,6,59,117,Winter,37,Normal
106,Product_106,Dairy,Supplier_7,8,74,24,44.35,28.78,5,25,0,1,2,49,123,Rainy,22,Low Stock
107,Product_107,Meat,Supplier_9,8,154,92,3.74,2.25,25,27.3,1,0,7,338,88,Summer,103,Normal
108,Product_108,Beverages,Supplier_2,2,576,77,40.32,28.83,0,37.4,1,1,5,231,47,Winter,81,Overstock
109,Product_109,Frozen,Supplier_13,8,568,15,23.26,17.1,5,20.5,1,0,3,347,71,Rainy,18,Overstock
110,Product_110,Bakery,Supplier_9,8,455,20,25.47,19.11,20,19.7,0,0,6,321,86,Spring,19,Overstock
111,Product_111,Household,Supplier_12,4,360,24,47.34,28.42,0,28.9,1,0,4,35,126,Winter,29,Normal
112,Product_112,Fruits,Supplier_13,10,236,66,46.44,40.19,15,15.4,0,0,6,231,145,Summer,61,Normal
113,Product_113,Vegetables,Supplier_15,7,291,61,41.19,35.62,10,35.9,1,0,6,149,144,Spring,71,Normal
114,Product_114,Household,Supplier_14,1,590,10,30.37,23.58,15,38.8,0,1,3,318,146,Summer,18,Overstock
115,Product_115,Grains,Supplier_1,2,570,87,27.14,17.8,15,27.5,0,1,4,271,73,Rainy,94,Overstock
116,Product_116,Snacks,Supplier_5,3,475,1,22.38,20.06,20,19.1,1,1,9,83,74,Rainy,6,Overstock
117,Product_117,Household,Supplier_1,5,480,9,10.92,7.67,0,39,0,0,8,195,132,Winter,9,Overstock
118,Product_118,Household,Supplier_12,5,356,55,22.03,15.13,20,30.8,1,0,6,77,103,Rainy,59,Overstock
119,Product_119,Bakery,Supplier_1,4,453,91,24.11,21.17,0,30.8,1,0,9,128,67,Rainy,88,Overstock
120,Product_120,Frozen,Supplier_13,6,160,66,32.22,19.25,10,36.8,0,1,1,139,84,Rainy,68,Normal
121,Product_121,Frozen,Supplier_1,6,113,3,12.02,8.07,20,25.9,1,0,5,289,65,Rainy,11,Normal
122,Product_122,Beverages,Supplier_5,4,39,65,31.89,25.03,15,39.6,0,0,1,337,114,Summer,72,Low Stock
123,Product_123,Frozen,Supplier_10,10,376,50,25.5,17.76,25,37.8,0,0,2,5,63,Winter,46,Overstock
124,Product_124,Household,Supplier_13,5,136,54,24.6,21.76,10,39.5,0,1,9,328,70,Spring,52,Normal
125,Product_125,Bakery,Supplier_2,2,359,9,3.84,2.37,20,16.9,0,0,9,57,93,Winter,7,Overstock
126,Product_126,Bakery,Supplier_3,5,286,97,13.25,8.82,15,20.1,0,1,6,274,121,Spring,107,Normal
127,Product_127,Household,Supplier_6,7,541,54,39.71,34.63,0,28.7,1,0,5,5,62,Rainy,65,Overstock
128,Product_128,Beverages,Supplier_3,3,67,92,13.35,11.68,25,39.1,0,1,3,323,56,Summer,87,Normal
129,Product_129,Meat,Supplier_10,7,426,96,14.42,9.56,0,27,1,0,8,83,145,Spring,92,Normal
130,Product_130,Grains,Supplier_14,7,207,99,41.26,29,5,15.1,1,1,9,102,83,Summer,104,Normal
131,Product_131,Fruits,Supplier_1,10,118,69,6.28,4.7,5,28.9,0,1,6,292,120,Rainy,77,Low Stock
132,Product_132,Bakery,Supplier_10,4,86,87,22.09,18.76,5,30.7,0,0,3,77,130,Spring,98,Low Stock
133,Product_133,Beverages,Supplier_13,8,571,91,40.15,29.6,10,21.7,1,0,3,263,65,Winter,102,Overstock
134,Product_134,Frozen,Supplier_7,5,157,59,28.82,18.53,20,20.4,0,1,7,101,53,Rainy,61,Normal
135,Product_135,Dairy,Supplier_6,3,42,91,30.64,27.02,15,20.6,0,1,3,61,66,Summer,95,Low Stock
136,Product_136,Grains,Supplier_8,1,272,64,27.63,21.78,0,15.7,1,0,8,4,121,Winter,70,Normal
137,Product_137,Vegetables,Supplier_8,3,64,95,10.94,8.29,15,36.3,1,0,8,196,40,Summer,96,Normal
138,Product_138,Snacks,Supplier_8,7,535,44,40.12,24.13,25,37.9,0,1,10,95,95,Winter,43,Overstock
139,Product_139,Frozen,Supplier_9,1,118,57,5.04,3.34,0,18.7,1,0,8,46,143,Summer,65,Low Stock
140,Product_140,Fruits,Supplier_2,9,571,13,31.86,27.82,25,20.9,0,1,7,246,90,Spring,8,Overstock
141,Product_141,Beverages,Supplier_6,7,57,61,13.77,8.98,10,28.4,1,0,3,118,64,Rainy,72,Low Stock
142,Product_142,Meat,Supplier_8,5,136,46,23.25,18.31,20,22.9,1,1,2,97,52,Winter,44,Normal
143,Product_143,Snacks,Supplier_3,10,593,8,40.58,22.36,5,33.9,0,1,6,106,61,Spring,20,Overstock
144,Product_144,Fruits,Supplier_7,9,427,99,25.13,16.9,5,19.9,0,1,6,103,101,Rainy,106,Overstock
145,Product_145,Meat,Supplier_2,4,275,57,9.35,7.12,25,39.1,1,0,2,262,76,Spring,64,Overstock
146,Product_146,Meat,Supplier_9,4,302,47,42.96,37.53,25,20.9,1,0,9,70,105,Spring,44,Normal
147,Product_147,Meat,Supplier_10,7,564,57,29.5,21.67,25,39.3,0,0,7,158,46,Rainy,52,Overstock
148,Product_148,Frozen,Supplier_6,1,192,63,2.87,2.52,15,31.9,1,1,3,220,73,Rainy,73,Normal
149,Product_149,Vegetables,Supplier_11,2,515,99,35.76,24.63,5,37.5,1,1,1,170,70,Rainy,97,Overstock
150,Product_150,Grains,Supplier_1,9,347,80,14.58,11.97,20,24,0,0,1,39,41,Spring,82,Overstock
151,Product_151,Bakery,Supplier_9,8,328,48,14.77,13.22,5,39.5,0,1,10,193,142,Winter,57,Normal
152,Product_152,Grains,Supplier_6,10,445,13,9.92,6.04,5,26,1,1,2,22,141,Winter,18,Overstock
153,Product_153,Household,Supplier_7,5,146,62,41.17,32.02,0,34.7,1,1,7,289,147,Summer,66,Low Stock
154,Product_154,Bakery,Supplier_11,9,78,10,17.42,15.51,5,17,0,0,7,222,80,Winter,13,Low Stock
155,Product_155,Frozen,Supplier_6,7,86,29,4.41,3.34,0,17.3,1,1,7,364,86,Summer,29,Normal
156,Product_156,Dairy,Supplier_12,3,229,53,47.53,31.22,25,38.1,0,0,8,329,63,Winter,49,Overstock
157,Product_157,Household,Supplier_2,1,274,78,48.75,40.77,5,38.7,1,0,7,199,56,Summer,88,Overstock
158,Product_158,Household,Supplier_14,6,30,57,32.58,24.63,10,19.8,1,0,4,66,56,Rainy,59,Low Stock
159,Product_159,Beverages,Supplier_3,10,349,88,48.38,40.14,10,22.4,1,1,4,4,87,Rainy,87,Overstock
160,Product_160,Meat,Supplier_10,4,372,75,24.29,17.67,0,15.6,1,0,6,174,43,Summer,70,Overstock
161,Product_161,Meat,Supplier_11,1,539,84,23.82,17.74,10,21,0,1,2,327,124,Winter,85,Overstock
162,Product_162,Grains,Supplier_3,4,180,13,9.85,7.32,15,24.2,1,0,1,228,85,Winter,13,Normal
163,Product_163,Beverages,Supplier_13,6,417,51,23.3,16.43,20,22.4,0,1,10,210,126,Spring,49,Overstock
164,Product_164,Household,Supplier_10,2,422,32,8.8,7.82,5,21.9,1,0,10,270,122,Spring,29,Overstock
165,Product_165,Frozen,Supplier_12,2,256,26,44.81,26.48,5,19.7,1,1,6,106,134,Rainy,34,Normal
166,Product_166,Dairy,Supplier_3,8,302,69,29.88,26.74,20,18.1,1,0,7,25,81,Summer,74,Overstock
167,Product_167,Grains,Supplier_7,10,88,96,15.68,11.92,0,22.9,0,1,6,274,83,Spring,102,Normal
168,Product_168,Meat,Supplier_4,9,112,83,15.13,12.15,15,28.6,0,1,4,253,135,Summer,93,Low Stock
169,Product_169,Vegetables,Supplier_8,6,116,47,36.18,20.15,0,30.2,0,0,3,64,52,Rainy,50,Normal
170,Product_170,Grains,Supplier_2,9,484,12,42.16,33.75,15,29.2,0,0,6,184,91,Summer,7,Overstock
171,Product_171,Meat,Supplier_4,3,515,76,40.5,33.69,10,34.4,1,0,2,329,49,Spring,73,Overstock
172,Product_172,Dairy,Supplier_2,5,319,35,23.5,13.96,10,35.9,0,1,4,266,150,Winter,37,Normal
173,Product_173,Grains,Supplier_7,3,182,77,31.22,21.38,15,38.9,1,0,5,296,84,Spring,79,Normal
174,Product_174,Vegetables,Supplier_1,2,107,22,31.86,20.5,20,32.7,0,1,2,311,79,Rainy,26,Normal
175,Product_175,Meat,Supplier_7,6,239,8,38.72,28.6,5,29.1,1,0,5,64,123,Rainy,3,Normal
176,Product_176,Bakery,Supplier_3,6,437,54,42.06,32.99,15,24.7,1,0,6,327,118,Winter,51,Overstock
177,Product_177,Household,Supplier_7,4,33,4,28.61,23.58,15,39.3,1,1,4,90,88,Winter,10,Low Stock
178,Product_178,Snacks,Supplier_11,1,82,43,14.84,10.06,5,23.4,1,0,3,234,136,Spring,46,Low Stock
179,Product_179,Dairy,Supplier_5,2,159,83,4.42,3.61,10,15.9,0,0,3,145,125,Rainy,80,Normal
180,Product_180,Snacks,Supplier_10,8,438,32,31.3,22.91,10,35.2,0,1,4,11,61,Spring,44,Overstock
181,Product_181,Snacks,Supplier_5,4,535,10,30.51,26.28,20,38.3,1,1,4,352,132,Rainy,11,Overstock
182,Product_182,Meat,Supplier_15,1,443,22,23.75,15.34,25,34.6,0,1,5,257,46,Spring,29,Overstock
183,Product_183,Meat,Supplier_9,2,238,67,37.8,26.05,20,20.3,1,0,10,315,41,Winter,70,Overstock
184,Product_184,Bakery,Supplier_14,6,179,20,11.18,8.05,15,27.6,0,0,10,158,138,Rainy,32,Normal
185,Product_185,Bakery,Supplier_12,2,240,53,21.38,13.9,25,30.2,1,0,7,3,129,Rainy,56,Normal
186,Product_186,Vegetables,Supplier_2,9,78,79,44.29,30.13,25,38,1,0,7,146,97,Rainy,78,Low Stock
187,Product_187,Grains,Supplier_1,10,309,18,3.54,2.3,25,36.2,1,0,2,36,53,Summer,14,Overstock
188,Product_188,Meat,Supplier_14,8,45,17,6.57,5.09,0,39.4,1,0,7,39,148,Spring,23,Low Stock
189,Product_189,Grains,Supplier_11,2,593,51,1.95,1.53,25,30.4,0,1,7,336,126,Rainy,56,Overstock
190,Product_190,Dairy,Supplier_6,2,328,75,42.9,35.61,20,30,1,0,8,115,65,Spring,87,Overstock
191,Product_191,Dairy,Supplier_14,3,495,89,16.17,10.67,0,16.6,0,1,4,281,63,Summer,98,Overstock
192,Product_192,Frozen,Supplier_12,8,599,74,42.28,37.92,15,28.1,0,0,10,11,113,Summer,78,Overstock
193,Product_193,Bakery,Supplier_6,1,255,79,19.62,15.35,10,16.1,1,0,1,312,147,Spring,83,Normal
194,Product_194,Dairy,Supplier_1,2,174,68,43.55,38.3,25,35.5,0,1,7,106,45,Spring,80,Overstock
195,Product_195,Vegetables,Supplier_10,1,385,44,44.06,30.79,0,20.9,0,0,9,361,50,Rainy,40,Overstock
196,Product_196,Fruits,Supplier_4,5,578,92,37.28,30.52,25,25.8,1,0,4,67,115,Winter,92,Overstock
197,Product_197,Household,Supplier_15,1,249,9,35.86,20.83,20,39.4,1,1,7,134,61,Spring,8,Overstock
198,Product_198,Beverages,Supplier_12,10,351,93,17.87,14.82,25,25.4,1,1,4,102,135,Spring,99,Normal
199,Product_199,Grains,Supplier_5,9,66,53,42.54,28.74,25,22,0,0,1,241,82,Winter,61,Low Stock
200,Product_200,Fruits,Supplier_2,6,541,78,12.54,9.85,20,22.7,1,0,8,358,141,Winter,79,Overstock
1,Product_001,Meat,Supplier_14,3,239,17,16.26,12.98,5,37.2,1,0,3,15,48,Rainy,13,Overstock
2,Product_002,Snacks,Supplier_14,7,56,46,49.4,36.06,20,23.1,1,0,3,290,101,Rainy,51,Low Stock
3,Product_003,Frozen,Supplier_1,2,315,52,40.49,33.12,10,27.8,1,0,3,91,123,Winter,48,Normal
4,Product_004,Meat,Supplier_4,8,54,5,20.62,12.85,10,30.3,1,0,9,255,48,Summer,16,Normal
5,Product_005,Meat,Supplier_5,7,191,95,10.86,5.98,15,20.2,1,0,1,290,99,Spring,101,Normal
6,Product_006,Vegetables,Supplier_9,8,228,35,28.22,22.43,0,24.3,0,1,4,82,132,Winter,33,Normal
7,Product_007,Household,Supplier_2,1,261,28,32.18,25.33,10,31.4,0,0,4,295,42,Summer,24,Overstock
8,Product_008,Frozen,Supplier_12,6,74,74,25.7,17.36,20,19.6,0,1,6,242,142,Rainy,78,Low Stock
9,Product_009,Fruits,Supplier_4,6,304,84,3.28,2.17,25,28.1,1,0,9,351,142,Spring,91,Normal
10,Product_010,Frozen,Supplier_11,6,509,4,17.77,12.45,0,33.3,0,1,2,93,73,Spring,4,Overstock
11,Product_011,Vegetables,Supplier_6,4,291,65,3.6,2.71,0,19.6,1,1,7,57,113,Spring,73,Normal
12,Product_012,Fruits,Supplier_13,4,212,63,29,19.21,5,36,0,0,8,35,109,Summer,66,Normal
13,Product_013,Grains,Supplier_8,4,114,78,27.09,20.01,25,16.9,0,1,4,354,95,Spring,74,Normal
14,Product_014,Grains,Supplier_1,3,389,1,43.08,38.68,10,38.2,1,1,9,82,44,Spring,1,Overstock
15,Product_015,Bakery,Supplier_10,3,272,10,15.68,11.9,10,18.1,1,0,6,116,83,Rainy,16,Overstock
16,Product_016,Grains,Supplier_3,9,247,98,36.29,23.13,25,32.6,0,0,2,55,97,Summer,99,Normal
17,Product_017,Vegetables,Supplier_11,7,437,28,4.38,3.53,25,36.6,1,0,5,246,144,Rainy,35,Overstock
18,Product_018,Beverages,Supplier_8,10,186,83,45.25,29.42,5,27.6,1,0,7,57,116,Rainy,83,Normal
19,Product_019,Bakery,Supplier_6,10,568,65,1.19,0.96,0,27.6,0,1,3,120,104,Winter,77,Overstock
20,Product_020,Dairy,Supplier_11,2,335,46,23.48,13.54,20,19.6,0,0,8,223,137,Spring,43,Normal
21,Product_021,Bakery,Supplier_12,7,327,91,20.9,17.04,5,37.3,0,1,3,83,69,Summer,91,Overstock
22,Product_022,Beverages,Supplier_3,10,436,65,18.65,11.27,10,16.8,0,0,8,86,141,Winter,68,Overstock
23,Product_023,Bakery,Supplier_10,6,161,52,30,17.16,15,29.8,0,1,8,300,117,Summer,56,Normal
24,Product_024,Household,Supplier_1,4,361,34,18.7,16.59,15,26.1,1,0,3,114,68,Winter,46,Overstock
25,Product_025,Vegetables,Supplier_15,3,450,100,43.51,29.95,10,31.4,1,0,5,71,51,Winter,106,Overstock
26,Product_026,Vegetables,Supplier_14,8,464,92,48.64,41.74,0,15.5,0,0,3,225,48,Spring,96,Overstock
27,Product_027,Fruits,Supplier_7,9,322,19,49.93,41.94,10,26,1,0,2,35,43,Summer,26,Overstock
28,Product_028,Meat,Supplier_12,1,95,30,38,32.86,20,21.7,1,1,9,45,84,Rainy,36,Normal
29,Product_029,Snacks,Supplier_5,3,355,37,34.93,30.74,15,30.4,0,1,8,337,82,Spring,43,Overstock
30,Product_030,Household,Supplier_8,1,32,62,35.07,26.57,20,24.1,1,0,8,278,101,Rainy,71,Low Stock
31,Product_031,Vegetables,Supplier_12,2,254,43,7.56,6.29,25,38.6,1,1,1,192,85,Summer,47,Normal
32,Product_032,Dairy,Supplier_11,3,311,13,12.51,10.87,15,34.9,1,1,5,179,53,Rainy,10,Overstock
33,Product_033,Household,Supplier_13,4,219,6,37.03,32.1,20,24.5,0,0,3,196,88,Summer,3,Normal
34,Product_034,Vegetables,Supplier_3,5,457,12,4.84,4.23,20,34.6,1,1,2,365,101,Winter,14,Overstock
35,Product_035,Fruits,Supplier_1,5,244,88,3.41,2.65,20,27.6,0,0,6,79,117,Winter,94,Normal
36,Product_036,Frozen,Supplier_10,9,480,24,18.95,12.56,15,35.6,0,1,6,134,42,Spring,32,Overstock
37,Product_037,Household,Supplier_11,8,76,94,30.17,23.78,20,23.2,1,0,9,346,131,Rainy,104,Low Stock
38,Product_038,Vegetables,Supplier_1,5,249,51,42.29,34.93,10,15.1,0,1,7,261,59,Winter,47,Overstock
39,Product_039,Fruits,Supplier_4,2,100,59,31.96,26.57,25,35.5,1,0,4,262,86,Winter,56,Normal
40,Product_040,Fruits,Supplier_8,3,509,8,10.78,8.22,20,37.8,0,1,5,130,148,Summer,11,Overstock
41,Product_041,Meat,Supplier_9,6,380,25,3.65,2.2,5,26.9,1,1,8,284,145,Rainy,31,Normal
42,Product_042,Household,Supplier_3,1,594,3,5.47,4.63,15,21,1,1,5,108,77,Winter,6,Overstock
43,Product_043,Frozen,Supplier_14,9,545,18,28.07,20.82,10,31.9,0,0,2,330,134,Winter,25,Overstock
44,Product_044,Household,Supplier_6,7,34,9,13.92,8.44,25,22.3,0,0,3,109,65,Rainy,18,Low Stock
45,Product_045,Grains,Supplier_3,8,248,8,13.25,11.09,15,15.9,1,1,9,225,127,Summer,18,Normal
46,Product_046,Snacks,Supplier_9,2,472,24,48.21,31.61,25,22.6,0,0,1,243,109,Summer,21,Overstock
47,Product_047,Household,Supplier_6,5,118,78,34.11,21.43,20,30.7,1,1,3,329,134,Spring,73,Low Stock
48,Product_048,Snacks,Supplier_4,1,255,44,6.42,5.28,20,22.2,1,0,7,307,41,Rainy,46,Overstock
49,Product_049,Grains,Supplier_13,4,459,81,5.58,4.89,20,26,1,1,4,234,111,Spring,82,Overstock
50,Product_050,Grains,Supplier_10,4,378,64,46.89,26.25,5,18.8,1,0,10,285,75,Rainy,69,Overstock
51,Product_051,Snacks,Supplier_8,8,101,93,16.21,11.98,15,23.7,0,1,1,215,91,Summer,100,Normal
52,Product_052,Frozen,Supplier_7,1,117,23,2.59,1.52,25,27.8,1,0,7,357,94,Winter,32,Normal
53,Product_053,Vegetables,Supplier_3,6,430,13,2.64,1.81,25,35.6,1,1,7,168,139,Spring,21,Overstock
54,Product_054,Meat,Supplier_1,10,131,36,28.98,19.3,0,26.8,1,1,10,315,130,Spring,38,Normal
55,Product_055,Fruits,Supplier_14,9,134,73,27.18,24.05,20,21.5,1,1,2,173,70,Rainy,83,Normal
56,Product_056,Fruits,Supplier_9,1,378,51,13.26,8.78,25,39.1,1,1,4,338,66,Winter,52,Overstock
57,Product_057,Snacks,Supplier_5,9,522,37,8.01,5.45,20,34.6,1,1,7,328,83,Rainy,40,Overstock
58,Product_058,Snacks,Supplier_15,6,150,3,26.2,22.77,5,22.2,1,0,7,45,70,Rainy,13,Normal
59,Product_059,Snacks,Supplier_3,9,574,51,37.98,33.86,20,35.9,1,1,8,229,61,Winter,57,Overstock
60,Product_060,Meat,Supplier_14,5,438,100,4.2,2.77,15,15.4,0,0,10,352,84,Winter,98,Overstock
61,Product_061,Dairy,Supplier_13,5,243,65,15.43,11.97,10,35.7,1,0,8,69,73,Winter,76,Overstock
62,Product_062,Frozen,Supplier_13,3,89,57,21.64,12.62,10,39.8,1,0,9,335,40,Summer,57,Normal
63,Product_063,Meat,Supplier_4,7,202,85,37.76,32.11,15,35.4,0,0,2,266,88,Spring,83,Normal
64,Product_064,Frozen,Supplier_8,8,298,27,27.43,18.32,10,21.8,0,1,2,171,53,Winter,26,Overstock
65,Product_065,Snacks,Supplier_13,6,135,18,41.88,36.43,25,30.5,1,1,7,247,71,Summer,25,Normal
66,Product_066,Beverages,Supplier_10,6,529,28,45.99,40.35,0,24.2,1,1,3,305,50,Winter,30,Overstock
67,Product_067,Meat,Supplier_11,2,223,79,44.07,37.5,20,32,1,1,8,218,66,Summer,86,Overstock
68,Product_068,Bakery,Supplier_9,5,299,17,27.55,21.12,20,19.6,0,1,6,9,49,Rainy,26,Overstock
69,Product_069,Vegetables,Supplier_6,9,325,9,4.56,2.58,5,27.1,0,0,9,259,58,Winter,8,Overstock
70,Product_070,Frozen,Supplier_10,3,46,67,23.2,17.04,25,27.8,1,0,5,165,94,Summer,71,Low Stock
71,Product_071,Frozen,Supplier_14,10,50,46,24.17,14.26,10,29.4,1,0,1,242,81,Spring,53,Low Stock
72,Product_072,Frozen,Supplier_3,1,279,87,30.14,17.92,10,22.5,1,1,5,252,103,Rainy,83,Normal
73,Product_073,Beverages,Supplier_13,9,238,13,33.15,27.98,25,39.2,1,1,7,332,144,Winter,18,Normal
74,Product_074,Bakery,Supplier_12,9,378,81,36.67,20.99,0,18.9,1,1,6,319,129,Rainy,89,Normal
75,Product_075,Meat,Supplier_2,3,562,93,17.73,15.75,5,21.3,0,0,4,104,138,Winter,102,Overstock
76,Product_076,Snacks,Supplier_14,5,286,79,6.77,5.08,25,36.9,0,1,5,290,96,Summer,75,Normal
77,Product_077,Meat,Supplier_11,1,513,59,24.52,18.08,0,27.5,1,1,10,90,122,Winter,67,Overstock
78,Product_078,Bakery,Supplier_11,5,240,22,3.45,2.89,20,28.9,0,0,10,8,65,Rainy,29,Overstock
79,Product_079,Vegetables,Supplier_14,4,454,66,2.36,2.01,10,37.8,1,1,1,353,41,Summer,66,Overstock
80,Product_080,Snacks,Supplier_1,4,321,32,20.69,11.61,15,35.5,0,0,9,37,110,Rainy,41,Normal
81,Product_081,Dairy,Supplier_3,9,44,80,23.1,18.09,15,27.6,1,1,3,16,110,Winter,75,Low Stock
82,Product_082,Meat,Supplier_14,5,70,94,16.31,9.87,5,32.9,0,0,7,208,70,Spring,93,Normal
83,Product_083,Bakery,Supplier_10,7,559,75,31.24,22.04,25,19.5,0,0,8,185,70,Winter,81,Overstock
84,Product_084,Frozen,Supplier_1,4,295,19,27.3,23.21,20,26.2,1,1,9,231,128,Winter,24,Normal
85,Product_085,Meat,Supplier_1,2,403,18,22.5,18.22,0,36.8,0,0,6,299,48,Summer,21,Overstock
86,Product_086,Meat,Supplier_2,5,125,67,14.15,12.56,0,31,0,1,4,214,135,Spring,76,Low Stock
87,Product_087,Snacks,Supplier_10,5,201,36,25.67,17.14,0,25.2,1,1,4,261,122,Rainy,41,Normal
88,Product_088,Beverages,Supplier_9,2,550,21,38.92,34.47,20,27.5,1,1,1,87,116,Spring,18,Overstock
89,Product_089,Household,Supplier_13,1,234,97,43.93,39.22,10,35.4,0,0,1,360,98,Spring,104,Normal
90,Product_090,Dairy,Supplier_8,5,327,33,30.32,26.13,5,29.3,1,1,2,335,99,Spring,37,Overstock
91,Product_091,Snacks,Supplier_14,5,379,19,43.37,31.01,15,18.9,0,1,10,156,121,Summer,15,Overstock
92,Product_092,Snacks,Supplier_10,5,528,68,10.63,9.4,0,26.6,1,1,10,205,109,Winter,66,Overstock
93,Product_093,Meat,Supplier_11,10,438,81,36.27,26.97,5,37.7,1,0,8,14,88,Summer,88,Overstock
94,Product_094,Grains,Supplier_7,5,355,8,29.65,18.61,20,19.7,0,1,10,257,72,Winter,17,Overstock
95,Product_095,Grains,Supplier_1,5,232,43,14.74,12.52,5,39,0,0,3,108,88,Spring,38,Normal
96,Product_096,Meat,Supplier_2,6,184,32,40.09,26.87,10,23.6,0,1,6,328,141,Spring,33,Normal
97,Product_097,Meat,Supplier_12,9,471,97,11.38,8.49,5,17.7,1,1,1,126,68,Summer,108,Overstock
98,Product_098,Beverages,Supplier_1,8,489,58,23.34,13.85,15,31.8,1,1,2,168,46,Spring,66,Overstock
99,Product_099,Meat,Supplier_13,10,515,29,5.97,3.94,20,20.6,1,1,3,121,54,Spring,35,Overstock
100,Product_100,Vegetables,Supplier_12,3,588,47,19.67,15.64,25,28.8,1,0,10,174,60,Rainy,51,Overstock
101,Product_101,Vegetables,Supplier_15,10,567,8,46.22,33.92,25,27.2,0,1,1,10,61,Spring,12,Overstock
102,Product_102,Dairy,Supplier_12,1,115,72,44.64,39.78,0,26.8,1,0,10,142,42,Winter,79,Normal
103,Product_103,Grains,Supplier_11,4,84,27,7.39,4.1,20,34.9,0,1,3,152,115,Summer,34,Low Stock
104,Product_104,Bakery,Supplier_14,7,301,5,12.28,9.93,15,17.9,0,0,5,327,123,Spring,1,Normal
105,Product_105,Meat,Supplier_2,1,421,82,44.11,30.88,10,27.4,0,0,1,81,77,Summer,93,Overstock
106,Product_106,Dairy,Supplier_5,1,132,42,49.18,37.93,10,28.6,0,1,3,32,82,Summer,49,Normal
107,Product_107,Meat,Supplier_3,2,320,27,8.37,4.62,10,33.8,1,0,7,282,41,Spring,26,Overstock
108,Product_108,Beverages,Supplier_2,3,494,11,32.74,20.86,10,30.1,1,0,9,105,148,Spring,23,Overstock
109,Product_109,Frozen,Supplier_9,4,45,97,22.83,18.87,15,22.7,0,0,10,73,118,Rainy,93,Low Stock
110,Product_110,Bakery,Supplier_8,4,429,81,43.34,29.74,20,24.1,1,1,1,293,118,Rainy,91,Overstock
111,Product_111,Household,Supplier_12,1,161,97,6.07,5.42,15,31.8,1,0,1,202,44,Summer,98,Overstock
112,Product_112,Fruits,Supplier_15,2,45,88,33.16,18.49,10,32.8,0,1,7,332,100,Summer,88,Low Stock
113,Product_113,Vegetables,Supplier_5,4,552,20,12.13,6.68,20,17.8,1,1,6,139,126,Spring,24,Overstock
114,Product_114,Household,Supplier_8,2,280,22,44.95,29.52,10,35.7,0,0,9,65,148,Winter,33,Normal
115,Product_115,Grains,Supplier_2,8,105,33,23.37,13.55,5,21.3,1,0,10,127,92,Summer,45,Normal
116,Product_116,Snacks,Supplier_10,3,132,80,28.15,18.2,25,24.2,1,0,7,196,65,Winter,80,Normal
117,Product_117,Household,Supplier_3,8,60,76,27.69,20.8,15,29.2,0,1,10,191,112,Winter,88,Low Stock
118,Product_118,Household,Supplier_5,4,115,20,18.05,10.69,15,35.5,0,1,3,143,58,Rainy,27,Normal
119,Product_119,Bakery,Supplier_9,10,253,84,3.06,2.57,10,27,1,1,2,313,107,Winter,83,Normal
120,Product_120,Frozen,Supplier_12,3,389,45,17.31,10.33,15,36.9,0,1,2,149,145,Rainy,42,Normal
121,Product_121,Frozen,Supplier_10,2,114,27,20.92,13.38,0,27,0,0,4,289,99,Rainy,38,Normal
122,Product_122,Beverages,Supplier_8,5,278,87,18.59,16.23,5,31.6,0,1,4,209,141,Summer,92,Normal
123,Product_123,Frozen,Supplier_12,10,336,52,36.32,24.95,10,36.8,1,0,4,341,122,Summer,61,Normal
124,Product_124,Household,Supplier_9,2,514,15,18.59,14.99,20,19.3,0,1,4,319,137,Spring,11,Overstock
125,Product_125,Bakery,Supplier_4,7,226,78,14.1,11.84,15,25.3,1,1,4,134,48,Rainy,79,Overstock
126,Product_126,Bakery,Supplier_8,5,442,62,8.8,5.46,0,39.6,0,0,2,349,91,Summer,60,Overstock
127,Product_127,Household,Supplier_12,4,79,16,19.78,14.29,15,27.5,0,1,6,198,55,Rainy,18,Normal
128,Product_128,Beverages,Supplier_10,1,523,64,1.46,0.94,25,34.1,1,1,8,111,115,Summer,64,Overstock
129,Product_129,Meat,Supplier_4,2,119,62,47.01,27.73,15,27.4,0,0,5,86,149,Summer,71,Low Stock
130,Product_130,Grains,Supplier_11,5,319,24,25.69,22.32,15,38.9,1,0,6,47,60,Spring,21,Overstock
131,Product_131,Fruits,Supplier_7,4,491,32,37.09,24.5,5,25.5,0,0,4,358,137,Spring,30,Overstock
132,Product_132,Bakery,Supplier_15,4,202,19,33.56,20.22,0,26.9,0,0,4,76,81,Summer,16,Normal
133,Product_133,Beverages,Supplier_5,10,543,51,27.74,17.2,0,25.4,1,0,7,99,103,Rainy,61,Overstock
134,Product_134,Frozen,Supplier_6,3,563,78,24.91,18.33,10,29,1,1,2,233,137,Summer,73,Overstock
135,Product_135,Dairy,Supplier_5,7,365,55,23.53,16.81,25,26.9,0,1,9,109,101,Summer,65,Overstock
136,Product_136,Grains,Supplier_5,7,520,88,22.02,15.15,10,20.8,0,1,2,93,116,Summer,93,Overstock
137,Product_137,Vegetables,Supplier_8,4,260,97,11.86,7.71,5,28,1,1,2,129,73,Summer,105,Overstock
138,Product_138,Snacks,Supplier_3,6,318,43,24,19.35,15,20.9,0,1,7,95,112,Spring,42,Normal
139,Product_139,Frozen,Supplier_13,4,457,71,49.5,42.85,5,37.6,0,1,10,273,61,Rainy,79,Overstock
140,Product_140,Fruits,Supplier_10,3,330,27,43.54,30.53,25,25.3,0,1,9,330,121,Winter,24,Normal
141,Product_141,Beverages,Supplier_2,6,537,55,17.44,10.35,0,29.2,0,1,5,266,150,Summer,50,Overstock
142,Product_142,Meat,Supplier_12,9,403,39,23.76,13.53,25,28.5,1,0,3,235,102,Rainy,49,Overstock
143,Product_143,Snacks,Supplier_13,10,431,91,20.5,12.32,5,36.6,1,1,8,211,143,Summer,90,Overstock
144,Product_144,Fruits,Supplier_12,1,275,43,4.05,3.37,20,25.8,1,0,9,362,40,Spring,48,Overstock
145,Product_145,Meat,Supplier_9,1,159,46,34.82,28.77,0,36.5,1,0,5,360,100,Rainy,58,Normal
146,Product_146,Meat,Supplier_13,4,569,71,14.9,8.95,10,39.1,0,1,9,112,43,Spring,73,Overstock
147,Product_147,Meat,Supplier_3,3,580,88,36.26,32.11,25,31.5,0,1,5,227,117,Rainy,96,Overstock
148,Product_148,Frozen,Supplier_1,9,98,40,17.47,13.46,20,34.3,1,0,2,7,57,Rainy,49,Normal
149,Product_149,Vegetables,Supplier_3,10,474,91,13.31,9.32,20,20.6,0,0,5,106,106,Winter,95,Overstock
150,Product_150,Grains,Supplier_9,8,284,75,1.57,1.01,10,25.5,0,0,6,185,142,Summer,79,Normal
151,Product_151,Bakery,Supplier_8,6,192,49,5.64,4.05,10,32.8,1,1,7,43,137,Summer,50,Normal
152,Product_152,Grains,Supplier_9,8,188,23,29.56,22.5,20,26.6,0,1,4,348,98,Summer,27,Normal
153,Product_153,Household,Supplier_12,5,365,11,3.37,1.97,0,38.5,1,0,6,196,126,Winter,15,Normal
154,Product_154,Bakery,Supplier_2,7,418,67,25.5,19.49,15,26,1,0,7,305,110,Winter,63,Overstock
155,Product_155,Frozen,Supplier_6,5,166,55,27.66,18.35,15,37.8,0,0,1,233,74,Winter,57,Normal
156,Product_156,Dairy,Supplier_13,7,40,5,32.03,21.58,25,29.7,1,1,2,204,84,Winter,13,Low Stock
157,Product_157,Household,Supplier_7,3,85,8,33.79,28.93,5,39.2,0,0,10,243,108,Winter,3,Low Stock
158,Product_158,Household,Supplier_8,10,576,4,12.55,7.18,15,35.2,1,1,4,114,74,Rainy,11,Overstock
159,Product_159,Beverages,Supplier_8,3,67,89,1.47,1.27,25,22.4,0,1,2,227,129,Summer,84,Low Stock
160,Product_160,Meat,Supplier_9,1,108,77,44.74,36.58,25,30.6,0,1,9,305,67,Summer,73,Normal
161,Product_161,Meat,Supplier_15,7,579,98,42.87,29.37,25,20.7,1,1,4,324,40,Rainy,104,Overstock
162,Product_162,Grains,Supplier_1,6,79,57,3.97,3.49,0,21.6,0,1,5,338,131,Spring,62,Low Stock
163,Product_163,Beverages,Supplier_4,8,38,48,45.06,33.77,0,27.9,1,0,3,349,110,Winter,60,Low Stock
164,Product_164,Household,Supplier_11,4,275,66,42.38,26.01,15,20.5,1,1,4,78,65,Rainy,73,Overstock
165,Product_165,Frozen,Supplier_7,1,213,17,38.54,29.74,5,23.7,0,0,6,178,94,Rainy,13,Normal
166,Product_166,Dairy,Supplier_2,9,366,79,18.42,10.47,20,31.8,1,0,3,168,89,Summer,82,Overstock
167,Product_167,Grains,Supplier_15,8,124,6,12.38,6.97,20,22.7,1,1,1,346,143,Rainy,17,Low Stock
168,Product_168,Meat,Supplier_10,9,303,51,37.25,24.15,5,23.4,0,0,7,283,51,Spring,49,Overstock
169,Product_169,Vegetables,Supplier_4,8,145,60,5.79,3.47,25,30.4,1,1,10,28,72,Rainy,69,Normal
170,Product_170,Grains,Supplier_1,2,323,10,28.31,21.76,20,16.3,0,0,6,308,144,Spring,7,Normal
171,Product_171,Meat,Supplier_8,7,562,91,24.6,16.08,25,21.5,1,0,4,121,136,Winter,94,Overstock
172,Product_172,Dairy,Supplier_6,10,40,11,45.52,34.92,15,33.1,0,1,6,98,63,Rainy,18,Low Stock
173,Product_173,Grains,Supplier_6,3,32,6,29.36,19.84,15,34.8,0,1,8,100,135,Spring,10,Low Stock
174,Product_174,Vegetables,Supplier_2,3,317,35,40.54,26.7,15,36.9,0,0,1,255,110,Summer,36,Normal
175,Product_175,Meat,Supplier_15,8,372,50,35.85,20.92,10,40,0,0,1,313,94,Spring,45,Overstock
176,Product_176,Bakery,Supplier_7,5,51,77,34.67,20.03,20,23.2,0,0,8,265,89,Spring,72,Low Stock
177,Product_177,Household,Supplier_4,10,266,42,42.54,34.47,25,31.3,1,1,10,187,98,Spring,53,Normal
178,Product_178,Snacks,Supplier_10,3,329,68,20.07,15.53,10,37.3,1,0,4,11,138,Spring,80,Normal
179,Product_179,Dairy,Supplier_15,1,335,36,21.84,13.8,20,19.8,1,0,4,251,100,Rainy,32,Overstock
180,Product_180,Snacks,Supplier_14,5,56,51,17.61,15.85,15,23.9,0,1,6,202,74,Rainy,60,Low Stock
181,Product_181,Snacks,Supplier_15,10,359,64,43.87,24.85,15,36.3,1,0,5,359,54,Winter,67,Overstock
182,Product_182,Meat,Supplier_6,5,140,3,26.44,23.23,0,16.6,1,1,6,114,110,Rainy,10,Normal
183,Product_183,Meat,Supplier_8,5,42,77,28.5,16.44,25,26.4,0,1,9,111,61,Rainy,88,Low Stock
184,Product_184,Bakery,Supplier_8,8,553,85,47.3,32.34,0,39.5,1,0,8,79,55,Spring,92,Overstock
185,Product_185,Bakery,Supplier_5,9,219,35,31.77,23.68,0,19.6,0,1,5,257,107,Summer,42,Normal
186,Product_186,Vegetables,Supplier_10,7,237,74,1.17,0.91,25,29.3,0,1,4,141,62,Summer,78,Overstock
187,Product_187,Grains,Supplier_12,4,319,53,16.04,12.49,25,25,1,1,7,189,70,Winter,62,Overstock
188,Product_188,Meat,Supplier_3,3,311,52,11.17,8.81,0,34.1,0,0,10,86,95,Spring,48,Overstock
189,Product_189,Grains,Supplier_7,10,409,89,1.13,0.96,25,30.5,0,1,3,219,49,Spring,92,Overstock
190,Product_190,Dairy,Supplier_3,9,573,4,37.01,24.26,20,35.4,1,0,3,42,118,Spring,15,Overstock
191,Product_191,Dairy,Supplier_12,6,576,88,20.49,16.57,5,38.3,1,1,3,84,56,Winter,91,Overstock
192,Product_192,Frozen,Supplier_3,1,463,98,4.91,2.72,10,16.8,0,1,3,108,79,Winter,95,Overstock
193,Product_193,Bakery,Supplier_12,5,446,56,21.8,15.73,0,26.2,0,1,3,85,45,Winter,66,Overstock
194,Product_194,Dairy,Supplier_1,2,76,55,16.96,12.43,25,22.8,0,1,1,28,73,Rainy,64,Normal
195,Product_195,Vegetables,Supplier_5,3,360,51,30.35,18.44,15,15.4,1,0,4,320,131,Summer,50,Normal
196,Product_196,Fruits,Supplier_11,9,56,21,21.13,18.51,5,16.7,0,0,7,67,56,Summer,18,Normal
197,Product_197,Household,Supplier_4,6,219,80,25.89,21.44,5,21.5,0,0,4,200,133,Winter,76,Normal
198,Product_198,Beverages,Supplier_15,5,299,8,19.86,17.51,25,35.6,0,0,4,89,53,Winter,18,Overstock
199,Product_199,Grains,Supplier_6,1,559,56,26.72,17.49,5,25.7,0,1,7,68,115,Winter,51,Overstock
200,Product_200,Fruits,Supplier_4,1,240,88,42.43,31.06,5,17.5,0,0,6,126,145,Summer,89,Normal
1,Product_001,Meat,Supplier_8,10,417,34,15.56,9.21,10,21.4,1,0,3,50,67,Rainy,41,Overstock
2,Product_002,Snacks,Supplier_13,2,58,6,7.07,5.95,10,28.8,1,0,6,80,92,Winter,9,Low Stock
3,Product_003,Frozen,Supplier_15,6,538,31,22.9,13.33,20,30.3,1,0,3,45,45,Rainy,38,Overstock
4,Product_004,Meat,Supplier_1,4,568,55,3.34,2.1,20,28.2,0,1,1,65,65,Rainy,52,Overstock
5,Product_005,Meat,Supplier_10,6,582,44,44.14,38.53,20,26.2,1,0,4,170,139,Spring,53,Overstock
6,Product_006,Vegetables,Supplier_10,5,396,68,10.24,8.43,10,31,0,1,4,358,77,Rainy,73,Overstock
7,Product_007,Household,Supplier_14,9,312,47,26.3,19.35,10,20.9,0,1,6,111,48,Spring,42,Overstock
8,Product_008,Frozen,Supplier_1,10,424,70,39.88,35.78,25,21.1,0,1,2,225,129,Rainy,67,Overstock
9,Product_009,Fruits,Supplier_10,5,295,80,10.01,6.29,15,36.6,0,0,9,289,42,Winter,84,Overstock
10,Product_010,Frozen,Supplier_9,1,127,27,8.04,4.95,5,37.7,0,0,8,315,55,Rainy,34,Normal
11,Product_011,Vegetables,Supplier_9,5,101,45,31.08,24.13,10,19.4,0,0,9,303,91,Rainy,46,Normal
12,Product_012,Fruits,Supplier_1,9,536,90,31.05,23.99,25,15.9,1,1,6,193,48,Winter,100,Overstock
13,Product_013,Grains,Supplier_12,5,121,72,1.66,1.03,15,30.4,1,1,4,37,54,Summer,81,Normal
14,Product_014,Grains,Supplier_9,7,328,62,10.08,7.16,20,19.2,1,1,7,156,132,Spring,74,Normal
15,Product_015,Bakery,Supplier_5,7,463,28,28.87,23.6,15,37.6,1,1,3,182,64,Rainy,37,Overstock
16,Product_016,Grains,Supplier_12,10,147,13,8.76,6.73,10,19.7,0,0,3,23,122,Rainy,10,Normal
17,Product_017,Vegetables,Supplier_9,2,272,38,17.41,12.34,10,18.8,0,0,1,251,95,Rainy,45,Normal
18,Product_018,Beverages,Supplier_8,6,536,4,25.04,16.8,0,30.1,0,0,8,270,96,Rainy,2,Overstock
19,Product_019,Bakery,Supplier_10,5,452,22,29.73,24.01,20,22.6,1,1,6,25,43,Summer,34,Overstock
20,Product_020,Dairy,Supplier_9,5,291,17,22.89,14.7,25,39,1,0,8,238,67,Summer,27,Overstock
21,Product_021,Bakery,Supplier_7,8,164,74,45.21,26.75,5,27.9,0,0,4,60,88,Spring,71,Normal
22,Product_022,Beverages,Supplier_6,3,182,95,2.96,2.23,25,29.4,1,1,6,284,52,Spring,91,Overstock
23,Product_023,Bakery,Supplier_15,5,154,61,14.16,8.59,0,37.3,0,1,8,50,107,Winter,71,Normal
24,Product_024,Household,Supplier_11,8,70,85,17.06,14.93,5,17.5,0,1,7,191,58,Rainy,88,Normal
25,Product_025,Vegetables,Supplier_9,7,248,15,45.55,27.35,25,18,1,0,8,358,90,Winter,14,Normal
26,Product_026,Vegetables,Supplier_2,10,48,35,15.36,9.74,0,16,0,0,4,362,89,Summer,40,Low Stock
27,Product_027,Fruits,Supplier_2,9,281,26,24.07,18.81,0,28,0,0,1,172,149,Rainy,29,Normal
28,Product_028,Meat,Supplier_2,9,273,68,47.87,36.17,10,30.1,1,0,3,222,79,Rainy,71,Overstock
29,Product_029,Snacks,Supplier_4,7,30,69,23.3,17.39,5,24.7,1,0,4,310,103,Rainy,67,Low Stock
30,Product_030,Household,Supplier_4,8,207,78,2.4,1.73,20,38.9,0,0,8,25,131,Rainy,77,Normal
31,Product_031,Vegetables,Supplier_15,6,515,85,33.64,29.46,5,32.5,1,0,3,100,115,Rainy,84,Overstock
32,Product_032,Dairy,Supplier_4,8,95,16,25.16,17.89,0,31.1,0,1,2,231,100,Winter,17,Low Stock
33,Product_033,Household,Supplier_6,7,96,27,22.43,12.67,0,28.9,0,1,7,156,51,Summer,38,Normal
34,Product_034,Vegetables,Supplier_5,4,270,86,46.6,31.64,5,25.8,0,1,1,205,90,Spring,81,Normal
35,Product_035,Fruits,Supplier_12,8,406,72,2.03,1.2,10,22.3,0,1,2,236,108,Winter,78,Overstock
36,Product_036,Frozen,Supplier_1,6,407,59,3.43,2.16,15,15.7,0,0,2,238,55,Spring,59,Overstock
37,Product_037,Household,Supplier_8,3,462,42,49.65,42.45,0,27.5,0,1,7,113,91,Rainy,47,Overstock
38,Product_038,Vegetables,Supplier_13,2,351,20,12.79,10.9,20,17,1,1,7,360,71,Spring,25,Overstock
39,Product_039,Fruits,Supplier_3,1,59,52,9.49,7.37,0,31.1,1,0,5,176,108,Summer,59,Low Stock
40,Product_040,Fruits,Supplier_6,10,410,98,21.52,18.8,20,28.4,0,0,4,330,122,Winter,95,Overstock
41,Product_041,Meat,Supplier_3,2,451,18,41.43,24.6,15,30.7,0,1,3,161,58,Winter,27,Overstock
42,Product_042,Household,Supplier_13,8,130,98,30.95,25.55,25,27.8,1,1,9,13,83,Rainy,108,Normal
43,Product_043,Frozen,Supplier_3,8,263,91,13.47,10.92,0,36.1,1,0,8,74,104,Winter,92,Normal
44,Product_044,Household,Supplier_10,4,83,22,18.15,15.01,25,38.8,1,1,6,192,97,Summer,23,Low Stock
45,Product_045,Grains,Supplier_10,9,376,53,48.47,31.94,10,19.8,0,1,1,305,44,Summer,65,Overstock
46,Product_046,Snacks,Supplier_8,4,343,7,20.13,14.75,25,18,1,0,10,258,128,Winter,11,Normal
47,Product_047,Household,Supplier_10,5,393,37,16.36,9.19,15,37.2,1,1,8,206,66,Winter,48,Overstock
48,Product_048,Snacks,Supplier_4,10,38,64,37.39,24.48,25,25.1,1,1,10,347,102,Summer,72,Low Stock
49,Product_049,Grains,Supplier_3,6,32,47,16.89,15.13,20,32.7,1,0,6,147,67,Rainy,45,Low Stock
50,Product_050,Grains,Supplier_12,3,515,81,2.34,1.76,10,18.5,1,1,1,225,110,Rainy,85,Overstock
51,Product_051,Snacks,Supplier_5,9,37,18,41.21,32.73,20,15.2,0,1,6,19,70,Rainy,24,Low Stock
52,Product_052,Frozen,Supplier_2,9,304,20,7.87,6.01,15,25.4,1,0,4,73,96,Summer,23,Overstock
53,Product_053,Vegetables,Supplier_13,1,484,40,4.24,3.67,20,37.3,1,1,5,133,102,Spring,48,Overstock
54,Product_054,Meat,Supplier_8,5,203,13,41.51,26.11,25,39.5,1,1,7,95,75,Spring,18,Normal
55,Product_055,Fruits,Supplier_6,6,102,85,12.08,8.39,25,24.7,0,1,1,301,104,Summer,86,Low Stock
56,Product_056,Fruits,Supplier_2,6,347,25,11.93,7.87,5,16.3,0,0,4,353,60,Winter,30,Overstock
57,Product_057,Snacks,Supplier_11,9,153,99,24.69,14.34,25,18,0,1,10,161,64,Rainy,105,Normal
58,Product_058,Snacks,Supplier_3,7,553,79,32.43,25.07,0,21.5,1,0,2,27,40,Winter,75,Overstock
59,Product_059,Snacks,Supplier_2,3,55,74,37.7,23.74,15,29.4,0,0,6,15,122,Winter,72,Low Stock
60,Product_060,Meat,Supplier_1,8,59,23,36.1,22.53,15,20.3,0,0,2,51,93,Summer,27,Low Stock
61,Product_061,Dairy,Supplier_12,4,555,100,48.52,39.27,20,22,1,0,7,202,90,Rainy,110,Overstock
62,Product_062,Frozen,Supplier_13,9,418,5,14.68,9.52,5,23.7,0,0,8,286,110,Rainy,11,Overstock
63,Product_063,Meat,Supplier_13,3,528,61,41.31,25.31,15,33.7,0,0,8,319,77,Spring,67,Overstock
64,Product_064,Frozen,Supplier_8,5,429,26,48.59,36.82,0,37.8,0,1,4,277,130,Winter,23,Overstock
65,Product_065,Snacks,Supplier_11,9,89,29,39.76,31.18,0,17.1,0,0,1,125,123,Rainy,25,Low Stock
66,Product_066,Beverages,Supplier_2,3,312,91,35.62,26.52,20,25.1,1,1,3,304,96,Rainy,90,Overstock
67,Product_067,Meat,Supplier_9,10,407,31,17.47,13.36,15,21,1,1,10,38,67,Winter,31,Overstock
68,Product_068,Bakery,Supplier_5,9,495,37,37.14,25.64,0,39.4,1,0,6,221,99,Spring,36,Overstock
69,Product_069,Vegetables,Supplier_13,6,201,57,23.14,14.58,25,23.1,0,1,6,156,114,Winter,59,Normal
70,Product_070,Frozen,Supplier_2,1,429,39,32.86,27.09,0,26,0,0,6,187,107,Winter,45,Overstock
71,Product_071,Frozen,Supplier_10,7,313,64,31.08,25.47,20,23.1,0,0,4,310,51,Rainy,74,Overstock
72,Product_072,Frozen,Supplier_12,6,441,5,22.87,18.73,20,38.5,0,1,1,146,80,Summer,7,Overstock
73,Product_073,Beverages,Supplier_1,1,243,56,16.83,13.12,15,22.8,0,1,8,362,81,Spring,56,Normal
74,Product_074,Bakery,Supplier_12,9,424,30,20.58,16.6,20,27.3,1,1,7,263,83,Summer,36,Overstock
75,Product_075,Meat,Supplier_8,6,53,97,8.42,7.49,20,20.4,1,1,4,155,128,Summer,95,Low Stock
76,Product_076,Snacks,Supplier_14,5,68,89,5.47,3.5,0,23,0,0,3,183,64,Winter,84,Normal
77,Product_077,Meat,Supplier_11,6,428,51,8.38,7.17,25,36.3,1,0,1,338,54,Summer,62,Overstock
78,Product_078,Bakery,Supplier_15,7,331,80,34.96,22.19,20,32.1,1,0,6,78,79,Rainy,84,Overstock
79,Product_079,Vegetables,Supplier_9,2,587,24,31.98,24.8,5,39.3,0,1,4,251,52,Spring,31,Overstock
80,Product_080,Snacks,Supplier_15,7,243,79,34.02,24.31,15,37.3,0,0,6,29,66,Summer,84,Overstock
81,Product_081,Dairy,Supplier_2,3,142,12,40.55,30.56,5,35.3,0,0,10,40,128,Rainy,7,Normal
82,Product_082,Meat,Supplier_12,6,97,65,6.78,3.82,5,26.8,0,0,1,53,107,Summer,64,Low Stock
83,Product_083,Bakery,Supplier_7,7,600,11,34.42,28.78,10,31.1,0,0,2,143,138,Rainy,20,Overstock
84,Product_084,Frozen,Supplier_13,9,589,79,22.05,13.07,10,37.4,1,1,7,93,134,Summer,81,Overstock
85,Product_085,Meat,Supplier_11,4,556,19,41.63,29.1,5,32.4,0,0,1,261,101,Rainy,29,Overstock
86,Product_086,Meat,Supplier_13,3,90,31,20.48,13.87,20,30.3,1,1,6,127,124,Rainy,28,Low Stock
87,Product_087,Snacks,Supplier_3,1,209,79,15.99,9.84,5,22.3,1,1,5,49,92,Spring,79,Normal
88,Product_088,Beverages,Supplier_1,6,306,3,7.24,4.51,20,29.4,0,1,1,42,138,Winter,3,Normal
89,Product_089,Household,Supplier_15,8,129,43,8.19,4.84,15,18.9,0,1,7,188,40,Spring,46,Overstock
90,Product_090,Dairy,Supplier_12,5,337,2,49.64,34.41,15,28.9,1,1,3,331,149,Spring,13,Normal
91,Product_091,Snacks,Supplier_5,4,570,19,17.36,9.76,15,19.1,0,1,2,169,53,Rainy,27,Overstock
92,Product_092,Snacks,Supplier_2,7,594,82,13.64,10.4,0,37.8,0,1,7,111,126,Winter,86,Overstock
93,Product_093,Meat,Supplier_14,6,465,99,22.58,16.58,5,33.5,1,1,7,265,49,Summer,94,Overstock
94,Product_094,Grains,Supplier_10,1,326,12,4.82,3.01,10,23.1,0,0,6,239,49,Winter,24,Overstock
95,Product_095,Grains,Supplier_11,5,509,98,12.38,8.2,0,39.5,1,0,4,357,87,Spring,101,Overstock
96,Product_096,Meat,Supplier_5,2,310,99,35.96,27.17,5,15.1,0,1,4,33,50,Spring,107,Overstock
97,Product_097,Meat,Supplier_3,8,244,85,17.45,14.04,5,37,0,0,9,51,128,Spring,80,Normal
98,Product_098,Beverages,Supplier_12,2,420,31,5.4,3.34,15,37.4,0,1,7,105,103,Summer,40,Overstock
99,Product_099,Meat,Supplier_4,6,344,92,49.72,41.29,25,25.6,1,0,3,317,55,Spring,95,Overstock
100,Product_100,Vegetables,Supplier_12,2,140,52,42.35,29.5,25,39.5,1,1,3,300,81,Rainy,52,Normal
101,Product_101,Vegetables,Supplier_7,1,424,7,41.64,28.33,10,24.3,0,0,3,73,57,Spring,14,Overstock
102,Product_102,Dairy,Supplier_5,3,402,11,13.76,8.93,20,16.1,1,1,9,208,136,Winter,7,Normal
103,Product_103,Grains,Supplier_1,6,239,65,13.62,8.5,0,25.5,1,0,1,165,59,Spring,72,Overstock
104,Product_104,Bakery,Supplier_12,8,434,7,8.62,6.59,15,29.9,1,1,7,201,82,Rainy,13,Overstock
105,Product_105,Meat,Supplier_11,7,535,85,13.8,9.34,15,32.6,0,0,10,137,54,Summer,90,Overstock
106,Product_106,Dairy,Supplier_7,7,593,19,46.48,29.79,15,34.7,0,1,7,127,97,Winter,29,Overstock
107,Product_107,Meat,Supplier_1,8,508,21,37.7,25.84,20,32,0,0,8,329,55,Summer,21,Overstock
108,Product_108,Beverages,Supplier_13,6,545,32,2.29,1.26,20,21.8,0,0,1,20,142,Spring,33,Overstock
109,Product_109,Frozen,Supplier_12,1,125,34,5.26,4.26,10,15.4,0,1,1,338,73,Spring,31,Normal
110,Product_110,Bakery,Supplier_8,4,548,50,36.18,21.33,5,36.5,0,0,5,52,77,Rainy,51,Overstock
111,Product_111,Household,Supplier_12,4,170,67,19.15,14.41,25,25.1,1,1,8,288,122,Winter,63,Normal
112,Product_112,Fruits,Supplier_11,1,361,60,24.51,20.05,5,18.8,0,0,1,136,43,Rainy,69,Overstock
113,Product_113,Vegetables,Supplier_13,8,513,19,2.3,1.61,10,22.8,1,0,8,88,126,Winter,21,Overstock
114,Product_114,Household,Supplier_2,7,433,91,21.85,17.8,15,32.5,0,0,6,348,71,Winter,93,Overstock
115,Product_115,Grains,Supplier_7,2,373,88,44.03,31.01,0,16,1,0,7,233,138,Winter,84,Normal
116,Product_116,Snacks,Supplier_1,4,235,49,6.41,5.61,0,27.8,0,1,9,10,42,Winter,45,Overstock
117,Product_117,Household,Supplier_11,3,519,30,9.97,5.95,20,34.9,1,1,8,154,110,Winter,36,Overstock
118,Product_118,Household,Supplier_14,7,425,35,16.22,9.27,20,20.2,0,1,10,64,118,Winter,32,Overstock
119,Product_119,Bakery,Supplier_1,5,564,4,5.73,4.05,0,39.6,0,0,1,347,63,Rainy,1,Overstock
120,Product_120,Frozen,Supplier_14,9,136,48,32.77,26.54,5,15.1,1,0,7,107,114,Rainy,58,Normal
121,Product_121,Frozen,Supplier_15,9,206,47,3.92,2.53,15,24.2,1,1,8,223,89,Summer,50,Normal
122,Product_122,Beverages,Supplier_11,3,212,17,24.56,20.71,25,17.8,0,0,4,91,78,Winter,26,Normal
123,Product_123,Frozen,Supplier_10,3,319,64,36.57,28.2,10,38.7,0,1,3,100,56,Summer,72,Overstock
124,Product_124,Household,Supplier_14,5,539,48,26.04,17.99,15,24.7,0,1,4,304,92,Winter,58,Overstock
125,Product_125,Bakery,Supplier_13,10,198,11,26.67,20.43,20,16.7,1,0,1,69,42,Winter,11,Overstock
126,Product_126,Bakery,Supplier_13,4,515,70,14.98,12.29,0,26.7,1,0,3,262,89,Spring,77,Overstock
127,Product_127,Household,Supplier_11,4,453,95,35.65,28.94,5,35.4,0,0,7,217,60,Winter,101,Overstock
128,Product_128,Beverages,Supplier_6,8,371,31,47.94,38.85,25,24.7,1,1,8,280,108,Winter,33,Overstock
129,Product_129,Meat,Supplier_15,1,575,61,10.37,8.72,5,25.3,1,1,7,321,124,Summer,67,Overstock
130,Product_130,Grains,Supplier_13,1,538,10,8.68,6.09,20,34.7,0,1,10,19,133,Winter,11,Overstock
131,Product_131,Fruits,Supplier_1,1,324,60,44.81,29.03,10,23.8,0,0,6,101,86,Winter,67,Overstock
132,Product_132,Bakery,Supplier_15,9,368,28,1.25,0.93,15,29.1,0,1,8,131,85,Winter,23,Overstock
133,Product_133,Beverages,Supplier_4,1,399,44,39.05,26.97,10,25.3,0,0,4,46,148,Summer,53,Normal
134,Product_134,Frozen,Supplier_2,7,167,2,23.01,15.23,10,17.5,0,0,6,135,50,Summer,3,Overstock
135,Product_135,Dairy,Supplier_3,7,595,100,30.75,22.06,10,31.2,1,0,9,21,139,Rainy,98,Overstock
136,Product_136,Grains,Supplier_13,3,37,48,23.65,19.35,10,19.1,0,0,9,240,56,Winter,54,Low Stock
137,Product_137,Vegetables,Supplier_2,10,175,46,38.8,22.1,20,29,1,0,1,256,104,Rainy,49,Normal
138,Product_138,Snacks,Supplier_6,2,102,30,7.96,6.26,20,18.6,0,0,6,4,134,Rainy,39,Low Stock
139,Product_139,Frozen,Supplier_13,1,257,72,31.29,28,20,21.2,0,1,5,346,40,Winter,69,Overstock
140,Product_140,Fruits,Supplier_14,1,569,57,16.12,13.84,10,15.7,0,1,8,171,81,Winter,62,Overstock
141,Product_141,Beverages,Supplier_1,1,402,62,7.66,4.53,20,35,0,1,10,97,59,Winter,71,Overstock
142,Product_142,Meat,Supplier_15,2,578,72,41.33,35.58,25,16.5,1,1,8,138,54,Summer,80,Overstock
143,Product_143,Snacks,Supplier_12,2,562,61,37.1,25.73,10,39.5,1,1,2,351,83,Rainy,63,Overstock
144,Product_144,Fruits,Supplier_9,2,330,92,14.02,11.81,20,17.8,1,0,10,40,80,Spring,95,Overstock
145,Product_145,Meat,Supplier_2,6,108,96,10.4,6.69,15,21.2,1,1,3,303,148,Spring,105,Low Stock
146,Product_146,Meat,Supplier_13,4,440,94,21.4,14.24,25,16.1,0,0,6,174,74,Spring,90,Overstock
147,Product_147,Meat,Supplier_8,5,126,83,38.99,25.69,25,35.8,1,1,4,130,145,Spring,92,Low Stock
148,Product_148,Frozen,Supplier_6,10,423,29,16.45,12.44,15,17.4,0,1,5,238,146,Summer,24,Normal
149,Product_149,Vegetables,Supplier_2,9,470,91,41.05,28.32,0,25.9,1,1,5,209,50,Spring,86,Overstock
150,Product_150,Grains,Supplier_2,4,587,18,43.01,37.99,20,25.5,0,1,6,96,143,Winter,24,Overstock
151,Product_151,Bakery,Supplier_10,2,218,14,21.19,19.04,10,39.4,0,1,4,192,77,Summer,20,Normal
152,Product_152,Grains,Supplier_8,5,535,100,46.04,39.06,25,17.1,1,0,7,223,149,Winter,109,Overstock
153,Product_153,Household,Supplier_14,3,386,100,4.2,3.45,10,25,1,1,10,230,95,Winter,98,Overstock
154,Product_154,Bakery,Supplier_15,1,210,33,17.09,12.64,20,32.4,0,0,5,17,122,Spring,38,Normal
155,Product_155,Frozen,Supplier_11,8,144,99,30.92,18.89,10,19.9,1,1,4,94,142,Winter,106,Normal
156,Product_156,Dairy,Supplier_4,3,360,59,30.56,21.63,15,16.4,1,0,3,168,148,Rainy,69,Normal
157,Product_157,Household,Supplier_10,2,33,10,26.58,21.32,10,24.3,1,0,10,348,103,Spring,21,Low Stock
158,Product_158,Household,Supplier_8,4,509,10,3.44,2.56,25,19.4,0,0,7,302,77,Spring,21,Overstock
159,Product_159,Beverages,Supplier_2,7,142,12,4.03,2.86,15,31.6,0,1,1,25,117,Rainy,11,Normal
160,Product_160,Meat,Supplier_1,8,530,81,5.67,4.56,5,18.6,1,1,5,290,103,Spring,81,Overstock
161,Product_161,Meat,Supplier_7,7,448,91,29.22,19.24,5,24.9,0,1,8,40,107,Rainy,93,Overstock
162,Product_162,Grains,Supplier_15,3,250,70,36.38,23.53,15,33.7,1,0,7,31,40,Winter,74,Overstock
163,Product_163,Beverages,Supplier_11,6,431,63,2.55,1.73,15,30.5,1,0,9,192,146,Winter,73,Normal
164,Product_164,Household,Supplier_2,2,338,29,24.28,17.47,25,24.7,0,0,7,268,138,Summer,29,Normal
165,Product_165,Frozen,Supplier_3,5,560,27,5.6,4.96,20,22.2,1,0,5,208,52,Rainy,37,Overstock
166,Product_166,Dairy,Supplier_8,7,359,73,5.33,4.15,25,16.2,0,0,10,339,77,Spring,84,Overstock
167,Product_167,Grains,Supplier_5,10,240,6,33.63,25.98,20,23.1,1,0,2,157,91,Rainy,1,Normal
168,Product_168,Meat,Supplier_2,8,275,52,2.07,1.84,10,35,1,0,5,140,150,Spring,52,Normal
169,Product_169,Vegetables,Supplier_6,10,75,35,40.3,33.27,20,18.7,1,1,10,228,67,Winter,46,Normal
170,Product_170,Grains,Supplier_9,3,581,83,2.3,1.5,10,17.2,0,1,3,261,56,Spring,78,Overstock
171,Product_171,Meat,Supplier_3,6,441,87,31.33,18.66,10,35.1,1,1,2,99,79,Spring,97,Overstock
172,Product_172,Dairy,Supplier_12,2,268,26,42.2,24.45,5,19.9,1,0,4,100,42,Summer,22,Overstock
173,Product_173,Grains,Supplier_4,8,325,67,10.43,7.58,10,20,0,0,6,300,45,Spring,75,Overstock
174,Product_174,Vegetables,Supplier_6,9,154,15,16.84,12.77,15,38.8,0,0,8,360,106,Rainy,22,Normal
175,Product_175,Meat,Supplier_9,8,308,56,1.38,1.24,0,38,1,0,6,28,87,Rainy,52,Overstock
176,Product_176,Bakery,Supplier_7,10,107,2,38.66,27.76,20,32.6,0,1,3,266,116,Winter,2,Low Stock
177,Product_177,Household,Supplier_8,9,242,79,9.77,6.16,5,36.2,0,1,4,359,113,Summer,82,Normal
178,Product_178,Snacks,Supplier_12,1,353,60,44.52,35.91,15,35.4,1,1,5,108,51,Spring,63,Overstock
179,Product_179,Dairy,Supplier_5,9,417,29,7.88,6.6,20,26,0,0,1,103,118,Winter,27,Overstock
180,Product_180,Snacks,Supplier_11,10,581,1,18.08,14.39,20,31.4,1,1,7,139,74,Rainy,1,Overstock
181,Product_181,Snacks,Supplier_13,5,58,33,40.07,22.06,25,23.9,1,1,3,239,86,Summer,37,Low Stock
182,Product_182,Meat,Supplier_15,9,454,17,42.77,34.42,15,33.2,1,0,1,110,134,Summer,14,Overstock
183,Product_183,Meat,Supplier_8,5,50,64,38.29,33.16,20,38.9,0,0,4,166,123,Spring,71,Low Stock
184,Product_184,Bakery,Supplier_13,5,548,58,2.48,1.86,10,35.7,0,1,5,279,95,Rainy,70,Overstock
185,Product_185,Bakery,Supplier_10,4,479,8,22.84,19.45,5,37.8,1,0,5,137,121,Rainy,7,Overstock
186,Product_186,Vegetables,Supplier_6,9,496,22,40.59,27.87,0,26.4,1,0,7,144,121,Winter,32,Overstock
187,Product_187,Grains,Supplier_8,1,360,9,34.53,27.42,15,38.1,1,1,10,78,102,Rainy,17,Overstock
188,Product_188,Meat,Supplier_8,4,405,33,22.04,14.23,15,24,0,0,10,74,125,Winter,44,Overstock
189,Product_189,Grains,Supplier_3,7,178,14,44.06,31.83,5,23.3,0,1,6,342,134,Rainy,21,Normal
190,Product_190,Dairy,Supplier_9,1,350,54,37.53,33.44,5,38.8,0,0,3,222,87,Rainy,55,Overstock
191,Product_191,Dairy,Supplier_7,6,451,43,42.97,24.29,25,35.1,1,0,1,330,132,Spring,46,Overstock
192,Product_192,Frozen,Supplier_8,6,91,51,3.73,2.07,20,37.6,0,0,2,308,129,Summer,53,Low Stock
193,Product_193,Bakery,Supplier_1,8,61,75,45.19,37.78,5,36.7,0,0,3,150,137,Winter,83,Low Stock
194,Product_194,Dairy,Supplier_13,9,434,51,31.72,19.74,15,17.6,1,0,7,297,74,Winter,62,Overstock
195,Product_195,Vegetables,Supplier_7,4,302,75,17.26,13.1,15,21,1,0,10,176,135,Winter,84,Normal
196,Product_196,Fruits,Supplier_8,3,570,57,49.4,36.87,5,17.6,0,1,2,252,71,Spring,65,Overstock
197,Product_197,Household,Supplier_10,5,434,81,24.54,15.47,10,16.9,0,0,8,282,99,Winter,90,Overstock
198,Product_198,Beverages,Supplier_12,9,512,30,16,12.22,20,22.7,1,1,4,56,148,Summer,31,Overstock
199,Product_199,Grains,Supplier_12,8,518,75,2.46,1.38,25,18.7,0,0,3,280,46,Rainy,79,Overstock
200,Product_200,Fruits,Supplier_11,10,589,52,29.58,20.24,15,27.2,0,0,8,319,107,Spring,57,Overstock
1,Product_001,Meat,Supplier_1,5,505,54,33.53,19.54,25,17.4,0,1,8,38,63,Spring,61,Overstock
2,Product_002,Snacks,Supplier_1,1,297,78,23.12,17.93,0,25.7,0,0,6,330,64,Spring,80,Overstock
3,Product_003,Frozen,Supplier_9,7,182,12,37.9,24.25,0,34.6,1,0,3,345,69,Spring,9,Normal
4,Product_004,Meat,Supplier_8,4,48,21,10.69,8.5,5,16.4,1,1,5,154,95,Rainy,19,Low Stock
5,Product_005,Meat,Supplier_3,8,120,30,32.55,19.41,10,32.2,0,0,10,109,126,Summer,38,Low Stock
6,Product_006,Vegetables,Supplier_13,8,89,93,27.75,23.75,15,36.5,1,1,4,101,80,Spring,94,Normal
7,Product_007,Household,Supplier_1,4,205,27,29.16,17.06,20,38.3,1,0,1,361,126,Summer,30,Normal
8,Product_008,Frozen,Supplier_14,8,551,11,25.4,16.69,15,32.1,1,0,5,31,69,Summer,9,Overstock
9,Product_009,Fruits,Supplier_13,6,367,43,28.58,20.15,20,33.7,1,1,9,140,112,Winter,41,Overstock
10,Product_010,Frozen,Supplier_1,8,484,21,15.34,10.33,20,26.9,1,1,10,133,125,Winter,21,Overstock
11,Product_011,Vegetables,Supplier_9,8,316,92,14.02,11.33,20,22.4,0,1,2,3,77,Winter,97,Overstock
12,Product_012,Fruits,Supplier_7,5,529,19,21.03,14.78,20,22.7,0,1,2,189,55,Spring,21,Overstock
13,Product_013,Grains,Supplier_4,5,533,44,16.31,13.99,15,29.4,1,0,2,343,73,Spring,41,Overstock
14,Product_014,Grains,Supplier_10,5,277,46,19.04,11.9,20,24.2,1,0,9,58,62,Winter,58,Overstock
15,Product_015,Bakery,Supplier_6,7,589,16,6.26,3.5,0,31.6,0,0,9,109,149,Rainy,21,Overstock
16,Product_016,Grains,Supplier_3,5,547,54,32.23,27.96,25,34.5,1,0,2,26,79,Summer,56,Overstock
17,Product_017,Vegetables,Supplier_14,7,454,53,19.43,12.99,10,37.4,0,1,1,44,101,Summer,50,Overstock
18,Product_018,Beverages,Supplier_2,6,244,7,16.7,10.67,25,16.3,1,1,4,354,84,Winter,9,Normal
19,Product_019,Bakery,Supplier_3,6,79,74,36.84,33.03,10,21,0,1,3,127,58,Winter,81,Normal
20,Product_020,Dairy,Supplier_12,10,480,95,46.79,33.66,5,25.6,1,0,2,161,44,Rainy,91,Overstock
21,Product_021,Bakery,Supplier_1,7,175,50,28.09,16.71,20,33.8,1,1,5,88,85,Summer,52,Normal
22,Product_022,Beverages,Supplier_11,4,63,92,20.1,16.06,0,17.1,0,0,5,62,118,Winter,100,Low Stock
23,Product_023,Bakery,Supplier_11,7,74,63,23.99,15.93,10,39.3,1,0,6,45,59,Spring,60,Normal
24,Product_024,Household,Supplier_5,2,288,39,39.17,30.99,5,21.4,1,0,8,41,139,Rainy,36,Normal
25,Product_025,Vegetables,Supplier_6,10,68,69,15.03,12.16,0,29.7,1,1,6,24,145,Spring,75,Low Stock
26,Product_026,Vegetables,Supplier_13,8,561,56,4.63,4.13,20,34.5,0,1,1,228,131,Summer,66,Overstock
27,Product_027,Fruits,Supplier_15,2,165,41,18.68,15.27,5,30.8,1,0,3,100,121,Spring,48,Normal
28,Product_028,Meat,Supplier_4,7,340,38,12.3,8.64,0,29.8,1,1,2,118,135,Summer,37,Normal
29,Product_029,Snacks,Supplier_14,10,159,52,29.68,26.54,10,18.6,1,0,3,98,72,Spring,51,Normal
30,Product_030,Household,Supplier_2,10,216,65,33.31,28.71,0,39.8,0,0,8,281,94,Spring,64,Normal
31,Product_031,Vegetables,Supplier_5,4,76,78,16.36,11.09,10,29,1,0,9,131,143,Winter,85,Low Stock
32,Product_032,Dairy,Supplier_2,7,419,57,33.95,27.25,20,35,1,1,7,306,105,Winter,65,Overstock
33,Product_033,Household,Supplier_11,3,120,14,8.89,6.34,5,16.7,1,0,4,57,142,Winter,20,Low Stock
34,Product_034,Vegetables,Supplier_11,3,144,23,31.09,18.4,25,35.5,1,0,4,267,84,Winter,19,Normal
35,Product_035,Fruits,Supplier_13,8,318,55,1.96,1.67,25,27.7,1,1,8,46,74,Winter,62,Overstock
36,Product_036,Frozen,Supplier_7,8,55,94,31.46,19.66,5,38.9,0,1,10,122,53,Summer,100,Normal
37,Product_037,Household,Supplier_15,5,433,67,14.22,10.53,5,33.8,1,0,7,273,71,Winter,71,Overstock
38,Product_038,Vegetables,Supplier_5,7,37,71,16.48,13.36,5,26.5,1,0,8,223,126,Summer,74,Low Stock
39,Product_039,Fruits,Supplier_5,6,218,32,46.84,41.7,15,15.6,0,0,10,114,130,Summer,37,Normal
40,Product_040,Fruits,Supplier_10,4,131,65,43.11,27.95,5,39.8,1,0,1,307,139,Summer,64,Low Stock
41,Product_041,Meat,Supplier_6,5,190,97,38.08,32.68,15,21.2,0,0,1,83,138,Summer,109,Normal
42,Product_042,Household,Supplier_7,1,149,78,12.14,9.93,25,21.6,1,0,5,84,134,Winter,88,Normal
43,Product_043,Frozen,Supplier_3,7,562,95,6.92,4.43,15,31.2,1,1,8,272,67,Summer,105,Overstock
44,Product_044,Household,Supplier_14,6,155,65,49.98,44.96,25,27.3,0,1,2,165,136,Rainy,71,Normal
45,Product_045,Grains,Supplier_9,2,485,61,9.4,5.99,10,25.2,1,1,5,240,136,Winter,71,Overstock
46,Product_046,Snacks,Supplier_14,4,367,92,32.14,21.8,0,38.2,0,0,8,215,53,Rainy,101,Overstock
47,Product_047,Household,Supplier_10,1,440,97,4.46,3.61,25,30.2,1,1,10,181,51,Summer,95,Overstock
48,Product_048,Snacks,Supplier_3,4,65,21,5.07,4.02,0,38.3,0,0,6,128,118,Summer,17,Low Stock
49,Product_049,Grains,Supplier_3,10,307,54,31.81,28.06,0,38.8,0,0,6,38,90,Winter,57,Overstock
50,Product_050,Grains,Supplier_13,1,420,15,42.64,26.91,5,16.9,1,0,4,329,111,Spring,22,Overstock
51,Product_051,Snacks,Supplier_11,10,512,77,1.11,0.68,0,24.3,1,1,7,275,127,Rainy,89,Overstock
52,Product_052,Frozen,Supplier_2,5,200,15,40.35,31.23,15,23.8,1,0,10,322,82,Spring,20,Normal
53,Product_053,Vegetables,Supplier_5,4,240,50,5.45,4.73,20,34.2,0,0,7,125,91,Winter,50,Normal
54,Product_054,Meat,Supplier_14,6,531,32,42.9,35.11,20,16.1,0,0,6,354,124,Spring,34,Overstock
55,Product_055,Fruits,Supplier_12,2,468,17,46.08,36.43,15,36.4,0,1,3,298,45,Rainy,28,Overstock
56,Product_056,Fruits,Supplier_13,7,111,14,20.54,17.17,5,18,0,1,1,331,67,Winter,26,Normal
57,Product_057,Snacks,Supplier_4,9,400,12,32.22,28.01,15,16.8,1,1,6,314,128,Rainy,23,Overstock
58,Product_058,Snacks,Supplier_4,5,197,20,30.7,19.05,20,27.1,1,1,9,150,44,Rainy,21,Overstock
59,Product_059,Snacks,Supplier_5,8,465,12,3.87,2.26,25,30.2,0,1,8,324,79,Rainy,15,Overstock
60,Product_060,Meat,Supplier_9,4,238,11,45.61,26.12,20,26.4,0,1,7,33,104,Spring,15,Normal
61,Product_061,Dairy,Supplier_2,5,434,48,34.44,26.72,5,15.9,0,0,7,322,58,Winter,48,Overstock
62,Product_062,Frozen,Supplier_2,10,523,33,17.81,14.89,25,19.9,1,1,10,116,41,Winter,44,Overstock
63,Product_063,Meat,Supplier_2,2,137,62,28.5,18.97,25,38.2,0,0,2,333,74,Summer,65,Normal
64,Product_064,Frozen,Supplier_2,7,505,18,10.12,6.9,0,36.6,0,1,9,285,42,Summer,23,Overstock
65,Product_065,Snacks,Supplier_15,3,419,92,20.86,12.54,20,22.8,0,1,10,161,93,Rainy,100,Overstock
66,Product_066,Beverages,Supplier_1,8,334,77,36.96,22.27,5,38.1,1,1,10,110,51,Summer,72,Overstock
67,Product_067,Meat,Supplier_14,3,411,4,12.09,8.92,25,31.7,1,1,3,65,60,Spring,7,Overstock
68,Product_068,Bakery,Supplier_3,8,484,55,34.13,23.94,5,39.9,0,1,9,89,45,Winter,64,Overstock
69,Product_069,Vegetables,Supplier_3,3,289,23,47.78,39.7,5,22.1,1,1,8,41,50,Rainy,23,Overstock
70,Product_070,Frozen,Supplier_4,8,226,13,32.18,18.96,15,31.1,0,1,8,18,130,Rainy,24,Normal
71,Product_071,Frozen,Supplier_8,3,187,83,21.22,16.46,20,29.7,0,0,9,238,99,Spring,89,Normal
72,Product_072,Frozen,Supplier_12,6,78,99,11.24,7.52,5,30.2,1,0,4,20,111,Summer,109,Low Stock
73,Product_073,Beverages,Supplier_8,7,236,3,22.26,15.32,25,24.7,0,0,10,55,150,Spring,14,Normal
74,Product_074,Bakery,Supplier_14,1,286,33,20.45,11.48,15,24.3,0,0,4,317,119,Winter,32,Normal
75,Product_075,Meat,Supplier_8,4,313,49,22.59,14.54,15,32.9,1,0,8,181,42,Summer,53,Overstock
76,Product_076,Snacks,Supplier_9,10,62,10,8.34,4.72,5,32.2,1,0,4,316,100,Rainy,20,Low Stock
77,Product_077,Meat,Supplier_9,5,226,4,17.98,11.47,20,36.9,0,0,3,265,96,Spring,1,Normal
78,Product_078,Bakery,Supplier_4,2,262,37,25.1,20.51,25,39.4,0,1,4,8,50,Winter,32,Overstock
79,Product_079,Vegetables,Supplier_7,10,377,42,39.86,34.91,15,23,0,1,9,40,122,Spring,38,Overstock
80,Product_080,Snacks,Supplier_9,10,419,47,2.14,1.27,0,28.9,0,0,10,88,146,Rainy,49,Normal
81,Product_081,Dairy,Supplier_5,6,508,83,49.99,31.19,5,22.9,0,0,1,229,101,Winter,89,Overstock
82,Product_082,Meat,Supplier_7,2,158,49,8.89,4.91,5,28.8,1,0,7,170,57,Winter,51,Normal
83,Product_083,Bakery,Supplier_12,9,535,57,9.32,6.25,25,35.2,0,1,1,194,102,Winter,59,Overstock
84,Product_084,Frozen,Supplier_4,4,196,90,49.65,29.78,25,23,0,1,6,299,60,Summer,86,Overstock
85,Product_085,Meat,Supplier_11,8,428,69,23.85,21.25,10,21.7,1,1,5,138,114,Spring,71,Overstock
86,Product_086,Meat,Supplier_11,10,551,11,32.38,27.8,0,32,0,1,9,200,104,Winter,16,Overstock
87,Product_087,Snacks,Supplier_7,3,262,90,14.09,8.67,20,16.8,0,0,9,67,139,Rainy,97,Normal
88,Product_088,Beverages,Supplier_11,6,150,56,27.46,19.12,25,27.4,1,1,1,170,124,Summer,58,Normal
89,Product_089,Household,Supplier_11,8,594,7,7.63,5.56,15,24.6,0,0,8,320,51,Summer,19,Overstock
90,Product_090,Dairy,Supplier_7,4,30,79,19.3,14.88,25,23,1,1,5,29,87,Spring,81,Low Stock
91,Product_091,Snacks,Supplier_11,4,41,41,14.15,10,15,24.8,0,0,6,182,78,Rainy,40,Low Stock
92,Product_092,Snacks,Supplier_14,1,135,9,42.94,34.11,25,24.9,0,0,9,62,80,Spring,4,Normal
93,Product_093,Meat,Supplier_14,8,295,93,22.3,18.6,5,23.1,1,1,5,167,88,Rainy,97,Overstock
94,Product_094,Grains,Supplier_8,4,263,6,16,8.85,15,26.7,1,1,9,198,114,Summer,15,Normal
95,Product_095,Grains,Supplier_9,6,247,67,6.91,4.47,5,36.2,1,1,10,51,131,Rainy,74,Normal
96,Product_096,Meat,Supplier_9,10,555,81,31.86,27.35,10,18.2,1,0,7,310,150,Winter,87,Overstock
97,Product_097,Meat,Supplier_12,1,259,25,31,21.16,5,31.8,1,0,5,131,119,Summer,21,Normal
98,Product_098,Beverages,Supplier_15,1,114,8,6.16,5.37,10,26.1,0,0,8,97,124,Rainy,9,Low Stock
99,Product_099,Meat,Supplier_15,4,519,31,38.27,22.36,25,15.7,0,1,9,215,78,Rainy,30,Overstock
100,Product_100,Vegetables,Supplier_13,7,215,52,50,40.29,15,28.7,0,0,10,71,87,Rainy,48,Normal
101,Product_101,Vegetables,Supplier_6,3,144,17,26.4,20.04,15,38,0,1,1,103,101,Winter,19,Normal
102,Product_102,Dairy,Supplier_11,6,129,71,42.32,36.24,20,21.7,0,1,9,39,100,Spring,75,Normal
103,Product_103,Grains,Supplier_1,2,45,31,20.71,18.03,5,15.8,1,0,1,276,146,Winter,32,Low Stock
104,Product_104,Bakery,Supplier_8,1,248,14,5.23,3.39,20,26.4,0,0,9,363,138,Rainy,18,Normal
105,Product_105,Meat,Supplier_12,10,133,59,24.08,14.72,10,24.5,0,0,8,330,115,Summer,66,Normal
106,Product_106,Dairy,Supplier_5,10,191,54,47.47,26.62,10,32.5,0,1,7,165,40,Rainy,55,Overstock
107,Product_107,Meat,Supplier_10,10,210,49,19.3,14.18,5,31.1,1,1,6,116,87,Rainy,44,Normal
108,Product_108,Beverages,Supplier_12,2,386,3,21.4,15.44,5,19.3,0,0,6,359,88,Summer,4,Overstock
109,Product_109,Frozen,Supplier_6,6,318,24,8.61,5.8,25,35.3,1,0,3,139,126,Summer,26,Normal
110,Product_110,Bakery,Supplier_5,8,259,3,33.95,30.22,5,26.8,1,0,10,237,64,Rainy,6,Overstock
111,Product_111,Household,Supplier_4,3,52,68,8.02,7.21,25,29.9,0,1,6,350,46,Summer,78,Normal
112,Product_112,Fruits,Supplier_12,6,284,79,21.09,12.88,20,27.9,1,1,2,109,124,Spring,85,Normal
113,Product_113,Vegetables,Supplier_7,7,515,23,27.09,18.97,0,27.9,0,1,8,159,88,Rainy,19,Overstock
114,Product_114,Household,Supplier_15,5,84,51,25.38,19.65,25,27,0,1,9,268,53,Spring,59,Normal
115,Product_115,Grains,Supplier_9,10,373,5,41.43,34.88,0,33.6,1,0,4,270,66,Winter,2,Overstock
116,Product_116,Snacks,Supplier_1,10,522,92,31.5,21.48,25,34.2,1,1,4,365,92,Winter,99,Overstock
117,Product_117,Household,Supplier_15,8,200,57,37.36,25.4,15,28,1,0,1,88,132,Spring,52,Normal
118,Product_118,Household,Supplier_9,7,413,14,42.72,31.98,25,38.2,0,1,4,57,71,Spring,20,Overstock
119,Product_119,Bakery,Supplier_7,9,250,41,31.02,20.72,10,35.6,1,1,10,163,131,Spring,40,Normal
120,Product_120,Frozen,Supplier_9,7,66,97,22.44,15.25,15,23.5,1,1,8,202,101,Spring,94,Low Stock
121,Product_121,Frozen,Supplier_8,4,477,3,37.56,33.05,20,31.8,0,1,6,181,137,Rainy,3,Overstock
122,Product_122,Beverages,Supplier_7,5,550,39,6.77,5.25,15,22.1,1,1,7,169,89,Summer,47,Overstock
123,Product_123,Frozen,Supplier_7,3,257,45,44.82,29.25,20,23.6,0,1,5,318,75,Winter,48,Overstock
124,Product_124,Household,Supplier_12,3,231,59,8.53,7.67,20,32.9,1,1,7,43,56,Winter,61,Overstock
125,Product_125,Bakery,Supplier_7,8,237,31,41.07,33.33,15,25.8,1,0,8,76,103,Summer,37,Normal
126,Product_126,Bakery,Supplier_8,2,143,24,31.26,22.22,5,34.2,1,0,4,14,144,Winter,27,Low Stock
127,Product_127,Household,Supplier_8,9,335,99,47.88,26.57,25,22.2,0,1,7,84,51,Spring,96,Overstock
128,Product_128,Beverages,Supplier_3,8,352,60,37.7,27.96,5,20.6,1,0,7,327,76,Winter,67,Overstock
129,Product_129,Meat,Supplier_2,5,491,84,38.26,29.38,20,28.6,0,0,5,184,111,Winter,79,Overstock
130,Product_130,Grains,Supplier_3,3,456,1,26.28,17.31,15,27.7,1,0,5,149,57,Rainy,9,Overstock
131,Product_131,Fruits,Supplier_9,1,414,61,5.72,5.02,25,27.7,0,0,6,279,91,Spring,56,Overstock
132,Product_132,Bakery,Supplier_7,3,37,43,49.31,32.44,25,20.5,0,1,5,249,117,Spring,44,Low Stock
133,Product_133,Beverages,Supplier_13,4,303,33,46.61,40.05,0,28.6,0,0,6,99,76,Winter,33,Overstock
134,Product_134,Frozen,Supplier_10,7,169,56,21.55,13.98,10,17.2,1,0,9,290,54,Summer,57,Overstock
135,Product_135,Dairy,Supplier_8,6,151,70,33.11,19.82,0,23.4,0,1,1,164,120,Spring,65,Normal
136,Product_136,Grains,Supplier_1,5,349,7,26.26,15.48,15,19,1,0,6,11,49,Rainy,10,Overstock
137,Product_137,Vegetables,Supplier_11,9,461,9,32.64,22.74,15,30.2,1,0,2,85,126,Winter,7,Overstock
138,Product_138,Snacks,Supplier_8,3,433,25,5.9,4.96,0,27.1,0,1,10,67,136,Spring,24,Overstock
139,Product_139,Frozen,Supplier_15,7,66,91,44.34,33.8,20,32,0,0,3,228,91,Rainy,102,Low Stock
140,Product_140,Fruits,Supplier_12,6,279,22,41.24,34.6,25,36.8,0,1,7,197,51,Winter,20,Overstock
141,Product_141,Beverages,Supplier_9,10,82,94,37.72,32.59,15,16.5,1,0,5,288,112,Rainy,91,Low Stock
142,Product_142,Meat,Supplier_2,3,516,75,48.63,31.78,20,25.9,0,1,8,141,102,Winter,86,Overstock
143,Product_143,Snacks,Supplier_10,10,162,83,40.54,26.44,20,19.1,1,1,4,198,105,Summer,86,Normal
144,Product_144,Fruits,Supplier_10,1,251,8,2.72,1.56,15,39.6,1,0,7,45,142,Summer,17,Normal
145,Product_145,Meat,Supplier_14,10,494,3,45.49,25.61,20,23.8,1,0,3,299,145,Spring,5,Overstock
146,Product_146,Meat,Supplier_1,5,582,4,9.08,5.3,0,29.7,0,1,7,245,74,Spring,9,Overstock
147,Product_147,Meat,Supplier_9,10,259,100,47.1,34.52,25,32.2,0,0,10,316,114,Summer,102,Normal
148,Product_148,Frozen,Supplier_9,6,154,70,24.47,20.65,5,39.3,1,0,8,145,66,Rainy,73,Normal
149,Product_149,Vegetables,Supplier_4,10,401,9,31.27,23.62,10,35.7,1,1,5,98,86,Rainy,9,Overstock
150,Product_150,Grains,Supplier_7,2,72,80,8.47,7.06,10,19.8,1,1,6,303,57,Rainy,79,Normal
151,Product_151,Bakery,Supplier_3,9,196,79,9.51,6.71,15,32.4,0,0,9,187,129,Spring,76,Normal
152,Product_152,Grains,Supplier_9,9,140,87,40.05,23.71,15,24.5,0,0,5,299,80,Winter,90,Normal
153,Product_153,Household,Supplier_11,8,287,94,30.16,24.49,0,20.6,0,1,5,65,55,Spring,106,Overstock
154,Product_154,Bakery,Supplier_10,3,460,12,39.93,24.46,5,34,0,0,6,107,103,Winter,16,Overstock
155,Product_155,Frozen,Supplier_4,8,567,84,4.31,2.82,25,22.4,1,0,3,332,110,Winter,83,Overstock
156,Product_156,Dairy,Supplier_2,3,409,77,42.67,37.63,25,19,0,1,8,283,130,Rainy,72,Overstock
157,Product_157,Household,Supplier_13,3,160,11,45.36,27.15,5,24.1,0,0,3,286,64,Winter,13,Normal
158,Product_158,Household,Supplier_9,5,278,65,20.91,11.76,15,39.1,1,0,6,190,132,Spring,77,Normal
159,Product_159,Beverages,Supplier_13,1,103,99,14.72,12.38,20,19.5,1,0,2,355,116,Summer,104,Low Stock
160,Product_160,Meat,Supplier_7,4,314,74,34.2,19.46,20,28.3,0,0,3,275,112,Spring,86,Normal
161,Product_161,Meat,Supplier_8,9,299,7,26.71,22.71,5,31.5,0,0,2,164,67,Rainy,11,Overstock
162,Product_162,Grains,Supplier_6,9,395,71,20.18,16.53,15,31,1,0,7,94,72,Spring,73,Overstock
163,Product_163,Beverages,Supplier_5,4,82,79,19.85,15.51,0,35.9,0,0,9,96,69,Rainy,82,Normal
164,Product_164,Household,Supplier_15,6,299,10,26.62,16.72,5,24.3,1,1,5,363,96,Summer,11,Overstock
165,Product_165,Frozen,Supplier_12,3,37,91,29.62,24.91,25,28.3,0,0,2,86,83,Rainy,86,Low Stock
166,Product_166,Dairy,Supplier_15,10,556,52,3.91,3.09,10,30.8,1,1,3,347,146,Rainy,53,Overstock
167,Product_167,Grains,Supplier_10,6,248,7,37.36,24.79,15,16.3,0,1,4,256,81,Rainy,14,Overstock
168,Product_168,Meat,Supplier_1,1,593,25,25.99,19.74,20,26.5,1,1,9,228,146,Rainy,23,Overstock
169,Product_169,Vegetables,Supplier_5,10,522,98,49.11,42.19,20,35.2,0,1,4,322,143,Summer,93,Overstock
170,Product_170,Grains,Supplier_1,7,428,9,5.47,4.75,5,16.3,0,1,3,38,79,Summer,21,Overstock
171,Product_171,Meat,Supplier_7,5,451,20,46.89,39.47,0,34.9,1,0,5,266,78,Summer,20,Overstock
172,Product_172,Dairy,Supplier_10,10,461,42,1.23,1.09,5,31.8,0,1,5,328,64,Rainy,46,Overstock
173,Product_173,Grains,Supplier_10,1,86,18,32.24,25.52,25,24.8,0,0,9,106,112,Spring,20,Low Stock
174,Product_174,Vegetables,Supplier_2,7,153,54,45.47,39.45,0,22.4,1,1,1,210,66,Rainy,51,Normal
175,Product_175,Meat,Supplier_13,4,291,33,9.46,6.68,25,32.9,0,1,1,95,109,Spring,31,Normal
176,Product_176,Bakery,Supplier_10,10,371,54,37.82,21.68,20,21.5,1,1,8,208,94,Winter,62,Overstock
177,Product_177,Household,Supplier_12,7,399,64,28.26,22.42,10,30,1,1,9,361,68,Summer,69,Overstock
178,Product_178,Snacks,Supplier_3,10,251,29,13.18,10.3,10,39.3,0,1,8,48,147,Winter,33,Normal
179,Product_179,Dairy,Supplier_7,7,495,49,4.31,2.58,10,17.1,1,1,8,238,70,Winter,53,Overstock
180,Product_180,Snacks,Supplier_6,2,416,29,15.62,8.84,20,37.1,1,1,8,158,137,Summer,32,Overstock
181,Product_181,Snacks,Supplier_13,5,208,84,28.43,20.16,10,16.1,0,1,4,70,145,Winter,89,Normal
182,Product_182,Meat,Supplier_5,9,571,58,5.83,4.58,15,26.9,1,1,6,313,115,Summer,57,Overstock
183,Product_183,Meat,Supplier_7,3,406,81,8.22,5.2,20,25.2,0,1,7,315,145,Winter,86,Normal
184,Product_184,Bakery,Supplier_12,2,397,4,26.84,15.77,25,25.3,1,0,6,313,98,Spring,12,Overstock
185,Product_185,Bakery,Supplier_7,9,536,6,18.2,16.07,20,15.4,1,1,2,341,90,Winter,15,Overstock
186,Product_186,Vegetables,Supplier_5,1,36,50,24.18,14.03,5,15.4,1,1,9,198,104,Summer,45,Low Stock
187,Product_187,Grains,Supplier_12,10,178,97,20.54,16.72,0,31,0,0,8,309,85,Winter,107,Normal
188,Product_188,Meat,Supplier_12,5,553,68,23.05,17.54,10,39.6,1,0,6,63,120,Summer,75,Overstock
189,Product_189,Grains,Supplier_3,7,219,32,49.55,27.71,0,29.9,1,0,4,139,97,Winter,35,Normal
190,Product_190,Dairy,Supplier_2,3,292,50,49.12,35.47,15,39.6,0,1,1,8,93,Summer,56,Overstock
191,Product_191,Dairy,Supplier_11,10,432,98,4.32,3.08,5,25.8,0,0,8,69,73,Spring,106,Overstock
192,Product_192,Frozen,Supplier_9,3,34,80,2.81,2.14,5,31.6,1,1,9,334,134,Winter,82,Low Stock
193,Product_193,Bakery,Supplier_5,9,238,31,16.65,11.71,25,39.2,1,0,7,4,51,Spring,33,Overstock
194,Product_194,Dairy,Supplier_9,9,596,90,46.73,28.01,10,24.3,0,0,9,222,124,Spring,99,Overstock
195,Product_195,Vegetables,Supplier_10,10,525,45,12.57,7.69,0,35.9,1,0,8,22,96,Spring,49,Overstock
196,Product_196,Fruits,Supplier_1,6,500,78,8.86,6.66,0,32.1,1,1,4,154,87,Spring,90,Overstock
197,Product_197,Household,Supplier_4,1,557,58,40.67,26.28,5,37.4,1,1,8,361,146,Spring,57,Overstock
198,Product_198,Beverages,Supplier_9,8,507,68,21.3,11.94,0,21.8,0,0,4,158,42,Rainy,78,Overstock
199,Product_199,Grains,Supplier_11,2,298,98,1.23,0.76,0,35.7,0,1,5,151,146,Spring,97,Normal
200,Product_200,Fruits,Supplier_14,5,241,24,35.41,31.28,25,24.7,1,0,9,97,134,Summer,27,Normal
1,Product_001,Meat,Supplier_8,8,289,66,32.96,24.48,25,26.6,0,0,7,5,124,Winter,77,Normal
2,Product_002,Snacks,Supplier_9,3,94,8,10.65,6.4,20,17.1,1,0,6,327,139,Rainy,9,Low Stock
3,Product_003,Frozen,Supplier_13,1,138,78,46.7,31.11,20,31.9,1,0,2,97,44,Spring,90,Overstock
4,Product_004,Meat,Supplier_1,10,461,86,4.64,3.37,0,36.5,0,1,7,313,92,Winter,94,Overstock
5,Product_005,Meat,Supplier_11,9,306,45,14.25,11.59,20,34.8,1,1,3,230,52,Rainy,48,Overstock
6,Product_006,Vegetables,Supplier_14,8,72,96,32.5,19.35,10,27.8,0,0,2,152,138,Summer,95,Low Stock
7,Product_007,Household,Supplier_1,3,349,81,22.7,18.46,0,26.1,1,1,9,53,40,Spring,93,Overstock
8,Product_008,Frozen,Supplier_9,5,539,24,10.33,8.09,25,19.3,1,1,2,171,82,Winter,25,Overstock
9,Product_009,Fruits,Supplier_1,2,42,92,22.02,13.35,5,33.2,1,1,10,94,94,Summer,89,Low Stock
10,Product_010,Frozen,Supplier_7,9,447,46,16.89,9.81,20,30.5,1,1,2,321,81,Winter,56,Overstock
11,Product_011,Vegetables,Supplier_15,5,67,16,25.16,16.18,5,31.6,0,1,3,87,71,Rainy,14,Low Stock
12,Product_012,Fruits,Supplier_13,8,529,15,45.07,38.01,5,26.7,0,1,5,232,75,Summer,17,Overstock
13,Product_013,Grains,Supplier_15,10,237,92,20.63,14.08,10,32.3,1,0,1,177,134,Spring,93,Normal
14,Product_014,Grains,Supplier_7,1,160,19,1.63,1.21,5,21.5,0,1,10,197,80,Rainy,22,Normal
15,Product_015,Bakery,Supplier_8,4,574,54,45.17,33.92,25,34.1,0,0,10,289,120,Winter,66,Overstock
16,Product_016,Grains,Supplier_14,3,76,23,49.77,36.11,10,15.3,1,1,10,206,65,Winter,24,Normal
17,Product_017,Vegetables,Supplier_9,2,34,69,1.55,0.97,25,28,0,0,3,312,94,Summer,69,Low Stock
18,Product_018,Beverages,Supplier_4,3,534,84,42.82,34.64,0,37.1,1,1,3,117,50,Winter,93,Overstock
19,Product_019,Bakery,Supplier_9,5,242,72,7.39,4.49,5,27.8,0,1,8,289,146,Rainy,74,Normal
20,Product_020,Dairy,Supplier_3,8,127,57,16.45,14.25,0,39.3,0,1,7,172,97,Rainy,65,Normal
21,Product_021,Bakery,Supplier_9,8,596,57,28.3,24.39,25,20.7,1,0,10,84,54,Rainy,55,Overstock
22,Product_022,Beverages,Supplier_1,1,554,1,20.21,17.41,0,18.6,0,0,3,139,48,Summer,1,Overstock
23,Product_023,Bakery,Supplier_13,6,273,62,26.69,22.53,10,22.8,1,0,9,201,57,Winter,70,Overstock
24,Product_024,Household,Supplier_4,1,301,29,20.2,14.59,10,37.8,1,1,10,118,109,Summer,38,Normal
25,Product_025,Vegetables,Supplier_8,3,371,68,34.69,19.43,25,35.3,0,1,5,265,75,Winter,74,Overstock
26,Product_026,Vegetables,Supplier_9,6,557,56,21.74,18.39,25,19.5,1,1,3,46,147,Spring,63,Overstock
27,Product_027,Fruits,Supplier_10,4,311,38,41.81,33.89,10,36.2,0,0,7,10,106,Summer,39,Normal
28,Product_028,Meat,Supplier_2,5,174,80,47.09,33.5,10,18.8,0,0,4,149,150,Winter,82,Normal
29,Product_029,Snacks,Supplier_9,1,452,79,9.98,8.7,15,23.5,1,0,7,59,93,Winter,79,Overstock
30,Product_030,Household,Supplier_10,8,361,37,14.89,8.6,15,31.1,1,1,1,111,63,Winter,41,Overstock
31,Product_031,Vegetables,Supplier_2,9,247,7,20.14,16.02,15,23.8,1,1,10,199,119,Rainy,8,Normal
32,Product_032,Dairy,Supplier_13,4,391,56,27.99,20.73,10,20.2,0,0,4,221,61,Winter,67,Overstock
33,Product_033,Household,Supplier_7,5,427,57,1.96,1.26,5,17.3,0,0,10,180,149,Winter,59,Normal
34,Product_034,Vegetables,Supplier_11,3,526,99,19.5,12.81,5,39.3,1,0,6,234,125,Spring,94,Overstock
35,Product_035,Fruits,Supplier_1,4,193,72,15.95,11.38,0,21.1,0,1,1,34,57,Winter,83,Overstock
36,Product_036,Frozen,Supplier_13,8,566,88,48.36,40.94,0,39.7,1,1,10,341,117,Rainy,99,Overstock
37,Product_037,Household,Supplier_12,9,196,17,49.98,32.61,0,37.1,1,0,1,272,105,Spring,28,Normal
38,Product_038,Vegetables,Supplier_10,8,447,88,13.84,9.63,5,22.3,0,1,10,256,105,Winter,89,Overstock
39,Product_039,Fruits,Supplier_5,9,84,4,11.46,8.93,5,30.6,1,1,5,110,70,Rainy,16,Normal
40,Product_040,Fruits,Supplier_2,3,389,69,2.63,2.34,0,16.7,1,1,6,107,111,Summer,79,Overstock
41,Product_041,Meat,Supplier_15,7,476,95,8.76,7.86,20,26.3,0,1,2,14,68,Winter,103,Overstock
42,Product_042,Household,Supplier_10,9,548,73,13.79,10.94,0,33.2,0,0,3,257,76,Spring,79,Overstock
43,Product_043,Frozen,Supplier_9,8,173,33,26.3,20.31,20,18,0,1,7,113,68,Winter,28,Normal
44,Product_044,Household,Supplier_8,10,392,62,33.23,28.26,25,33.3,0,0,10,259,138,Summer,64,Normal
45,Product_045,Grains,Supplier_12,8,302,7,38.93,30.58,20,35.1,1,0,9,103,104,Spring,13,Normal
46,Product_046,Snacks,Supplier_8,10,317,87,39.82,27.28,5,25.6,1,0,6,227,106,Rainy,97,Normal
47,Product_047,Household,Supplier_6,10,335,5,15.72,10.81,15,22.1,0,1,6,109,125,Spring,8,Normal
48,Product_048,Snacks,Supplier_3,2,491,70,24.75,14.98,15,21.1,1,0,7,102,139,Summer,73,Overstock
49,Product_049,Grains,Supplier_15,5,436,14,40.34,33.92,5,31.2,0,1,4,102,133,Spring,11,Overstock
50,Product_050,Grains,Supplier_2,5,147,100,12.47,11.07,15,36.8,0,0,4,260,63,Spring,101,Normal
51,Product_051,Snacks,Supplier_1,2,218,29,49.11,38.57,0,34.1,1,1,6,111,108,Winter,37,Normal
52,Product_052,Frozen,Supplier_2,6,258,48,21.1,14.41,15,37.8,1,1,2,159,146,Rainy,43,Normal
53,Product_053,Vegetables,Supplier_13,1,221,75,34.34,24.56,10,33.7,0,1,5,189,139,Spring,87,Normal
54,Product_054,Meat,Supplier_10,5,169,81,9.27,6.07,10,18,1,0,2,342,135,Spring,88,Normal
55,Product_055,Fruits,Supplier_10,1,430,65,35.27,29.66,5,16.4,1,1,9,280,83,Spring,71,Overstock
56,Product_056,Fruits,Supplier_6,1,218,73,36.03,24.91,25,30.7,0,1,3,280,134,Summer,83,Normal
57,Product_057,Snacks,Supplier_8,4,577,67,9.91,8.31,15,38.8,1,0,6,28,52,Spring,68,Overstock
58,Product_058,Snacks,Supplier_5,7,340,47,29.69,24.7,25,17.3,0,0,9,3,91,Summer,54,Overstock
59,Product_059,Snacks,Supplier_11,10,235,2,34.57,19.49,25,15.1,1,1,6,239,86,Winter,4,Normal
60,Product_060,Meat,Supplier_6,1,566,59,27.85,24.16,20,38.2,1,0,9,5,87,Summer,62,Overstock
61,Product_061,Dairy,Supplier_3,1,125,52,29.13,24.56,15,21.7,0,0,8,179,68,Winter,55,Normal
62,Product_062,Frozen,Supplier_1,4,352,37,8.4,5.19,0,22.9,1,0,2,230,110,Rainy,40,Overstock
63,Product_063,Meat,Supplier_14,4,351,7,17.74,10.91,0,21.6,1,0,7,187,110,Winter,15,Overstock
64,Product_064,Frozen,Supplier_9,3,91,47,21.59,12.66,5,39.3,1,0,7,331,100,Summer,44,Low Stock
65,Product_065,Snacks,Supplier_1,10,257,54,43.33,31.38,20,21.4,0,0,7,212,89,Rainy,57,Normal
66,Product_066,Beverages,Supplier_12,1,517,59,28.24,25.37,20,15.3,1,1,7,272,51,Rainy,62,Overstock
67,Product_067,Meat,Supplier_4,5,564,5,24.3,18.13,0,28.9,1,0,2,125,60,Rainy,6,Overstock
68,Product_068,Bakery,Supplier_14,9,200,18,13.07,8.13,20,33.2,1,1,1,15,145,Summer,24,Normal
69,Product_069,Vegetables,Supplier_14,5,379,23,48.95,34.06,25,24.9,1,0,8,223,92,Summer,23,Overstock
70,Product_070,Frozen,Supplier_6,7,168,91,21.81,12.84,10,20.6,0,0,1,175,145,Rainy,91,Normal
71,Product_071,Frozen,Supplier_1,2,512,83,18.59,12.46,0,19.1,0,0,7,223,122,Spring,85,Overstock
72,Product_072,Frozen,Supplier_4,10,222,5,37.84,28.58,25,32.4,1,1,8,83,82,Winter,16,Normal
73,Product_073,Beverages,Supplier_6,4,149,32,26.78,21.66,25,17.8,1,1,4,302,94,Summer,34,Normal
74,Product_074,Bakery,Supplier_13,9,365,51,30.86,25.8,0,31.2,0,1,1,161,124,Winter,48,Normal
75,Product_075,Meat,Supplier_12,10,559,56,31.07,23.96,15,33.5,1,0,2,216,147,Spring,59,Overstock
76,Product_076,Snacks,Supplier_3,6,134,86,25.16,14.71,15,33.4,1,1,6,158,105,Rainy,85,Normal
77,Product_077,Meat,Supplier_14,10,233,29,41.71,36.87,15,22.9,0,0,5,35,66,Rainy,31,Overstock
78,Product_078,Bakery,Supplier_7,10,372,65,43.68,36.81,5,23.5,0,0,3,327,124,Winter,69,Normal
79,Product_079,Vegetables,Supplier_3,2,248,62,17.25,11.69,5,29.2,1,0,2,155,91,Rainy,65,Normal
80,Product_080,Snacks,Supplier_13,6,424,23,37.91,25,15,18,1,0,8,139,102,Spring,30,Overstock
81,Product_081,Dairy,Supplier_5,6,525,68,34.6,28.6,20,16.5,0,1,5,149,89,Summer,73,Overstock
82,Product_082,Meat,Supplier_2,5,358,50,49.29,27.45,20,35,1,1,8,81,41,Winter,46,Overstock
83,Product_083,Bakery,Supplier_13,6,575,79,46.58,37.96,5,27.8,1,1,7,16,56,Summer,75,Overstock
84,Product_084,Frozen,Supplier_6,7,592,10,11.6,9.29,25,39.1,1,0,6,126,80,Winter,13,Overstock
85,Product_085,Meat,Supplier_13,8,171,28,34.86,28.71,0,17.5,1,0,4,325,43,Winter,34,Overstock
86,Product_086,Meat,Supplier_11,3,355,43,2.07,1.23,15,38.1,0,1,6,173,123,Spring,54,Normal
87,Product_087,Snacks,Supplier_5,4,375,42,45.83,26.14,15,34.7,1,1,3,214,132,Rainy,37,Normal
88,Product_088,Beverages,Supplier_5,3,433,71,39.61,34.55,15,39.2,1,0,3,50,85,Winter,67,Overstock
89,Product_089,Household,Supplier_2,8,266,80,39.18,34.05,0,35.3,1,1,10,72,132,Winter,91,Normal
90,Product_090,Dairy,Supplier_14,9,77,98,9.66,5.79,15,33,1,0,4,300,77,Spring,108,Normal
91,Product_091,Snacks,Supplier_5,3,328,7,41.71,34.28,15,16.4,0,1,6,150,69,Spring,15,Overstock
92,Product_092,Snacks,Supplier_15,3,368,93,35.88,21.91,5,38.9,1,1,1,287,134,Summer,97,Normal
93,Product_093,Meat,Supplier_12,9,393,93,33.88,20.78,5,38.1,0,0,1,48,65,Rainy,100,Overstock
94,Product_094,Grains,Supplier_6,9,327,64,5.88,4.05,25,36.4,1,1,3,57,111,Summer,73,Normal
95,Product_095,Grains,Supplier_5,8,208,7,38.42,22.32,5,25.4,0,1,3,220,87,Summer,19,Normal
96,Product_096,Meat,Supplier_4,1,36,87,38.46,32.81,10,20.7,1,1,6,344,75,Summer,82,Low Stock
97,Product_097,Meat,Supplier_7,6,48,92,32.61,27.77,20,18.6,1,0,8,264,115,Spring,91,Low Stock
98,Product_098,Beverages,Supplier_9,5,335,27,21.64,16.17,25,20.6,1,0,3,144,146,Spring,29,Normal
99,Product_099,Meat,Supplier_1,6,266,33,20.75,16.15,20,39.4,0,0,4,316,60,Spring,31,Overstock
100,Product_100,Vegetables,Supplier_5,6,186,69,17.86,12.64,10,18.7,0,0,4,58,146,Spring,73,Normal
101,Product_101,Vegetables,Supplier_3,5,131,51,27.08,17.89,15,26.2,1,1,5,112,125,Winter,47,Normal
102,Product_102,Dairy,Supplier_8,2,89,30,19.7,11.98,10,27.3,0,0,3,206,78,Rainy,35,Normal
103,Product_103,Grains,Supplier_8,7,337,24,17.21,10.48,0,37.8,0,1,10,30,92,Summer,28,Overstock
104,Product_104,Bakery,Supplier_11,8,218,40,22.83,13.03,10,19.3,1,0,4,112,142,Winter,49,Normal
105,Product_105,Meat,Supplier_5,10,145,65,34.83,30.86,15,16.9,1,0,1,8,129,Winter,72,Normal
106,Product_106,Dairy,Supplier_14,10,586,34,15.35,10.22,0,33.9,0,1,4,14,109,Winter,39,Overstock
107,Product_107,Meat,Supplier_15,5,438,28,9.13,6.35,15,26.9,0,1,10,208,64,Winter,33,Overstock
108,Product_108,Beverages,Supplier_15,3,51,98,23.67,18.32,20,34.4,0,1,9,301,62,Summer,97,Low Stock
109,Product_109,Frozen,Supplier_4,2,412,78,32.77,23.55,20,15.2,0,1,3,223,110,Rainy,77,Overstock
110,Product_110,Bakery,Supplier_8,10,77,44,4.41,3.65,15,18.2,0,0,8,312,43,Spring,54,Normal
111,Product_111,Household,Supplier_1,9,256,4,28.54,16.9,15,21.5,1,1,2,8,137,Summer,8,Normal
112,Product_112,Fruits,Supplier_2,4,507,84,30.45,21.23,15,30.1,1,1,2,308,77,Rainy,90,Overstock
113,Product_113,Vegetables,Supplier_6,5,41,67,48.38,41.47,25,35,1,0,8,293,117,Rainy,64,Low Stock
114,Product_114,Household,Supplier_9,9,381,44,29.27,17.95,5,26.3,0,0,6,286,136,Summer,55,Normal
115,Product_115,Grains,Supplier_12,9,164,91,9.41,6.49,5,24.7,1,0,6,237,100,Rainy,102,Normal
116,Product_116,Snacks,Supplier_7,3,578,90,28.27,22.23,5,23.6,0,0,5,88,99,Rainy,93,Overstock
117,Product_117,Household,Supplier_14,3,486,89,40.68,29.12,20,35.9,0,1,5,319,132,Summer,97,Overstock
118,Product_118,Household,Supplier_1,5,322,64,36.28,27.47,10,21.8,0,0,3,281,58,Rainy,75,Overstock
119,Product_119,Bakery,Supplier_6,9,382,25,27.6,15.42,20,25.2,1,0,5,201,90,Rainy,26,Overstock
120,Product_120,Frozen,Supplier_10,2,570,84,42.35,34.26,20,16.1,0,1,5,327,133,Spring,82,Overstock
121,Product_121,Frozen,Supplier_5,1,373,43,11.79,7.56,20,31.8,0,0,1,162,134,Summer,47,Normal
122,Product_122,Beverages,Supplier_12,6,558,52,3.53,2.98,0,29.3,0,1,6,56,77,Spring,49,Overstock
123,Product_123,Frozen,Supplier_11,8,56,40,40.85,32.18,15,39.2,0,1,2,230,91,Summer,45,Low Stock
124,Product_124,Household,Supplier_9,4,272,80,37.24,21.3,20,17.2,0,0,4,271,115,Rainy,83,Normal
125,Product_125,Bakery,Supplier_11,5,392,6,45.94,32.4,15,32.6,1,1,7,187,117,Winter,3,Overstock
126,Product_126,Bakery,Supplier_7,8,268,85,12.42,7.64,20,26.1,0,1,1,209,109,Spring,82,Normal
127,Product_127,Household,Supplier_14,5,244,67,4.63,3.93,0,25.5,0,0,8,338,44,Spring,76,Overstock
128,Product_128,Beverages,Supplier_15,4,413,65,36.42,29.34,0,32.5,0,0,7,331,48,Rainy,62,Overstock
129,Product_129,Meat,Supplier_13,10,187,93,15.42,12.19,0,26.2,0,0,6,261,123,Winter,103,Normal
130,Product_130,Grains,Supplier_6,7,108,71,16.29,9.22,25,39.1,0,0,7,99,117,Rainy,82,Low Stock
131,Product_131,Fruits,Supplier_14,5,156,31,43.68,30.35,20,24.7,0,1,3,16,126,Summer,35,Normal
132,Product_132,Bakery,Supplier_11,1,257,57,30.09,24.43,15,18,1,1,4,251,150,Spring,54,Normal
133,Product_133,Beverages,Supplier_7,2,454,12,9.02,6.87,0,33,1,0,7,333,147,Summer,22,Overstock
134,Product_134,Frozen,Supplier_9,7,65,56,42,30.97,20,17.1,1,0,5,188,53,Summer,56,Normal
135,Product_135,Dairy,Supplier_10,10,40,78,23.25,15.57,10,19.4,0,0,9,300,113,Summer,85,Low Stock
136,Product_136,Grains,Supplier_8,1,121,53,49.44,29.39,10,16.4,0,0,1,115,139,Winter,50,Low Stock
137,Product_137,Vegetables,Supplier_3,1,150,36,48.18,34.49,20,34.1,1,1,10,340,61,Winter,44,Normal
138,Product_138,Snacks,Supplier_11,10,33,91,30.68,17.89,15,34,1,0,5,270,133,Winter,94,Low Stock
139,Product_139,Frozen,Supplier_7,3,505,40,45.35,38.32,20,24.6,0,1,2,262,150,Winter,48,Overstock
140,Product_140,Fruits,Supplier_11,3,55,61,30,21.99,0,39.4,0,1,2,44,142,Winter,65,Low Stock
141,Product_141,Beverages,Supplier_15,1,84,12,6,3.93,10,25.4,1,0,1,133,150,Spring,18,Low Stock
142,Product_142,Meat,Supplier_8,8,513,64,45.87,25.75,15,24.4,1,1,3,118,134,Winter,67,Overstock
143,Product_143,Snacks,Supplier_6,10,132,59,25.89,19.41,20,28.5,1,0,10,48,40,Summer,57,Overstock
144,Product_144,Fruits,Supplier_12,4,106,80,37.94,25.7,10,38.4,0,1,3,36,119,Spring,76,Low Stock
145,Product_145,Meat,Supplier_12,8,469,88,14.5,8.87,15,17.1,0,0,10,244,129,Winter,89,Overstock
146,Product_146,Meat,Supplier_6,4,465,60,1.14,0.71,0,38.5,0,1,10,93,59,Rainy,62,Overstock
147,Product_147,Meat,Supplier_1,8,520,67,23.93,15.24,10,27.1,0,1,3,310,92,Rainy,71,Overstock
148,Product_148,Frozen,Supplier_5,7,511,83,1.3,1,20,40,0,1,1,163,150,Spring,82,Overstock
149,Product_149,Vegetables,Supplier_12,10,32,68,36.05,24.92,25,23.8,0,1,10,3,64,Rainy,71,Low Stock
150,Product_150,Grains,Supplier_5,3,445,69,33.66,26.42,15,27.8,1,1,4,288,67,Spring,68,Overstock
151,Product_151,Bakery,Supplier_11,7,475,62,19.88,16.94,25,38.4,1,1,10,248,141,Spring,65,Overstock
152,Product_152,Grains,Supplier_1,4,136,15,27.14,19.62,0,23.8,0,1,5,120,98,Summer,25,Normal
153,Product_153,Household,Supplier_10,5,598,27,9.78,6.34,20,38.3,0,1,2,342,67,Spring,32,Overstock
154,Product_154,Bakery,Supplier_14,2,290,75,41.45,33.7,15,36.2,1,0,4,294,55,Winter,82,Overstock
155,Product_155,Frozen,Supplier_9,3,340,67,32.19,23.01,0,26.7,1,0,4,313,69,Summer,68,Overstock
156,Product_156,Dairy,Supplier_1,10,583,58,38.53,33.68,10,33,0,0,10,49,105,Spring,63,Overstock
157,Product_157,Household,Supplier_4,4,303,46,49.03,30.93,25,37.7,1,1,5,81,108,Summer,50,Normal
158,Product_158,Household,Supplier_15,4,98,85,35.97,27.38,25,26.3,0,1,6,163,74,Spring,90,Normal
159,Product_159,Beverages,Supplier_9,3,269,79,33.54,20.06,20,26.7,1,0,7,112,53,Winter,76,Overstock
160,Product_160,Meat,Supplier_9,3,363,20,34.94,25.13,0,24.7,0,1,2,263,66,Summer,19,Overstock
161,Product_161,Meat,Supplier_3,4,122,76,9.52,6.95,20,29,1,0,5,224,119,Summer,77,Normal
162,Product_162,Grains,Supplier_15,1,125,90,47.16,27.05,10,39.6,1,0,9,353,91,Winter,93,Normal
163,Product_163,Beverages,Supplier_13,5,593,46,1.34,0.87,10,23.2,0,0,9,3,124,Rainy,52,Overstock
164,Product_164,Household,Supplier_13,4,502,33,38.12,28.62,0,38.3,1,0,5,284,103,Rainy,30,Overstock
165,Product_165,Frozen,Supplier_10,3,92,58,4.09,2.38,0,38.6,0,1,1,6,112,Summer,67,Low Stock
166,Product_166,Dairy,Supplier_11,10,328,10,24.3,21.55,20,17,1,0,9,44,114,Spring,9,Normal
167,Product_167,Grains,Supplier_15,5,292,62,33.57,27.41,10,32,1,1,10,88,42,Summer,66,Overstock
168,Product_168,Meat,Supplier_7,9,381,61,28.99,21.36,15,32.8,1,0,6,131,140,Rainy,68,Normal
169,Product_169,Vegetables,Supplier_4,9,133,80,36.3,32.29,15,37.6,1,1,8,329,87,Rainy,89,Normal
170,Product_170,Grains,Supplier_7,10,556,61,3.86,2.6,10,26.3,1,1,6,154,108,Winter,73,Overstock
171,Product_171,Meat,Supplier_10,8,397,27,41.47,33.5,15,18.1,0,1,6,42,122,Winter,25,Overstock
172,Product_172,Dairy,Supplier_9,5,184,34,43.54,30.6,5,33.3,1,1,10,157,64,Spring,40,Normal
173,Product_173,Grains,Supplier_12,7,150,45,36.91,25.02,10,26.8,1,1,1,29,58,Spring,57,Normal
174,Product_174,Vegetables,Supplier_12,4,300,6,46.79,30.76,10,15.2,0,1,1,105,93,Winter,15,Overstock
175,Product_175,Meat,Supplier_8,1,194,18,23.29,13.44,5,21.3,1,1,7,37,56,Winter,15,Overstock
176,Product_176,Bakery,Supplier_1,5,122,56,48.36,31.83,20,36.8,0,0,2,69,61,Spring,59,Normal
177,Product_177,Household,Supplier_9,10,343,52,6.02,4.55,20,34.7,0,0,6,361,144,Summer,56,Normal
178,Product_178,Snacks,Supplier_4,1,490,46,12.65,9.35,0,18.8,1,1,10,134,59,Spring,42,Overstock
179,Product_179,Dairy,Supplier_10,5,364,89,42.22,31.19,25,18.6,0,0,3,343,146,Winter,88,Normal
180,Product_180,Snacks,Supplier_15,7,583,47,19.2,15.48,10,36.8,0,1,10,257,119,Spring,52,Overstock
181,Product_181,Snacks,Supplier_11,7,133,29,1.69,1.07,25,21.1,1,0,6,343,88,Winter,39,Normal
182,Product_182,Meat,Supplier_14,4,573,27,1.69,1.39,20,24.1,1,1,4,95,83,Summer,28,Overstock
183,Product_183,Meat,Supplier_9,5,445,97,4.21,3.47,20,31.8,1,0,1,31,65,Rainy,97,Overstock
184,Product_184,Bakery,Supplier_11,9,291,73,47.33,28.67,0,34.9,0,1,8,65,85,Summer,72,Overstock
185,Product_185,Bakery,Supplier_2,8,550,91,5.49,4.19,5,22,1,0,1,322,70,Winter,89,Overstock
186,Product_186,Vegetables,Supplier_10,1,90,95,39.37,29.49,5,16.9,1,1,6,349,92,Rainy,105,Low Stock
187,Product_187,Grains,Supplier_8,2,518,24,15.97,11.74,0,15.1,1,0,1,101,127,Summer,35,Overstock
188,Product_188,Meat,Supplier_8,2,368,26,10.43,8.84,15,28.7,0,0,6,352,138,Rainy,21,Normal
189,Product_189,Grains,Supplier_13,3,50,86,19.3,12.27,20,32.3,1,0,5,215,73,Spring,97,Low Stock
190,Product_190,Dairy,Supplier_13,3,398,80,13.49,10.81,20,30.2,0,0,5,234,144,Rainy,83,Normal
191,Product_191,Dairy,Supplier_1,6,108,95,8.24,5.88,15,32.5,1,0,3,103,113,Rainy,105,Low Stock
192,Product_192,Frozen,Supplier_12,1,133,54,5.95,3.49,5,20.7,0,1,4,337,81,Winter,60,Normal
193,Product_193,Bakery,Supplier_12,9,182,91,28.69,24.46,25,32.9,1,1,6,77,61,Winter,102,Normal
194,Product_194,Dairy,Supplier_5,2,294,45,1.93,1.57,5,24,0,1,10,98,127,Winter,43,Normal
195,Product_195,Vegetables,Supplier_9,6,282,14,43.45,33.09,0,30.6,0,0,6,63,45,Spring,24,Overstock
196,Product_196,Fruits,Supplier_7,1,408,57,28.96,20.54,10,32.8,0,1,8,181,138,Summer,62,Normal
197,Product_197,Household,Supplier_4,8,425,34,6.61,4.83,15,27.1,1,1,2,313,133,Rainy,31,Overstock
198,Product_198,Beverages,Supplier_6,7,66,4,47.28,38.59,15,22.8,1,0,9,62,99,Winter,15,Low Stock
199,Product_199,Grains,Supplier_7,8,102,2,19.92,13.43,10,39.6,0,0,6,225,139,Winter,6,Low Stock
200,Product_200,Fruits,Supplier_1,2,533,35,9.7,7.14,5,30.6,1,1,7,103,108,Spring,34,Overstock
1,Product_001,Meat,Supplier_7,10,278,82,23.4,14.17,20,35.8,0,1,2,23,59,Summer,94,Overstock
2,Product_002,Snacks,Supplier_5,1,198,46,10.86,7.2,0,21.9,0,0,7,217,119,Winter,58,Normal
3,Product_003,Frozen,Supplier_6,9,85,72,39.49,35.05,0,24,0,1,7,238,48,Summer,69,Normal
4,Product_004,Meat,Supplier_12,6,250,83,9.43,7.32,20,37.9,1,1,6,109,94,Spring,86,Normal
5,Product_005,Meat,Supplier_8,1,249,39,15.61,8.6,10,24.8,0,1,2,127,137,Summer,42,Normal
6,Product_006,Vegetables,Supplier_3,1,213,42,13.2,9.83,20,36.7,1,1,5,207,68,Winter,38,Overstock
7,Product_007,Household,Supplier_4,2,527,75,2.56,2.21,20,39.2,1,1,5,342,143,Summer,85,Overstock
8,Product_008,Frozen,Supplier_8,4,492,1,37.66,24.11,15,35.4,0,0,8,99,126,Winter,2,Overstock
9,Product_009,Fruits,Supplier_3,7,523,100,22.13,17.22,20,24.1,0,1,5,357,84,Spring,112,Overstock
10,Product_010,Frozen,Supplier_15,6,254,79,37.89,32.04,10,40,0,1,3,93,93,Spring,86,Normal
11,Product_011,Vegetables,Supplier_5,8,485,17,27.91,22.07,20,15.4,1,1,9,31,127,Summer,23,Overstock
12,Product_012,Fruits,Supplier_13,7,59,90,42.43,38.17,15,29.3,1,0,5,228,48,Winter,92,Normal
13,Product_013,Grains,Supplier_8,9,350,83,9.05,5.83,0,35.2,1,1,10,115,136,Summer,80,Normal
14,Product_014,Grains,Supplier_2,9,178,33,15.66,9.5,15,39.3,0,1,5,188,54,Winter,39,Overstock
15,Product_015,Bakery,Supplier_11,2,558,75,9.25,7.61,20,25.2,0,0,3,47,60,Winter,77,Overstock
16,Product_016,Grains,Supplier_4,3,60,38,35.26,23.49,25,18.6,0,1,5,87,147,Rainy,46,Low Stock
17,Product_017,Vegetables,Supplier_3,6,80,86,14.74,9.92,0,35.1,1,1,1,338,62,Summer,83,Normal
18,Product_018,Beverages,Supplier_6,10,363,4,49.54,43.46,20,21.9,0,1,8,330,86,Summer,2,Overstock
19,Product_019,Bakery,Supplier_2,10,44,47,31.74,21.62,5,36.3,1,0,5,190,94,Rainy,49,Low Stock
20,Product_020,Dairy,Supplier_8,2,453,84,42.8,38.31,20,27.8,0,1,3,299,146,Spring,88,Overstock
21,Product_021,Bakery,Supplier_12,2,282,36,44.9,30.03,25,29.4,0,0,4,353,125,Rainy,48,Normal
22,Product_022,Beverages,Supplier_11,1,321,62,7.47,6.5,20,27.4,0,0,1,263,80,Rainy,69,Overstock
23,Product_023,Bakery,Supplier_5,6,139,7,13.14,10.07,25,27.9,1,0,1,256,60,Rainy,7,Normal
24,Product_024,Household,Supplier_10,10,563,47,25.57,22.84,15,29.8,1,1,2,97,52,Rainy,47,Overstock
25,Product_025,Vegetables,Supplier_5,3,576,37,2.04,1.78,0,27.8,1,0,5,305,60,Winter,40,Overstock
26,Product_026,Vegetables,Supplier_8,3,264,87,8.35,7.19,25,20.2,1,0,5,181,101,Winter,93,Normal
27,Product_027,Fruits,Supplier_11,7,200,65,1.68,1.17,10,39.9,1,1,3,240,127,Winter,76,Normal
28,Product_028,Meat,Supplier_15,10,588,36,43.64,25.05,10,34.9,0,1,3,184,140,Spring,37,Overstock
29,Product_029,Snacks,Supplier_4,9,104,50,20.06,11.28,0,19.3,0,1,7,269,113,Rainy,46,Low Stock
30,Product_030,Household,Supplier_8,1,44,34,9.45,6.18,0,26.4,1,0,8,273,117,Rainy,34,Low Stock
31,Product_031,Vegetables,Supplier_1,7,378,83,48.99,35.02,5,24.3,0,1,8,314,43,Rainy,78,Overstock
32,Product_032,Dairy,Supplier_3,5,406,14,34.28,19.11,20,19.7,1,1,2,52,74,Spring,16,Overstock
33,Product_033,Household,Supplier_10,6,214,21,28.67,19.18,10,21,0,1,2,240,103,Rainy,28,Normal
34,Product_034,Vegetables,Supplier_6,2,496,64,27.37,21.94,20,27.6,0,0,3,168,60,Winter,67,Overstock
35,Product_035,Fruits,Supplier_10,9,501,55,20.47,12.7,15,32.3,0,0,1,347,133,Spring,50,Overstock
36,Product_036,Frozen,Supplier_4,7,130,78,21.5,16.2,10,24.1,1,1,3,315,117,Summer,81,Normal
37,Product_037,Household,Supplier_11,1,341,54,42.78,34.06,0,39.4,1,0,3,54,124,Summer,65,Normal
38,Product_038,Vegetables,Supplier_9,10,466,55,8.85,5.77,0,32.9,0,0,5,175,102,Spring,51,Overstock
39,Product_039,Fruits,Supplier_8,7,458,2,23.23,14.56,20,25.4,0,1,10,180,88,Winter,12,Overstock
40,Product_040,Fruits,Supplier_3,4,127,5,3.01,2.15,10,33.6,0,1,5,290,86,Winter,14,Normal
41,Product_041,Meat,Supplier_8,2,466,28,5.81,4.81,10,33.2,1,1,5,352,70,Summer,28,Overstock
42,Product_042,Household,Supplier_6,10,236,57,31.99,28.67,5,35.5,1,0,9,169,97,Summer,59,Normal
43,Product_043,Frozen,Supplier_12,10,596,98,15.7,9.85,5,39.3,1,0,9,101,113,Rainy,97,Overstock
44,Product_044,Household,Supplier_15,2,58,22,11.09,9.32,5,30.3,0,0,9,178,70,Rainy,21,Low Stock
45,Product_045,Grains,Supplier_1,9,368,72,4,2.23,5,30.9,1,0,4,282,83,Summer,77,Overstock
46,Product_046,Snacks,Supplier_11,9,52,86,21.25,13.82,15,31.4,1,1,1,175,79,Summer,81,Low Stock
47,Product_047,Household,Supplier_9,8,347,67,29.98,17.78,10,29.9,1,1,5,237,94,Rainy,77,Overstock
48,Product_048,Snacks,Supplier_1,4,510,10,34.55,20.96,15,27.7,0,0,4,318,101,Spring,22,Overstock
49,Product_049,Grains,Supplier_9,7,131,72,46.87,39.96,25,26.2,1,0,7,353,55,Rainy,70,Normal
50,Product_050,Grains,Supplier_4,9,440,100,4.92,3.3,10,16.6,1,1,4,51,110,Rainy,98,Overstock
51,Product_051,Snacks,Supplier_12,4,185,49,35.2,28.8,20,39.2,0,1,6,291,131,Summer,57,Normal
52,Product_052,Frozen,Supplier_3,5,353,80,3.63,2.65,0,39.5,1,1,5,161,122,Spring,77,Normal
53,Product_053,Vegetables,Supplier_4,10,568,26,44.81,27.78,15,15.3,1,0,5,11,41,Summer,31,Overstock
54,Product_054,Meat,Supplier_12,8,107,25,23.06,16.59,15,32.9,1,0,10,326,51,Rainy,35,Normal
55,Product_055,Fruits,Supplier_12,7,308,95,49.43,33.3,5,17.7,0,0,5,93,70,Winter,107,Overstock
56,Product_056,Fruits,Supplier_15,5,444,91,8.21,5.89,5,19,1,1,10,303,102,Summer,95,Overstock
57,Product_057,Snacks,Supplier_2,9,233,7,42.39,33.66,0,39.1,0,0,10,257,109,Summer,19,Normal
58,Product_058,Snacks,Supplier_6,10,396,56,40.81,30.12,25,19.1,1,0,1,340,58,Rainy,52,Overstock
59,Product_059,Snacks,Supplier_11,8,210,91,9.81,7.53,15,17,0,1,1,162,127,Winter,90,Normal
60,Product_060,Meat,Supplier_11,10,255,84,42.19,33.51,5,18.5,1,1,10,270,135,Rainy,95,Normal
61,Product_061,Dairy,Supplier_14,4,142,42,25.77,23,25,36.6,0,0,9,341,133,Rainy,52,Normal
62,Product_062,Frozen,Supplier_9,2,142,64,12.83,10.85,5,17.2,0,0,6,230,134,Winter,73,Normal
63,Product_063,Meat,Supplier_14,8,231,41,16.74,11.41,25,18.8,1,0,6,142,43,Spring,42,Overstock
64,Product_064,Frozen,Supplier_13,3,60,83,9.73,6.87,25,35.2,0,0,4,88,94,Spring,90,Low Stock
65,Product_065,Snacks,Supplier_10,4,242,31,31.26,18.02,10,38.6,1,0,1,312,72,Summer,40,Overstock
66,Product_066,Beverages,Supplier_9,2,540,95,29.84,16.46,5,36.5,1,0,7,30,58,Rainy,99,Overstock
67,Product_067,Meat,Supplier_4,1,112,94,5.78,5.08,15,21.3,0,0,8,159,57,Summer,94,Normal
68,Product_068,Bakery,Supplier_5,7,196,35,44.04,33.04,20,18.4,0,1,2,36,83,Summer,44,Normal
69,Product_069,Vegetables,Supplier_11,5,61,5,13.2,11.33,5,28.9,0,1,4,30,94,Summer,11,Low Stock
70,Product_070,Frozen,Supplier_8,9,149,96,9.96,6.14,10,30.9,0,0,6,350,91,Rainy,107,Normal
71,Product_071,Frozen,Supplier_9,6,117,84,37.97,28.21,20,33.7,0,0,2,134,72,Spring,95,Normal
72,Product_072,Frozen,Supplier_2,2,261,100,41.96,24.17,15,35.5,1,0,4,277,48,Winter,98,Overstock
73,Product_073,Beverages,Supplier_15,10,56,86,25.64,21.93,5,15.7,0,1,5,277,103,Winter,98,Low Stock
74,Product_074,Bakery,Supplier_7,9,300,67,3.46,2.42,25,29.8,0,1,7,289,140,Spring,67,Normal
75,Product_075,Meat,Supplier_11,9,594,67,23.92,15.65,0,27.7,0,0,5,159,150,Spring,72,Overstock
76,Product_076,Snacks,Supplier_8,6,302,15,6.02,4.62,0,39.5,1,0,1,315,48,Rainy,25,Overstock
77,Product_077,Meat,Supplier_8,3,72,18,2.5,1.68,20,17.3,0,1,10,317,142,Summer,19,Low Stock
78,Product_078,Bakery,Supplier_9,1,154,25,1.68,1.27,15,34.6,1,0,10,279,146,Rainy,26,Normal
79,Product_079,Vegetables,Supplier_5,8,237,74,27.79,18.58,15,19.8,1,1,5,264,145,Winter,86,Normal
80,Product_080,Snacks,Supplier_14,2,596,68,32.31,22.67,25,38.4,1,0,1,43,99,Winter,78,Overstock
81,Product_081,Dairy,Supplier_8,5,332,78,12.93,9.5,10,37.9,1,1,8,199,52,Summer,90,Overstock
82,Product_082,Meat,Supplier_10,3,549,64,5.9,4.93,15,15.3,0,1,3,78,120,Rainy,74,Overstock
83,Product_083,Bakery,Supplier_7,9,480,41,37.65,22.96,15,19.3,1,0,2,281,80,Spring,48,Overstock
84,Product_084,Frozen,Supplier_1,9,533,73,37.28,24.61,0,26.7,0,0,8,67,138,Spring,83,Overstock
85,Product_085,Meat,Supplier_10,4,351,47,33.73,23.48,20,28.6,0,0,7,62,50,Spring,48,Overstock
86,Product_086,Meat,Supplier_12,6,492,63,14.04,9.55,5,31.2,1,1,3,312,59,Rainy,66,Overstock
87,Product_087,Snacks,Supplier_4,10,318,95,39,31.3,15,21.6,1,1,4,209,66,Summer,97,Overstock
88,Product_088,Beverages,Supplier_9,10,421,11,12.07,8.61,20,27.9,0,1,6,146,112,Rainy,21,Overstock
89,Product_089,Household,Supplier_9,8,273,83,20.94,13.65,25,18.4,1,0,6,3,116,Spring,80,Normal
90,Product_090,Dairy,Supplier_8,10,327,100,13.79,9.34,0,39.7,1,0,4,89,101,Summer,109,Overstock
91,Product_091,Snacks,Supplier_11,9,524,78,35.29,30.99,10,33.1,1,0,4,6,121,Rainy,88,Overstock
92,Product_092,Snacks,Supplier_6,9,284,24,34.44,18.98,0,17.2,0,1,9,267,44,Spring,35,Overstock
93,Product_093,Meat,Supplier_9,4,410,34,13.81,9.78,15,37,0,1,3,155,136,Spring,40,Overstock
94,Product_094,Grains,Supplier_1,6,577,11,7.74,6.23,5,26.9,1,1,6,261,81,Rainy,23,Overstock
95,Product_095,Grains,Supplier_3,8,173,87,48.63,28.29,10,17.5,0,1,3,357,142,Winter,94,Normal
96,Product_096,Meat,Supplier_5,4,504,26,28.05,17.97,10,25.1,0,1,9,251,142,Summer,21,Overstock
97,Product_097,Meat,Supplier_3,6,224,44,15.37,9.5,0,22.5,0,0,8,110,89,Rainy,48,Normal
98,Product_098,Beverages,Supplier_10,3,368,17,46.54,38.48,0,38.3,1,0,4,107,89,Winter,17,Overstock
99,Product_099,Meat,Supplier_5,7,389,70,37.23,31.06,5,34.2,0,1,9,361,79,Summer,78,Overstock
100,Product_100,Vegetables,Supplier_14,4,600,68,20.91,13.12,5,17.4,1,0,3,285,111,Summer,76,Overstock
101,Product_101,Vegetables,Supplier_8,2,585,41,31.98,25.54,5,16.9,1,0,3,90,71,Rainy,48,Overstock
102,Product_102,Dairy,Supplier_12,4,442,41,34.01,28.32,5,21,1,0,1,253,143,Rainy,45,Overstock
103,Product_103,Grains,Supplier_5,2,377,51,10.95,9.69,0,23.4,1,1,4,38,131,Summer,48,Normal
104,Product_104,Bakery,Supplier_2,6,79,94,10.52,6.39,5,33.7,0,1,9,33,141,Summer,94,Low Stock
105,Product_105,Meat,Supplier_5,9,71,31,25.54,17,20,39.3,0,1,8,256,146,Rainy,35,Low Stock
106,Product_106,Dairy,Supplier_11,9,198,53,9.05,7.85,20,19.9,1,0,10,213,72,Summer,56,Normal
107,Product_107,Meat,Supplier_13,1,578,53,25.55,21.58,0,28,0,0,8,105,134,Summer,54,Overstock
108,Product_108,Beverages,Supplier_10,9,68,87,38.5,31.41,5,39,1,0,9,24,103,Rainy,99,Low Stock
109,Product_109,Frozen,Supplier_5,8,307,12,24.23,15.44,0,21.4,1,1,7,308,130,Rainy,20,Normal
110,Product_110,Bakery,Supplier_6,4,126,3,38.77,30.42,20,31.3,1,0,4,49,145,Summer,11,Low Stock
111,Product_111,Household,Supplier_10,3,284,28,35.85,25.18,10,24.6,1,1,3,29,65,Winter,33,Overstock
112,Product_112,Fruits,Supplier_11,5,320,71,21.96,18.28,10,36.6,1,1,6,213,117,Winter,67,Normal
113,Product_113,Vegetables,Supplier_4,8,73,7,28.07,23.04,10,34,0,0,6,88,51,Spring,15,Normal
114,Product_114,Household,Supplier_15,4,419,3,42.72,34.67,0,32.4,1,1,5,276,100,Spring,5,Overstock
115,Product_115,Grains,Supplier_4,7,494,77,23.82,20.46,10,16.1,0,0,9,94,135,Winter,76,Overstock
116,Product_116,Snacks,Supplier_12,10,347,97,6.97,4.98,5,39.8,1,0,5,144,76,Summer,102,Overstock
117,Product_117,Household,Supplier_9,5,312,92,4.52,2.84,10,37,1,0,9,31,88,Summer,91,Overstock
118,Product_118,Household,Supplier_10,8,151,54,3.14,2.56,10,20.9,0,0,5,82,128,Winter,62,Normal
119,Product_119,Bakery,Supplier_7,2,578,66,24.43,15.04,25,26,1,1,7,168,115,Spring,65,Overstock
120,Product_120,Frozen,Supplier_8,10,288,75,29.57,17.55,10,18.8,1,0,8,225,102,Winter,78,Normal
121,Product_121,Frozen,Supplier_1,1,423,10,4.84,3.9,5,25.1,0,0,7,301,64,Rainy,22,Overstock
122,Product_122,Beverages,Supplier_9,5,106,95,6.66,4.64,20,22.9,1,1,9,321,125,Summer,104,Low Stock
123,Product_123,Frozen,Supplier_3,3,426,72,7.23,4.68,5,25.8,1,1,10,365,71,Winter,67,Overstock
124,Product_124,Household,Supplier_7,2,243,45,48.13,29.4,15,34.7,0,0,10,179,131,Spring,48,Normal
125,Product_125,Bakery,Supplier_4,8,357,37,29.3,18.26,10,33.4,1,0,8,54,150,Summer,46,Normal
126,Product_126,Bakery,Supplier_9,5,374,80,38.46,26.56,0,20.8,0,0,4,183,84,Spring,83,Overstock
127,Product_127,Household,Supplier_2,2,292,58,15.47,13.52,25,16.6,1,1,10,181,54,Spring,67,Overstock
128,Product_128,Beverages,Supplier_14,4,262,54,31.77,23.74,5,35.1,0,1,1,154,49,Rainy,55,Overstock
129,Product_129,Meat,Supplier_6,10,468,68,22.7,13.5,5,39.9,1,0,7,357,141,Summer,63,Overstock
130,Product_130,Grains,Supplier_6,6,340,30,41.65,32.44,20,17.3,1,1,4,238,113,Winter,29,Overstock
131,Product_131,Fruits,Supplier_10,4,453,80,4.45,3.79,20,33.4,0,0,9,72,85,Winter,83,Overstock
132,Product_132,Bakery,Supplier_3,1,320,69,10.63,6.55,5,25.1,0,0,7,288,147,Rainy,68,Normal
133,Product_133,Beverages,Supplier_9,5,474,38,8.59,7.53,20,23.2,1,0,4,268,63,Spring,45,Overstock
134,Product_134,Frozen,Supplier_7,9,536,97,15.96,12.53,20,37.3,1,1,8,92,47,Summer,107,Overstock
135,Product_135,Dairy,Supplier_12,4,259,11,33.8,20.07,5,36.4,1,0,4,85,52,Rainy,9,Overstock
136,Product_136,Grains,Supplier_9,6,132,71,10.62,6.2,20,27.5,0,0,4,107,121,Summer,73,Normal
137,Product_137,Vegetables,Supplier_5,2,49,13,10.82,8.44,15,22.3,0,0,2,145,54,Winter,17,Low Stock
138,Product_138,Snacks,Supplier_6,7,90,10,18.46,12.5,0,22,1,0,9,75,147,Spring,15,Low Stock
139,Product_139,Frozen,Supplier_1,4,531,35,40.13,22.82,0,23,1,1,4,345,42,Rainy,37,Overstock
140,Product_140,Fruits,Supplier_4,6,222,35,2.16,1.83,15,39.7,0,1,4,279,137,Winter,33,Normal
141,Product_141,Beverages,Supplier_5,6,34,53,13.32,8.13,10,28.4,0,0,4,191,76,Spring,55,Low Stock
142,Product_142,Meat,Supplier_8,3,435,61,31.14,22.51,15,37.5,0,0,2,334,64,Winter,57,Overstock
143,Product_143,Snacks,Supplier_9,1,328,58,21.03,11.64,20,36.3,0,0,5,287,52,Rainy,54,Overstock
144,Product_144,Fruits,Supplier_11,9,233,87,47.24,36.74,5,18.5,0,1,1,199,145,Winter,97,Normal
145,Product_145,Meat,Supplier_4,6,117,72,31.96,26.03,25,37,1,1,7,271,63,Summer,75,Normal
146,Product_146,Meat,Supplier_7,3,85,27,6.16,3.9,10,26.9,0,1,4,125,121,Summer,38,Low Stock
147,Product_147,Meat,Supplier_8,1,456,32,18.41,10.2,10,31.2,1,1,2,15,64,Rainy,33,Overstock
148,Product_148,Frozen,Supplier_13,5,147,62,26.6,23.38,5,31.6,1,1,4,281,63,Winter,66,Normal
149,Product_149,Vegetables,Supplier_13,3,285,55,47.68,31.63,25,16,0,1,6,271,49,Winter,54,Overstock
150,Product_150,Grains,Supplier_5,7,408,89,34.49,20.75,20,17.6,1,1,2,272,104,Spring,95,Overstock
151,Product_151,Bakery,Supplier_2,5,560,60,12.61,9.92,25,26.6,1,1,4,190,141,Rainy,55,Overstock
152,Product_152,Grains,Supplier_4,8,484,11,22.96,14.77,0,17.8,0,1,10,119,63,Rainy,21,Overstock
153,Product_153,Household,Supplier_8,7,224,66,10.8,6.54,25,16.6,1,1,5,143,117,Summer,77,Normal
154,Product_154,Bakery,Supplier_5,3,386,40,31.58,21.31,15,36.4,1,1,6,173,121,Rainy,35,Overstock
155,Product_155,Frozen,Supplier_9,7,162,52,4.37,3.28,15,25.8,1,1,1,267,42,Summer,59,Overstock
156,Product_156,Dairy,Supplier_8,2,573,75,1.3,0.97,5,21.3,0,0,8,43,77,Summer,75,Overstock
157,Product_157,Household,Supplier_11,7,387,65,25.01,15.44,5,24.4,1,1,10,270,131,Summer,71,Normal
158,Product_158,Household,Supplier_4,4,507,98,36.4,31.16,10,21.8,0,0,8,29,101,Spring,108,Overstock
159,Product_159,Beverages,Supplier_6,9,111,83,20.83,12.34,0,21.8,1,0,7,268,57,Winter,87,Normal
160,Product_160,Meat,Supplier_9,9,508,83,6.67,4.56,20,25.5,0,1,3,186,70,Rainy,89,Overstock
161,Product_161,Meat,Supplier_9,4,63,25,31.08,17.25,10,18.3,1,0,6,194,110,Rainy,28,Low Stock
162,Product_162,Grains,Supplier_12,8,575,35,20.79,11.67,25,37.4,1,0,10,306,109,Summer,42,Overstock
163,Product_163,Beverages,Supplier_12,1,360,28,35.5,23.41,15,38.4,0,1,9,92,103,Rainy,38,Overstock
164,Product_164,Household,Supplier_7,8,73,94,20.82,14.81,5,34.4,1,0,9,187,61,Rainy,106,Normal
165,Product_165,Frozen,Supplier_8,2,154,93,35.36,20.16,25,34.5,0,0,6,105,85,Rainy,104,Normal
166,Product_166,Dairy,Supplier_8,3,465,77,37.12,24.66,0,27.7,0,0,6,112,91,Spring,74,Overstock
167,Product_167,Grains,Supplier_5,4,367,26,6.81,5.99,20,35.8,1,1,3,24,66,Spring,22,Overstock
168,Product_168,Meat,Supplier_1,3,453,36,29.2,19.13,10,35.7,1,0,2,279,113,Spring,33,Overstock
169,Product_169,Vegetables,Supplier_4,7,263,73,22.74,18.41,25,37.4,0,1,1,306,107,Winter,85,Normal
170,Product_170,Grains,Supplier_13,7,280,3,11.43,7.82,10,20.5,1,1,10,161,144,Summer,11,Normal
171,Product_171,Meat,Supplier_1,2,507,97,10.67,7.62,5,30.6,1,0,6,303,80,Rainy,100,Overstock
172,Product_172,Dairy,Supplier_15,1,404,42,39.14,22.09,10,31.9,1,0,6,322,97,Rainy,45,Overstock
173,Product_173,Grains,Supplier_14,6,261,61,46.84,30.5,25,17.1,1,0,5,358,128,Summer,68,Normal
174,Product_174,Vegetables,Supplier_5,4,196,53,7.11,6.2,20,30.7,0,0,1,180,123,Summer,59,Normal
175,Product_175,Meat,Supplier_1,7,122,76,8.36,6.22,25,15.2,1,1,9,306,63,Summer,71,Normal
176,Product_176,Bakery,Supplier_8,6,454,25,29.28,17.68,25,35.9,0,0,3,279,51,Rainy,37,Overstock
177,Product_177,Household,Supplier_3,10,192,78,30.94,25.37,5,17.8,0,1,3,288,132,Winter,89,Normal
178,Product_178,Snacks,Supplier_12,9,219,26,41.36,26.17,0,25.8,0,1,7,356,62,Rainy,32,Overstock
179,Product_179,Dairy,Supplier_8,9,141,73,13.25,9.61,15,33.5,0,1,8,21,51,Spring,77,Normal
180,Product_180,Snacks,Supplier_2,7,500,21,44.63,30.78,20,21,1,1,8,150,145,Rainy,28,Overstock
181,Product_181,Snacks,Supplier_14,3,460,19,47.67,27.04,20,30.9,0,1,9,290,59,Rainy,26,Overstock
182,Product_182,Meat,Supplier_14,2,115,59,2.52,1.97,15,36.2,1,1,6,181,54,Summer,60,Normal
183,Product_183,Meat,Supplier_6,3,516,68,18.39,15.64,5,21.1,0,0,5,179,107,Rainy,74,Overstock
184,Product_184,Bakery,Supplier_8,8,136,32,48.22,29.81,20,20.8,0,0,4,93,119,Rainy,37,Normal
185,Product_185,Bakery,Supplier_5,1,472,68,45.55,36.73,15,22.7,1,0,7,149,121,Spring,71,Overstock
186,Product_186,Vegetables,Supplier_10,8,484,71,39.29,34.8,20,31.9,0,1,3,110,92,Winter,81,Overstock
187,Product_187,Grains,Supplier_4,7,583,63,26.4,20.04,0,38.9,0,1,8,365,137,Summer,60,Overstock
188,Product_188,Meat,Supplier_1,3,521,85,39.74,27.17,10,37.3,1,0,1,18,143,Rainy,95,Overstock
189,Product_189,Grains,Supplier_7,10,502,15,29.73,19.21,10,32.4,0,1,10,208,75,Spring,18,Overstock
190,Product_190,Dairy,Supplier_2,8,254,35,21.84,12.97,25,25.6,1,0,4,35,124,Rainy,47,Normal
191,Product_191,Dairy,Supplier_5,5,532,99,14.95,8.39,20,20.7,1,0,5,141,131,Winter,95,Overstock
192,Product_192,Frozen,Supplier_9,2,335,27,34.15,21.86,10,36.9,1,0,2,350,147,Rainy,32,Normal
193,Product_193,Bakery,Supplier_13,6,350,30,24.13,13.99,25,25.8,1,1,3,183,71,Winter,38,Overstock
194,Product_194,Dairy,Supplier_13,6,152,11,42.5,24.65,20,19.2,1,1,10,332,70,Summer,18,Normal
195,Product_195,Vegetables,Supplier_1,5,372,31,38.5,30.48,10,32.2,1,1,4,307,95,Summer,33,Overstock
196,Product_196,Fruits,Supplier_6,4,428,35,35.36,22.06,10,38.3,0,0,10,305,81,Spring,42,Overstock
197,Product_197,Household,Supplier_6,6,444,87,3.84,2.36,10,22.5,0,0,7,75,42,Summer,84,Overstock
198,Product_198,Beverages,Supplier_6,5,212,11,32.97,21.34,0,22.8,1,0,1,158,60,Summer,15,Overstock
199,Product_199,Grains,Supplier_4,5,42,18,6.25,4.56,5,27.6,0,0,6,84,89,Summer,16,Low Stock
200,Product_200,Fruits,Supplier_6,3,544,38,14.36,8.7,5,39.6,1,0,2,150,127,Summer,34,Overstock
1,Product_001,Meat,Supplier_4,2,394,52,27.11,20.34,20,29.7,0,0,6,331,88,Winter,54,Overstock
2,Product_002,Snacks,Supplier_3,8,476,26,27.03,18.12,5,23.9,1,0,7,7,134,Spring,33,Overstock
3,Product_003,Frozen,Supplier_9,8,501,26,49.87,29.32,0,29.9,1,0,7,26,108,Winter,37,Overstock
4,Product_004,Meat,Supplier_9,2,449,68,39.29,22.59,25,16.6,1,0,2,283,127,Summer,64,Overstock
5,Product_005,Meat,Supplier_15,3,294,27,38.99,31.72,10,26.9,1,1,4,299,57,Rainy,24,Overstock
6,Product_006,Vegetables,Supplier_3,5,232,20,26.15,14.8,20,36.6,1,0,8,25,62,Spring,20,Overstock
7,Product_007,Household,Supplier_4,5,483,71,31.86,20.85,25,34.4,1,0,7,164,137,Spring,70,Overstock
8,Product_008,Frozen,Supplier_3,5,554,88,21.16,13.59,5,32.4,0,0,2,133,99,Spring,84,Overstock
9,Product_009,Fruits,Supplier_15,4,583,73,33.37,23.5,20,21.7,1,1,5,285,100,Summer,81,Overstock
10,Product_010,Frozen,Supplier_3,4,263,38,6.1,4.17,5,39.2,1,1,10,158,40,Winter,33,Overstock
11,Product_011,Vegetables,Supplier_10,1,33,79,41.96,30.99,20,16.6,0,0,8,139,76,Summer,91,Low Stock
12,Product_012,Fruits,Supplier_1,5,422,52,16,10.83,10,19.1,0,0,6,160,99,Rainy,59,Overstock
13,Product_013,Grains,Supplier_3,7,337,45,26,15.05,5,38.2,1,1,6,169,132,Spring,56,Normal
14,Product_014,Grains,Supplier_9,6,278,32,3.71,3.2,20,30.2,1,0,1,231,109,Spring,30,Normal
15,Product_015,Bakery,Supplier_1,9,536,53,44.69,39.67,10,37.9,0,1,8,25,106,Rainy,53,Overstock
16,Product_016,Grains,Supplier_4,8,337,32,7.34,4.63,15,22.1,1,0,5,242,53,Winter,27,Overstock
17,Product_017,Vegetables,Supplier_3,10,534,73,10.72,6.91,5,24,0,0,3,71,106,Rainy,80,Overstock
18,Product_018,Beverages,Supplier_7,1,327,29,8.32,4.75,25,17,1,1,4,198,47,Summer,31,Overstock
19,Product_019,Bakery,Supplier_12,7,296,98,46.38,34.13,15,15.3,0,0,8,333,103,Rainy,98,Normal
20,Product_020,Dairy,Supplier_15,10,534,65,40.96,34.11,25,32.6,1,1,4,42,58,Rainy,73,Overstock
21,Product_021,Bakery,Supplier_1,6,345,85,36.71,26.29,20,15.9,0,1,9,108,122,Winter,90,Normal
22,Product_022,Beverages,Supplier_11,6,512,8,44.96,33.44,25,25.3,1,0,2,93,101,Rainy,11,Overstock
23,Product_023,Bakery,Supplier_13,1,587,88,40.09,30.64,0,16.4,1,1,3,165,124,Winter,94,Overstock
24,Product_024,Household,Supplier_14,8,109,38,9.92,7.59,5,27.4,0,0,5,323,47,Summer,37,Normal
25,Product_025,Vegetables,Supplier_15,5,597,63,36.57,23.8,0,29.3,1,1,5,8,95,Rainy,73,Overstock
26,Product_026,Vegetables,Supplier_9,8,341,94,7.66,5.79,15,35.7,0,0,6,91,149,Summer,98,Normal
27,Product_027,Fruits,Supplier_9,1,509,67,13.47,11.12,10,39.8,1,0,5,141,80,Summer,62,Overstock
28,Product_028,Meat,Supplier_5,8,179,67,20.3,11.62,0,25.3,1,1,1,311,60,Winter,73,Normal
29,Product_029,Snacks,Supplier_7,7,322,77,21.84,18.37,5,36.2,0,0,9,354,55,Spring,77,Overstock
30,Product_030,Household,Supplier_12,5,396,83,41.83,24.63,10,30.3,0,0,2,231,73,Rainy,89,Overstock
31,Product_031,Vegetables,Supplier_8,10,423,85,33.95,30.2,25,35.9,1,1,2,135,69,Spring,88,Overstock
32,Product_032,Dairy,Supplier_3,5,260,5,13.92,10.56,25,16.4,0,1,10,56,129,Spring,17,Normal
33,Product_033,Household,Supplier_3,9,405,68,31.8,21.99,25,23.6,0,1,2,334,144,Summer,71,Normal
34,Product_034,Vegetables,Supplier_10,6,293,45,5.16,4.04,15,36.6,0,0,4,106,138,Summer,55,Normal
35,Product_035,Fruits,Supplier_13,3,476,63,47.47,27.72,20,35.7,1,0,2,354,56,Rainy,72,Overstock
36,Product_036,Frozen,Supplier_13,10,584,59,3.77,2.77,25,30.8,1,1,4,175,143,Winter,56,Overstock
37,Product_037,Household,Supplier_13,10,377,48,15.12,10.76,25,16.1,1,1,6,163,80,Rainy,43,Overstock
38,Product_038,Vegetables,Supplier_12,7,264,50,13.17,7.84,5,27,0,0,4,215,74,Rainy,53,Overstock
39,Product_039,Fruits,Supplier_11,5,379,1,28.34,17.67,15,33.6,0,0,7,275,136,Rainy,10,Normal
40,Product_040,Fruits,Supplier_8,9,129,35,30.65,22.27,10,31.5,1,0,10,163,118,Winter,33,Normal
41,Product_041,Meat,Supplier_12,1,436,42,18.13,12.82,0,18.3,1,0,6,78,126,Winter,42,Overstock
42,Product_042,Household,Supplier_11,6,303,98,45.06,40.22,20,32,0,0,5,269,61,Summer,97,Overstock
43,Product_043,Frozen,Supplier_12,1,197,100,2.2,1.38,10,34.4,1,0,3,224,47,Spring,105,Overstock
44,Product_044,Household,Supplier_15,1,436,29,4.2,2.56,10,36.8,0,0,8,45,75,Winter,40,Overstock
45,Product_045,Grains,Supplier_6,9,164,30,25.1,15.42,25,24.6,0,1,7,360,149,Winter,30,Normal
46,Product_046,Snacks,Supplier_8,7,484,29,32.14,18.39,25,39.3,0,0,6,14,66,Winter,37,Overstock
47,Product_047,Household,Supplier_5,6,540,65,38.31,34.48,5,32.5,1,1,4,361,76,Summer,63,Overstock
48,Product_048,Snacks,Supplier_4,2,527,32,5.36,4.12,5,21.4,1,1,3,15,62,Spring,30,Overstock
49,Product_049,Grains,Supplier_6,7,460,22,2.86,2.19,25,17.9,1,0,2,33,123,Winter,34,Overstock
50,Product_050,Grains,Supplier_15,5,560,61,38.48,29.86,25,15,1,0,10,23,88,Spring,66,Overstock
51,Product_051,Snacks,Supplier_12,1,241,11,48.89,39.48,20,16.2,1,0,7,85,113,Spring,12,Normal
52,Product_052,Frozen,Supplier_1,2,571,45,5.75,4.42,20,34.4,1,1,1,276,77,Winter,47,Overstock
53,Product_053,Vegetables,Supplier_9,2,434,98,49.12,43.59,10,16.7,0,0,5,183,142,Spring,99,Overstock
54,Product_054,Meat,Supplier_5,9,168,6,24.63,16.44,20,29.1,1,0,7,175,129,Summer,2,Normal
55,Product_055,Fruits,Supplier_2,1,450,52,23.03,20.47,5,21.6,0,0,3,223,70,Summer,59,Overstock
56,Product_056,Fruits,Supplier_3,4,456,68,31.96,21.24,5,23.6,1,1,6,305,46,Rainy,66,Overstock
57,Product_057,Snacks,Supplier_1,8,55,39,4.49,2.92,0,22.9,0,1,1,302,69,Summer,50,Low Stock
58,Product_058,Snacks,Supplier_1,7,300,2,25.87,14.51,10,28.2,1,1,8,171,77,Spring,2,Overstock
59,Product_059,Snacks,Supplier_13,7,537,15,35.67,20.39,0,34.3,0,0,2,328,68,Spring,17,Overstock
60,Product_060,Meat,Supplier_4,9,532,8,29.92,18.84,20,34.6,0,0,7,66,89,Rainy,17,Overstock
61,Product_061,Dairy,Supplier_14,8,335,98,34.16,20.36,25,16.1,0,0,4,8,139,Summer,97,Normal
62,Product_062,Frozen,Supplier_4,5,393,84,38.22,28.81,0,26.9,1,0,5,339,89,Summer,89,Overstock
63,Product_063,Meat,Supplier_11,5,243,32,45.48,34.52,10,19.2,1,0,3,269,86,Winter,33,Normal
64,Product_064,Frozen,Supplier_5,10,517,83,12.94,10.79,20,37.8,1,0,7,348,129,Winter,93,Overstock
65,Product_065,Snacks,Supplier_8,1,524,63,27.77,24.71,15,19.2,0,1,7,264,88,Summer,59,Overstock
66,Product_066,Beverages,Supplier_5,4,360,41,10.35,7.06,15,40,1,1,1,55,65,Winter,37,Overstock
67,Product_067,Meat,Supplier_10,9,55,65,25.26,22.26,15,16.9,0,0,7,19,40,Summer,74,Normal
68,Product_068,Bakery,Supplier_5,9,247,90,27.34,16.06,10,38.4,1,0,3,88,62,Spring,87,Overstock
69,Product_069,Vegetables,Supplier_3,9,522,57,17.85,10.31,0,25.6,0,1,7,364,112,Winter,56,Overstock
70,Product_070,Frozen,Supplier_2,1,193,34,27.89,19.62,0,21.3,1,0,4,135,47,Rainy,36,Overstock
71,Product_071,Frozen,Supplier_13,4,215,46,35.64,29.44,25,38.8,0,0,2,93,79,Summer,46,Normal
72,Product_072,Frozen,Supplier_5,3,552,68,24.39,19.69,5,33,1,1,4,312,48,Winter,64,Overstock
73,Product_073,Beverages,Supplier_15,6,48,61,41.33,31.39,0,37.9,1,1,2,190,115,Winter,62,Low Stock
74,Product_074,Bakery,Supplier_1,1,129,75,48.33,41.63,20,18.6,1,1,2,48,47,Rainy,83,Normal
75,Product_075,Meat,Supplier_1,4,406,40,37.37,22.3,25,15.5,1,1,4,333,95,Spring,36,Overstock
76,Product_076,Snacks,Supplier_3,7,450,45,8.08,4.48,0,28.7,1,0,10,267,52,Winter,48,Overstock
77,Product_077,Meat,Supplier_6,4,465,75,5.25,3.28,25,27.2,0,1,5,70,121,Spring,87,Overstock
78,Product_078,Bakery,Supplier_10,8,387,7,38.71,23.68,0,30.8,1,1,8,194,54,Rainy,10,Overstock
79,Product_079,Vegetables,Supplier_3,2,478,76,22.3,13.58,10,19.8,0,1,2,151,144,Winter,87,Overstock
80,Product_080,Snacks,Supplier_1,5,349,10,49.11,36.62,15,37.1,1,1,10,26,63,Rainy,20,Overstock
81,Product_081,Dairy,Supplier_9,6,394,14,36.73,29.12,20,31.5,1,1,2,210,116,Rainy,17,Overstock
82,Product_082,Meat,Supplier_10,4,451,2,15.74,9.67,0,30.8,1,0,10,92,45,Summer,12,Overstock
83,Product_083,Bakery,Supplier_15,4,324,34,31.62,23.82,25,27.5,1,0,9,153,100,Winter,34,Overstock
84,Product_084,Frozen,Supplier_10,5,582,36,42.31,37.43,20,33.1,1,0,7,95,76,Summer,31,Overstock
85,Product_085,Meat,Supplier_9,4,268,39,4.04,3.46,25,27.6,1,1,7,230,150,Winter,49,Normal
86,Product_086,Meat,Supplier_3,6,548,40,14.68,8.56,0,19,0,0,6,282,51,Summer,38,Overstock
87,Product_087,Snacks,Supplier_12,3,589,43,22.77,16.07,10,20.5,1,0,9,72,75,Rainy,48,Overstock
88,Product_088,Beverages,Supplier_6,3,293,77,5.66,3.49,25,30.1,0,0,8,56,94,Summer,86,Overstock
89,Product_089,Household,Supplier_3,2,283,62,24.35,17.39,20,36.4,1,0,3,54,67,Rainy,57,Overstock
90,Product_090,Dairy,Supplier_5,2,197,81,13.27,11.14,15,35.8,0,1,2,338,81,Winter,76,Normal
91,Product_091,Snacks,Supplier_9,8,64,13,47.7,40.38,5,29.6,0,1,3,344,140,Winter,19,Low Stock
92,Product_092,Snacks,Supplier_6,1,332,35,31.38,18.32,25,30.7,1,0,6,59,117,Summer,35,Normal
93,Product_093,Meat,Supplier_4,5,479,33,35.44,28.85,0,29.9,1,0,3,131,102,Spring,34,Overstock
94,Product_094,Grains,Supplier_12,6,187,48,19.24,12.19,20,20.8,0,0,7,357,55,Spring,48,Overstock
95,Product_095,Grains,Supplier_9,6,300,3,20.41,17.83,5,22.1,0,1,2,105,88,Spring,6,Overstock
96,Product_096,Meat,Supplier_3,5,545,27,20.64,13.8,15,31.4,0,1,7,57,42,Spring,22,Overstock
97,Product_097,Meat,Supplier_12,9,417,7,3.48,2.75,20,22.7,0,1,10,4,96,Summer,9,Overstock
98,Product_098,Beverages,Supplier_1,3,316,74,49.1,36.59,5,23.8,1,1,8,20,42,Spring,76,Overstock
99,Product_099,Meat,Supplier_11,9,425,37,22.81,19.56,10,22.8,0,0,5,169,110,Spring,38,Overstock
100,Product_100,Vegetables,Supplier_11,5,408,100,7.64,6.44,15,38.8,1,0,6,241,92,Spring,96,Overstock
101,Product_101,Vegetables,Supplier_8,7,587,24,16.96,11.47,10,28.6,1,1,10,310,133,Summer,19,Overstock
102,Product_102,Dairy,Supplier_13,6,287,95,8.67,5.74,20,33.7,1,1,3,201,116,Winter,92,Normal
103,Product_103,Grains,Supplier_8,9,382,35,9.89,8.42,5,26.3,1,1,8,274,92,Spring,43,Overstock
104,Product_104,Bakery,Supplier_9,3,182,59,44.04,32.77,20,16.5,1,0,5,194,60,Spring,70,Overstock
105,Product_105,Meat,Supplier_9,8,116,68,1.32,1.15,25,18,1,1,10,11,113,Spring,75,Normal
106,Product_106,Dairy,Supplier_6,3,89,88,44.04,27.59,5,39.2,1,0,6,60,73,Winter,84,Normal
107,Product_107,Meat,Supplier_11,8,276,29,31.6,18.97,0,27.8,1,0,10,58,120,Summer,24,Normal
108,Product_108,Beverages,Supplier_4,8,557,12,38.08,32.45,0,29.9,0,1,3,138,76,Spring,21,Overstock
109,Product_109,Frozen,Supplier_4,9,338,94,22.93,14.6,10,22.1,1,0,8,210,136,Rainy,93,Normal
110,Product_110,Bakery,Supplier_6,1,198,70,32.76,28.62,10,37.9,1,1,6,279,147,Rainy,67,Normal
111,Product_111,Household,Supplier_6,10,385,38,45.75,33.1,15,32.1,1,0,1,103,105,Winter,41,Overstock
112,Product_112,Fruits,Supplier_12,6,224,59,5.69,3.85,10,16.8,0,1,9,292,112,Spring,68,Normal
113,Product_113,Vegetables,Supplier_8,6,123,53,38.86,30.94,15,21.1,0,0,7,347,85,Summer,63,Normal
114,Product_114,Household,Supplier_2,2,233,18,46.24,34.7,15,32.8,1,0,2,59,100,Rainy,19,Normal
115,Product_115,Grains,Supplier_13,9,548,3,17.52,11,10,22,0,0,10,324,139,Spring,5,Overstock
116,Product_116,Snacks,Supplier_11,9,77,50,44.1,28.73,20,29.3,0,1,6,149,119,Summer,57,Low Stock
117,Product_117,Household,Supplier_4,2,131,30,19.61,17.6,10,24.5,1,1,8,142,119,Rainy,29,Normal
118,Product_118,Household,Supplier_3,8,589,44,38.5,26.76,5,27.4,1,1,1,8,85,Spring,42,Overstock
119,Product_119,Bakery,Supplier_11,4,517,35,35.78,22.7,25,28.6,0,0,10,106,145,Summer,46,Overstock
120,Product_120,Frozen,Supplier_10,10,488,41,7.33,6.33,25,22.4,0,1,10,51,135,Winter,37,Overstock
121,Product_121,Frozen,Supplier_3,1,517,93,21.65,17.98,0,17.8,0,0,3,186,123,Winter,97,Overstock
122,Product_122,Beverages,Supplier_1,5,301,25,30.34,22.11,10,20.8,1,0,6,257,122,Rainy,31,Normal
123,Product_123,Frozen,Supplier_15,10,395,40,17.57,13.11,10,32.4,1,0,9,201,123,Spring,47,Overstock
124,Product_124,Household,Supplier_11,8,306,52,6.11,3.69,0,32.3,0,0,5,162,53,Winter,57,Overstock
125,Product_125,Bakery,Supplier_14,8,586,42,42.78,31.87,5,37.1,1,0,10,183,134,Summer,37,Overstock
126,Product_126,Bakery,Supplier_15,4,279,34,23.41,19.93,5,31.7,1,1,3,269,85,Spring,31,Overstock
127,Product_127,Household,Supplier_3,1,31,21,36.18,20.61,5,21.4,1,0,7,241,92,Spring,19,Low Stock
128,Product_128,Beverages,Supplier_2,10,342,26,36.4,29.56,10,22,0,0,8,207,126,Spring,33,Normal
129,Product_129,Meat,Supplier_15,10,421,53,29.51,26.01,15,30.7,0,1,3,107,124,Summer,60,Overstock
130,Product_130,Grains,Supplier_15,10,497,88,28.92,19.06,10,21.9,1,0,4,294,97,Summer,87,Overstock
131,Product_131,Fruits,Supplier_10,2,92,28,22.39,15.06,5,30.5,0,0,6,223,45,Spring,24,Normal
132,Product_132,Bakery,Supplier_10,10,360,20,9.55,8,15,17.2,1,1,8,82,101,Spring,27,Overstock
133,Product_133,Beverages,Supplier_4,5,270,40,18.24,13.06,25,16.7,1,0,5,342,99,Spring,45,Normal
134,Product_134,Frozen,Supplier_6,9,492,48,22.08,17.29,20,34.6,0,0,4,44,137,Winter,49,Overstock
135,Product_135,Dairy,Supplier_7,6,470,75,30.86,17.89,15,22.5,0,0,10,129,124,Rainy,75,Overstock
136,Product_136,Grains,Supplier_3,5,237,78,46.2,35.51,0,27.7,1,0,5,343,94,Rainy,80,Normal
137,Product_137,Vegetables,Supplier_5,7,198,50,16.88,13.65,5,34.7,1,1,4,336,66,Rainy,56,Normal
138,Product_138,Snacks,Supplier_6,10,155,22,46.21,38.84,10,15.9,0,0,8,36,56,Spring,29,Normal
139,Product_139,Frozen,Supplier_1,8,286,3,42.57,33.53,20,35.6,1,1,5,121,98,Winter,8,Normal
140,Product_140,Fruits,Supplier_8,6,254,99,2.8,2.27,0,26.7,1,1,1,131,108,Summer,99,Normal
141,Product_141,Beverages,Supplier_8,10,53,26,16.68,10.43,15,35.9,1,0,7,134,77,Winter,21,Low Stock
142,Product_142,Meat,Supplier_15,10,360,61,20.11,15.67,25,17.5,1,1,6,319,74,Winter,64,Overstock
143,Product_143,Snacks,Supplier_3,5,213,79,7.33,6.24,20,26.7,0,1,7,264,149,Summer,74,Normal
144,Product_144,Fruits,Supplier_13,6,201,5,4.83,4.31,25,18.8,1,1,7,185,134,Spring,10,Normal
145,Product_145,Meat,Supplier_1,3,539,2,21.41,15.47,0,29.4,1,0,10,307,41,Summer,7,Overstock
146,Product_146,Meat,Supplier_3,9,415,60,45.79,28.1,20,27.1,1,1,8,119,112,Winter,69,Overstock
147,Product_147,Meat,Supplier_12,6,546,25,18.9,12.16,20,33.5,0,0,4,93,54,Winter,31,Overstock
148,Product_148,Frozen,Supplier_11,2,538,76,11.02,8.85,15,29.1,0,0,4,123,64,Rainy,75,Overstock
149,Product_149,Vegetables,Supplier_10,3,529,42,13.41,11.39,5,33.6,1,0,2,292,139,Summer,54,Overstock
150,Product_150,Grains,Supplier_10,9,297,34,20.68,12.34,5,16.7,0,0,2,97,148,Rainy,39,Normal
151,Product_151,Bakery,Supplier_4,4,410,95,9.03,6.61,25,29.8,0,0,5,142,137,Summer,92,Normal
152,Product_152,Grains,Supplier_8,9,489,2,28.8,20.45,0,31.6,1,0,2,287,82,Summer,7,Overstock
153,Product_153,Household,Supplier_4,7,291,6,43.64,38.33,25,32.1,1,0,2,313,76,Summer,12,Overstock
154,Product_154,Bakery,Supplier_14,5,228,48,9.04,7.95,10,16,0,1,7,261,125,Winter,59,Normal
155,Product_155,Frozen,Supplier_11,6,207,54,4.82,3.05,25,17.8,0,1,4,13,104,Spring,55,Normal
156,Product_156,Dairy,Supplier_12,2,529,73,48.22,40.17,25,20.3,1,0,1,111,97,Rainy,81,Overstock
157,Product_157,Household,Supplier_13,8,411,24,11.22,8.1,5,36.1,1,0,10,118,67,Summer,34,Overstock
158,Product_158,Household,Supplier_10,7,512,65,28.04,16.52,0,24.4,1,0,5,208,71,Summer,67,Overstock
159,Product_159,Beverages,Supplier_9,6,150,31,41.65,24.19,20,19.6,0,0,5,134,53,Winter,31,Normal
160,Product_160,Meat,Supplier_7,5,189,37,47.82,34.41,20,16.5,0,0,6,234,97,Winter,35,Normal
161,Product_161,Meat,Supplier_9,5,144,63,4.52,3.47,5,25.1,1,0,4,246,123,Spring,69,Normal
162,Product_162,Grains,Supplier_13,7,413,34,42.81,26.94,5,18.9,1,0,4,341,40,Rainy,44,Overstock
163,Product_163,Beverages,Supplier_9,4,279,99,29.8,17.11,0,21.2,0,1,3,328,140,Spring,98,Normal
164,Product_164,Household,Supplier_1,1,309,62,13.7,12.31,25,28.5,1,0,7,319,120,Summer,60,Normal
165,Product_165,Frozen,Supplier_10,7,187,81,2.34,1.67,20,27,1,0,10,101,66,Rainy,76,Normal
166,Product_166,Dairy,Supplier_6,9,550,29,32.6,27.34,25,39.3,0,1,10,340,109,Rainy,41,Overstock
167,Product_167,Grains,Supplier_5,8,569,55,20.14,18.11,5,36.7,1,0,10,43,87,Spring,66,Overstock
168,Product_168,Meat,Supplier_6,10,500,20,8.04,4.67,0,32.3,0,1,6,118,68,Spring,28,Overstock
169,Product_169,Vegetables,Supplier_9,9,485,26,6.83,4.18,25,29.1,0,1,1,66,145,Winter,37,Overstock
170,Product_170,Grains,Supplier_4,9,496,29,47.22,40.08,10,23.3,1,1,6,235,115,Rainy,28,Overstock
171,Product_171,Meat,Supplier_15,7,523,80,10.83,7.99,25,17.6,0,0,6,176,139,Summer,77,Overstock
172,Product_172,Dairy,Supplier_10,10,372,56,33.2,27.53,0,23.7,0,0,6,15,46,Spring,53,Overstock
173,Product_173,Grains,Supplier_2,6,559,44,40.84,31.8,20,23.7,1,1,9,8,138,Summer,42,Overstock
174,Product_174,Vegetables,Supplier_2,4,273,65,33.12,23.94,5,31,0,1,6,182,85,Winter,67,Overstock
175,Product_175,Meat,Supplier_15,10,579,80,19.25,13.13,10,33.7,1,1,5,280,145,Rainy,85,Overstock
176,Product_176,Bakery,Supplier_14,1,600,96,7.69,6.73,20,33.2,1,1,5,18,139,Winter,94,Overstock
177,Product_177,Household,Supplier_2,2,278,32,47.47,33.04,5,32.4,1,0,1,112,50,Rainy,37,Overstock
178,Product_178,Snacks,Supplier_12,5,355,48,34.38,29.19,10,39.1,1,0,6,29,117,Winter,44,Overstock
179,Product_179,Dairy,Supplier_14,9,182,78,4.28,3.38,15,29.4,0,0,4,287,58,Spring,86,Overstock
180,Product_180,Snacks,Supplier_6,7,493,5,33.65,26.42,20,19.3,1,1,8,236,113,Winter,14,Overstock
181,Product_181,Snacks,Supplier_9,4,452,46,6.44,4.9,5,19.4,1,0,3,199,84,Rainy,48,Overstock
182,Product_182,Meat,Supplier_5,10,598,48,39.02,34.19,25,39.1,1,1,2,227,106,Spring,49,Overstock
183,Product_183,Meat,Supplier_15,2,361,65,19.8,11.08,25,28.7,1,1,1,45,93,Spring,61,Overstock
184,Product_184,Bakery,Supplier_8,9,370,94,41.34,24.02,5,26.4,0,1,6,157,46,Rainy,95,Overstock
185,Product_185,Bakery,Supplier_4,1,350,71,9.98,6.07,5,30.8,0,0,2,6,97,Summer,77,Overstock
186,Product_186,Vegetables,Supplier_6,5,51,56,49.3,38.37,15,35.5,1,0,3,248,78,Spring,66,Low Stock
187,Product_187,Grains,Supplier_1,9,589,77,37.03,21.12,15,21.2,1,1,1,316,133,Rainy,75,Overstock
188,Product_188,Meat,Supplier_6,6,402,73,14.78,8.23,15,28,0,1,4,359,134,Spring,74,Normal
189,Product_189,Grains,Supplier_10,10,188,38,23.47,16.78,0,36,1,1,4,211,68,Winter,34,Normal
190,Product_190,Dairy,Supplier_10,4,566,56,39.17,25.77,10,23.5,1,1,7,315,72,Rainy,58,Overstock
191,Product_191,Dairy,Supplier_5,5,366,10,18.49,12.97,10,20.6,1,1,6,161,132,Summer,15,Normal
192,Product_192,Frozen,Supplier_5,2,61,71,31.7,21.1,15,27.3,1,0,10,208,88,Rainy,68,Low Stock
193,Product_193,Bakery,Supplier_14,1,438,33,16.28,13.59,10,20.9,0,1,7,25,67,Spring,35,Overstock
194,Product_194,Dairy,Supplier_3,7,424,2,31.62,24.19,0,27.6,1,0,8,290,132,Summer,4,Overstock
195,Product_195,Vegetables,Supplier_5,7,234,1,9.98,7.04,25,39.3,0,1,8,296,53,Summer,12,Overstock
196,Product_196,Fruits,Supplier_13,5,223,39,25.77,21.68,20,38.9,0,0,1,60,109,Summer,34,Normal
197,Product_197,Household,Supplier_8,3,117,8,1.11,0.68,10,17.6,1,0,8,205,61,Rainy,3,Normal
198,Product_198,Beverages,Supplier_1,5,262,71,26.37,17.15,20,22.1,1,1,4,99,59,Rainy,81,Overstock
199,Product_199,Grains,Supplier_9,2,449,58,7.02,4.85,0,23.6,1,1,8,48,65,Winter,64,Overstock
200,Product_200,Fruits,Supplier_10,6,142,49,12.72,9.9,10,35.2,0,1,6,297,143,Spring,51,Low Stock
1,Product_001,Meat,Supplier_2,4,322,25,20.36,14.83,20,31.8,1,0,8,244,48,Summer,27,Overstock
2,Product_002,Snacks,Supplier_9,2,384,35,38.94,28.67,0,31.5,0,1,5,180,68,Spring,45,Overstock
3,Product_003,Frozen,Supplier_7,10,561,29,22.64,15.65,10,21.1,0,0,6,209,115,Winter,37,Overstock
4,Product_004,Meat,Supplier_7,10,566,39,5.02,4.49,20,17.1,1,1,5,120,138,Winter,42,Overstock
5,Product_005,Meat,Supplier_7,3,62,62,14.49,10.25,5,17.7,0,1,7,266,62,Rainy,60,Normal
6,Product_006,Vegetables,Supplier_9,5,397,89,2.54,2.23,25,26.3,1,1,5,124,140,Spring,88,Normal
7,Product_007,Household,Supplier_11,10,150,34,17.53,10.87,5,21.6,1,0,1,292,94,Rainy,45,Normal
8,Product_008,Frozen,Supplier_12,3,46,51,23.92,17.4,25,35.6,1,0,1,209,97,Spring,56,Low Stock
9,Product_009,Fruits,Supplier_7,8,163,20,28.83,17.69,10,28.2,1,1,5,205,110,Rainy,23,Normal
10,Product_010,Frozen,Supplier_2,6,145,62,37.42,27.68,25,20.2,0,1,6,236,100,Spring,71,Normal
11,Product_011,Vegetables,Supplier_1,9,155,20,36.95,28.97,5,19.5,1,0,3,70,113,Spring,29,Normal
12,Product_012,Fruits,Supplier_9,7,119,47,8.97,5.89,5,19.2,1,0,10,56,140,Winter,55,Low Stock
13,Product_013,Grains,Supplier_6,4,600,63,36.17,24.98,10,29.7,0,1,2,98,44,Winter,65,Overstock
14,Product_014,Grains,Supplier_15,10,245,84,47.73,29.27,5,26,0,1,10,290,123,Rainy,80,Normal
15,Product_015,Bakery,Supplier_4,7,578,6,22.21,18.27,0,18.5,1,1,9,332,81,Summer,17,Overstock
16,Product_016,Grains,Supplier_3,9,353,52,42.05,26.75,5,19.3,0,0,4,244,68,Winter,60,Overstock
17,Product_017,Vegetables,Supplier_15,2,257,10,35.17,27.49,15,18.2,0,0,5,22,45,Winter,21,Overstock
18,Product_018,Beverages,Supplier_9,8,75,91,6.95,5.65,15,15.3,1,0,9,90,70,Summer,93,Normal
19,Product_019,Bakery,Supplier_13,7,596,1,49.33,39.34,5,36.3,0,1,2,16,84,Rainy,8,Overstock
20,Product_020,Dairy,Supplier_2,1,534,12,5.49,3.48,25,29.2,0,1,2,349,121,Spring,11,Overstock
21,Product_021,Bakery,Supplier_14,7,367,33,34.78,30.43,5,30.3,0,1,1,116,56,Spring,38,Overstock
22,Product_022,Beverages,Supplier_14,2,460,29,33.56,20.99,10,21.5,0,0,8,157,128,Rainy,39,Overstock
23,Product_023,Bakery,Supplier_13,4,359,10,1.2,0.96,20,16.3,1,1,2,73,67,Winter,15,Overstock
24,Product_024,Household,Supplier_13,6,311,56,7.78,5.57,10,34.6,0,1,6,48,116,Summer,53,Normal
25,Product_025,Vegetables,Supplier_6,10,263,72,15.19,11.82,15,37.1,0,0,2,177,51,Winter,74,Overstock
26,Product_026,Vegetables,Supplier_11,4,588,13,39.01,22.44,20,21.9,1,0,10,336,73,Winter,11,Overstock
27,Product_027,Fruits,Supplier_13,1,548,48,24.19,16.02,20,24.2,0,1,8,274,52,Summer,52,Overstock
28,Product_028,Meat,Supplier_9,3,163,22,5.39,4.24,10,30,0,0,8,63,66,Rainy,27,Normal
29,Product_029,Snacks,Supplier_7,3,430,77,48.7,28.36,20,18.4,1,0,5,147,132,Spring,77,Overstock
30,Product_030,Household,Supplier_12,2,269,86,42.37,28.94,20,39.2,1,1,6,53,145,Summer,91,Normal
31,Product_031,Vegetables,Supplier_10,7,248,32,5.39,3.12,15,25,0,1,10,261,102,Spring,31,Normal
32,Product_032,Dairy,Supplier_6,7,206,71,24.88,13.86,15,35.5,0,0,1,331,122,Spring,70,Normal
33,Product_033,Household,Supplier_11,1,495,91,41.13,33.24,15,38.9,0,1,7,29,83,Summer,93,Overstock
34,Product_034,Vegetables,Supplier_2,4,474,10,18.93,15.27,15,28.3,0,1,10,210,119,Spring,21,Overstock
35,Product_035,Fruits,Supplier_9,5,100,45,48.75,29.12,25,35.3,0,1,9,197,95,Spring,46,Normal
36,Product_036,Frozen,Supplier_4,1,196,54,42.72,38.38,25,28.9,0,1,3,115,91,Winter,62,Normal
37,Product_037,Household,Supplier_10,1,552,35,21.27,14.42,15,25.6,1,1,7,171,141,Rainy,40,Overstock
38,Product_038,Vegetables,Supplier_1,5,581,12,1.53,1.18,25,37.8,1,1,5,87,77,Winter,20,Overstock
39,Product_039,Fruits,Supplier_5,9,169,97,29.87,21.92,15,33.7,0,0,1,113,121,Rainy,100,Normal
40,Product_040,Fruits,Supplier_4,4,264,15,1.11,0.68,5,24.8,1,0,6,30,87,Winter,12,Overstock
41,Product_041,Meat,Supplier_12,4,525,43,48.67,39.04,25,20,1,0,10,364,113,Spring,52,Overstock
42,Product_042,Household,Supplier_11,10,305,32,34.18,28.42,25,21.5,1,0,9,160,129,Rainy,43,Normal
43,Product_043,Frozen,Supplier_11,10,117,28,1.83,1.61,20,17.9,0,1,7,339,109,Spring,31,Normal
44,Product_044,Household,Supplier_7,5,202,69,45.13,32.07,20,27.6,1,1,5,209,121,Spring,65,Normal
45,Product_045,Grains,Supplier_7,1,353,87,10,5.98,0,18.9,0,1,2,274,57,Summer,97,Overstock
46,Product_046,Snacks,Supplier_3,8,523,83,47.89,27.11,20,32.8,0,0,10,285,126,Spring,89,Overstock
47,Product_047,Household,Supplier_3,7,161,21,35.81,30.73,5,20.9,0,1,8,297,129,Winter,33,Normal
48,Product_048,Snacks,Supplier_4,9,92,58,42.78,30.56,15,27.3,1,0,8,298,112,Winter,61,Low Stock
49,Product_049,Grains,Supplier_7,7,376,91,13.82,11.64,5,34.2,0,0,1,309,42,Winter,100,Overstock
50,Product_050,Grains,Supplier_4,3,549,99,41.73,34.15,20,35.1,0,0,5,234,47,Winter,100,Overstock
51,Product_051,Snacks,Supplier_6,6,146,36,49.4,43.07,5,32.3,0,1,2,46,94,Rainy,35,Normal
52,Product_052,Frozen,Supplier_9,8,289,20,9.25,7.17,5,34.5,0,0,7,268,72,Winter,30,Overstock
53,Product_053,Vegetables,Supplier_3,7,110,26,21.87,17.39,20,25.1,1,1,1,281,97,Winter,22,Normal
54,Product_054,Meat,Supplier_3,2,43,53,47.49,38.02,5,33.5,0,1,1,6,136,Winter,64,Low Stock
55,Product_055,Fruits,Supplier_13,9,103,59,7.72,5.6,5,20.8,0,0,5,267,81,Rainy,68,Normal
56,Product_056,Fruits,Supplier_13,5,61,75,28.76,19.01,5,17.2,0,0,7,71,49,Spring,87,Normal
57,Product_057,Snacks,Supplier_12,5,276,13,17.76,12.62,15,18.5,1,0,6,217,79,Summer,21,Overstock
58,Product_058,Snacks,Supplier_10,6,321,41,3.73,3.12,15,39.4,1,1,9,198,61,Summer,52,Overstock
59,Product_059,Snacks,Supplier_4,4,224,23,41.12,29.13,20,32.3,1,0,4,244,71,Spring,21,Overstock
60,Product_060,Meat,Supplier_14,8,348,55,44.19,35.34,25,31.8,0,0,5,243,122,Winter,60,Normal
61,Product_061,Dairy,Supplier_14,5,353,79,2.61,2.11,15,31.4,1,1,6,280,58,Rainy,74,Overstock
62,Product_062,Frozen,Supplier_9,4,312,59,18.69,13.1,15,22.9,0,1,1,51,59,Summer,67,Overstock
63,Product_063,Meat,Supplier_6,1,510,77,21.38,15.4,25,21.7,1,1,1,156,114,Winter,87,Overstock
64,Product_064,Frozen,Supplier_9,1,550,48,38.01,28.31,15,35.4,0,1,2,144,85,Spring,48,Overstock
65,Product_065,Snacks,Supplier_9,6,401,61,25.51,14.55,5,34.4,1,1,9,51,135,Rainy,69,Normal
66,Product_066,Beverages,Supplier_4,6,473,20,12.56,10.74,20,23.7,1,0,5,213,96,Winter,16,Overstock
67,Product_067,Meat,Supplier_15,3,126,5,22.24,12.37,10,34.4,1,1,10,21,63,Winter,4,Normal
68,Product_068,Bakery,Supplier_14,8,99,46,27.13,23.4,0,30,1,1,5,81,146,Winter,49,Low Stock
69,Product_069,Vegetables,Supplier_14,3,89,78,28.63,23.84,15,33.3,0,1,5,201,113,Rainy,75,Low Stock
70,Product_070,Frozen,Supplier_14,6,290,4,6.55,4.35,20,23.7,0,0,7,196,113,Summer,7,Normal
71,Product_071,Frozen,Supplier_2,10,312,70,17.35,10.7,5,34.3,1,1,2,214,47,Winter,76,Overstock
72,Product_072,Frozen,Supplier_7,7,77,45,6.52,5.63,0,33.2,1,0,1,317,126,Winter,54,Low Stock
73,Product_073,Beverages,Supplier_11,10,39,85,30.38,19.94,10,23.7,1,1,7,350,42,Rainy,83,Low Stock
74,Product_074,Bakery,Supplier_2,5,369,68,41.37,30.8,0,37.3,0,0,8,340,101,Winter,75,Overstock
75,Product_075,Meat,Supplier_11,2,481,23,9.96,6,5,38,1,0,3,349,85,Rainy,22,Overstock
76,Product_076,Snacks,Supplier_13,7,257,24,1.28,0.82,0,33.9,1,1,4,148,73,Winter,23,Overstock
77,Product_077,Meat,Supplier_8,2,245,60,21.04,12.61,25,33.2,0,0,2,317,127,Summer,61,Normal
78,Product_078,Bakery,Supplier_1,10,81,37,17.07,13.65,5,31.5,0,1,8,362,112,Winter,40,Low Stock
79,Product_079,Vegetables,Supplier_14,7,31,75,31.9,24.12,25,21.7,0,1,8,292,107,Spring,71,Low Stock
80,Product_080,Snacks,Supplier_15,1,227,9,47.51,29.96,10,16,1,1,3,120,133,Rainy,10,Normal
81,Product_081,Dairy,Supplier_5,2,292,49,4.58,3.33,20,16.6,0,1,10,276,119,Summer,48,Normal
82,Product_082,Meat,Supplier_4,4,229,79,44.74,37.94,25,22.8,1,0,4,94,64,Spring,89,Overstock
83,Product_083,Bakery,Supplier_7,4,333,73,31.84,23.87,10,28.5,0,1,6,170,68,Summer,71,Overstock
84,Product_084,Frozen,Supplier_8,8,358,73,24.41,21.15,25,23.8,0,0,8,118,52,Spring,75,Overstock
85,Product_085,Meat,Supplier_8,7,381,90,42.72,34.91,25,37.1,1,1,10,16,87,Winter,87,Overstock
86,Product_086,Meat,Supplier_4,4,33,77,38.95,34.01,25,36.1,1,1,1,288,100,Spring,73,Low Stock
87,Product_087,Snacks,Supplier_15,5,219,21,38.07,31.52,0,23.5,1,0,8,349,84,Rainy,21,Normal
88,Product_088,Beverages,Supplier_1,5,430,32,2.54,1.88,10,16.4,1,1,10,169,117,Rainy,27,Overstock
89,Product_089,Household,Supplier_6,10,241,32,19.07,12.81,5,17.4,0,0,9,7,87,Rainy,31,Normal
90,Product_090,Dairy,Supplier_12,9,567,99,30.95,25.47,0,25.3,0,1,3,111,145,Summer,106,Overstock
91,Product_091,Snacks,Supplier_5,8,315,72,40.9,24.3,5,17.9,1,1,8,45,82,Winter,84,Overstock
92,Product_092,Snacks,Supplier_13,3,168,50,38.99,29.64,15,28.3,1,1,10,41,40,Spring,45,Overstock
93,Product_093,Meat,Supplier_11,9,589,33,32.67,24.27,25,18.9,1,1,9,45,61,Spring,29,Overstock
94,Product_094,Grains,Supplier_15,5,469,96,3.45,2.05,0,26.8,1,1,10,257,143,Summer,97,Overstock
95,Product_095,Grains,Supplier_14,7,116,87,45.34,30.95,20,34.7,0,0,9,274,61,Spring,83,Normal
96,Product_096,Meat,Supplier_1,1,342,40,16.43,9.35,0,30.9,0,1,3,245,89,Spring,40,Overstock
97,Product_097,Meat,Supplier_3,10,329,73,35.06,27.15,25,38.5,0,0,3,178,65,Spring,74,Overstock
98,Product_098,Beverages,Supplier_5,4,573,67,35.03,24.65,0,19.6,0,1,6,37,123,Spring,71,Overstock
99,Product_099,Meat,Supplier_2,7,566,60,47.98,35.96,5,16.1,1,1,7,269,144,Rainy,63,Overstock
100,Product_100,Vegetables,Supplier_5,7,470,80,42.25,28.25,20,21.2,0,0,4,74,53,Summer,82,Overstock
101,Product_101,Vegetables,Supplier_14,6,264,4,26.97,21.65,5,28.2,0,0,3,305,111,Winter,1,Normal
102,Product_102,Dairy,Supplier_12,6,76,85,37.41,28.36,20,23,0,0,1,99,144,Winter,90,Low Stock
103,Product_103,Grains,Supplier_3,4,70,11,48.45,43.51,15,34.2,1,0,2,28,41,Summer,20,Normal
104,Product_104,Bakery,Supplier_15,2,125,59,20.19,15.16,0,26.1,0,1,8,314,90,Winter,71,Normal
105,Product_105,Meat,Supplier_6,6,94,8,10.35,5.85,0,33.4,1,0,7,15,77,Spring,6,Normal
106,Product_106,Dairy,Supplier_2,3,370,8,31.44,24.65,0,32.2,0,0,9,37,87,Spring,17,Overstock
107,Product_107,Meat,Supplier_15,2,86,2,1.59,1.25,10,29,1,1,6,4,54,Winter,12,Normal
108,Product_108,Beverages,Supplier_13,4,316,8,32.39,23.34,0,34.2,0,1,6,71,84,Summer,13,Overstock
109,Product_109,Frozen,Supplier_4,2,339,20,34.48,20.84,25,35.6,1,0,1,102,56,Rainy,17,Overstock
110,Product_110,Bakery,Supplier_1,8,461,84,6.92,5.69,5,19.3,1,0,5,92,50,Winter,84,Overstock
111,Product_111,Household,Supplier_2,8,107,93,37.5,24.9,15,31.7,0,0,7,327,60,Summer,99,Normal
112,Product_112,Fruits,Supplier_14,4,48,91,35.14,20.48,25,23.7,1,1,2,206,97,Winter,95,Low Stock
113,Product_113,Vegetables,Supplier_13,9,81,37,42.11,25.06,25,15,0,1,6,46,99,Winter,47,Low Stock
114,Product_114,Household,Supplier_5,8,373,4,29.85,21.89,0,34.7,0,0,7,250,57,Spring,2,Overstock
115,Product_115,Grains,Supplier_15,8,232,22,33.5,20.34,20,17.1,0,1,6,283,91,Summer,32,Normal
116,Product_116,Snacks,Supplier_3,10,320,48,1.88,1.42,20,22,1,1,1,148,100,Spring,52,Overstock
117,Product_117,Household,Supplier_6,6,416,28,24.47,15.3,10,25.7,1,0,3,258,127,Spring,31,Overstock
118,Product_118,Household,Supplier_1,5,310,100,45.01,32.49,0,26.1,1,0,8,168,144,Rainy,111,Normal
119,Product_119,Bakery,Supplier_15,8,105,51,41.48,31.51,5,31.9,0,0,9,271,57,Rainy,62,Normal
120,Product_120,Frozen,Supplier_14,9,555,2,45.49,40.33,20,34,1,0,8,194,87,Winter,1,Overstock
121,Product_121,Frozen,Supplier_3,1,181,33,47.42,29.39,25,24.8,0,1,5,94,50,Rainy,30,Overstock
122,Product_122,Beverages,Supplier_2,3,207,53,8.19,5.99,20,36.9,0,1,7,314,150,Summer,49,Normal
123,Product_123,Frozen,Supplier_14,3,334,77,38.55,21.46,10,19,1,1,5,223,122,Spring,89,Normal
124,Product_124,Household,Supplier_4,10,436,95,31.4,21.75,10,15.6,1,1,9,319,43,Winter,103,Overstock
125,Product_125,Bakery,Supplier_4,4,75,31,24.68,17.44,20,31.8,0,1,4,268,114,Rainy,26,Low Stock
126,Product_126,Bakery,Supplier_9,3,429,23,31.17,22.67,5,25.9,0,0,7,202,83,Rainy,28,Overstock
127,Product_127,Household,Supplier_2,1,503,81,42.06,27.65,20,33.4,1,0,8,309,50,Winter,91,Overstock
128,Product_128,Beverages,Supplier_13,6,85,75,21.44,17.76,10,39.9,0,1,9,153,81,Summer,70,Normal
129,Product_129,Meat,Supplier_2,4,417,13,28.06,22.06,15,20.3,1,1,3,178,87,Rainy,10,Overstock
130,Product_130,Grains,Supplier_6,6,305,35,32.5,29.09,5,24.1,1,1,2,218,115,Winter,31,Normal
131,Product_131,Fruits,Supplier_13,8,446,39,48.35,27.75,5,24.1,0,0,1,117,138,Winter,37,Overstock
132,Product_132,Bakery,Supplier_15,10,214,41,33.32,21.88,25,18.3,1,1,8,77,113,Spring,44,Normal
133,Product_133,Beverages,Supplier_5,3,284,50,20.32,15.24,0,22,0,1,6,249,111,Summer,61,Normal
134,Product_134,Frozen,Supplier_15,3,109,49,13.07,11.32,5,35.1,0,0,6,96,66,Winter,49,Normal
135,Product_135,Dairy,Supplier_5,7,168,61,39.72,34.81,0,15.3,0,1,4,199,135,Spring,64,Normal
136,Product_136,Grains,Supplier_1,5,266,23,8.72,5.87,15,22.9,1,0,1,131,43,Rainy,28,Overstock
137,Product_137,Vegetables,Supplier_2,9,140,15,8.08,5.63,20,23,0,0,4,153,42,Spring,18,Overstock
138,Product_138,Snacks,Supplier_14,2,521,47,2.72,2.27,0,15.5,1,0,7,39,64,Summer,43,Overstock
139,Product_139,Frozen,Supplier_1,9,558,62,24.86,22.32,5,19.6,0,1,10,154,114,Spring,65,Overstock
140,Product_140,Fruits,Supplier_9,6,310,16,34.35,27.54,25,16.7,1,1,2,63,140,Spring,20,Normal
141,Product_141,Beverages,Supplier_11,7,262,8,49.63,36.8,10,27.6,0,0,10,359,119,Spring,13,Normal
142,Product_142,Meat,Supplier_5,7,300,27,25.38,14.09,20,30.9,1,0,8,308,124,Summer,36,Normal
143,Product_143,Snacks,Supplier_15,5,377,17,33.65,25.59,5,34.9,1,1,1,150,86,Rainy,18,Overstock
144,Product_144,Fruits,Supplier_1,4,590,52,2.39,1.65,10,38.1,1,0,2,186,141,Winter,62,Overstock
145,Product_145,Meat,Supplier_5,8,500,25,26.15,16.48,0,22.6,1,0,1,146,61,Rainy,27,Overstock
146,Product_146,Meat,Supplier_3,10,556,50,38.81,31.71,20,34.9,0,0,8,320,144,Summer,48,Overstock
147,Product_147,Meat,Supplier_14,7,406,99,23.17,19.02,10,22.5,0,0,10,210,63,Rainy,104,Overstock
148,Product_148,Frozen,Supplier_15,2,436,12,20.47,12.79,5,29.3,1,0,6,32,123,Summer,12,Overstock
149,Product_149,Vegetables,Supplier_10,7,293,78,35.4,25.44,0,15.2,0,0,9,296,68,Rainy,74,Overstock
150,Product_150,Grains,Supplier_3,8,559,68,9.85,6.8,15,35.6,0,1,7,155,146,Rainy,78,Overstock
151,Product_151,Bakery,Supplier_5,8,393,66,12.7,9.56,0,29,1,0,7,283,47,Summer,72,Overstock
152,Product_152,Grains,Supplier_2,3,135,60,22.99,13.47,15,16.4,1,1,10,30,98,Winter,65,Normal
153,Product_153,Household,Supplier_4,4,93,42,32.87,27.13,15,26.3,1,0,3,256,50,Rainy,50,Normal
154,Product_154,Bakery,Supplier_6,1,145,42,42.01,25.12,25,26.1,1,0,6,293,55,Spring,49,Normal
155,Product_155,Frozen,Supplier_14,2,157,87,44.58,27.93,15,29.1,1,1,4,13,58,Rainy,85,Normal
156,Product_156,Dairy,Supplier_6,8,524,19,44.06,37.46,0,38.8,1,1,1,8,70,Rainy,24,Overstock
157,Product_157,Household,Supplier_11,5,270,82,34.59,23.18,15,35.5,0,1,8,184,62,Winter,91,Overstock
158,Product_158,Household,Supplier_13,8,397,84,31.42,19.6,25,39.9,1,1,5,339,150,Rainy,92,Normal
159,Product_159,Beverages,Supplier_2,6,149,69,38.47,22.11,15,35.9,1,1,5,147,115,Spring,78,Normal
160,Product_160,Meat,Supplier_8,4,117,64,3.58,2.51,20,27.7,0,0,3,87,61,Rainy,61,Normal
161,Product_161,Meat,Supplier_3,8,589,26,26.42,18.6,5,20.5,0,0,9,239,130,Rainy,34,Overstock
162,Product_162,Grains,Supplier_8,10,587,26,35.66,31.81,10,22.9,1,1,6,298,107,Summer,24,Overstock
163,Product_163,Beverages,Supplier_3,8,532,2,22.11,12.96,5,15.9,1,0,4,329,111,Winter,10,Overstock
164,Product_164,Household,Supplier_15,7,418,16,40.19,34.24,25,30.3,0,1,2,307,139,Winter,19,Overstock
165,Product_165,Frozen,Supplier_10,4,591,51,12.01,7.61,10,34.3,0,1,7,96,102,Winter,50,Overstock
166,Product_166,Dairy,Supplier_3,4,96,7,36.71,24.99,15,27.9,1,0,4,336,143,Rainy,5,Low Stock
167,Product_167,Grains,Supplier_6,7,353,42,10.07,7.99,10,25.7,0,1,6,186,114,Spring,41,Overstock
168,Product_168,Meat,Supplier_7,9,140,42,18.41,12.63,10,38.2,0,1,5,73,131,Spring,39,Normal
169,Product_169,Vegetables,Supplier_12,6,500,93,17.26,11,0,16.1,0,0,6,346,94,Spring,99,Overstock
170,Product_170,Grains,Supplier_6,5,360,16,34.56,25.15,15,30.9,1,0,8,102,126,Winter,25,Normal
171,Product_171,Meat,Supplier_14,2,218,29,10.16,7.65,15,19.7,0,0,10,72,106,Rainy,35,Normal
172,Product_172,Dairy,Supplier_14,1,37,22,31.61,27.39,0,17.6,0,0,1,355,92,Winter,26,Low Stock
173,Product_173,Grains,Supplier_9,5,366,72,14.08,7.75,25,29.2,1,0,2,80,70,Winter,67,Overstock
174,Product_174,Vegetables,Supplier_15,6,362,29,16.69,13.59,0,37.4,0,1,4,102,91,Winter,38,Overstock
175,Product_175,Meat,Supplier_10,2,576,7,36.88,29.38,15,38.6,1,1,4,163,148,Winter,17,Overstock
176,Product_176,Bakery,Supplier_15,4,411,9,27.47,15.52,0,27.8,1,1,10,56,60,Spring,18,Overstock
177,Product_177,Household,Supplier_12,8,559,44,35.18,29.15,10,17.3,1,1,5,191,71,Rainy,53,Overstock
178,Product_178,Snacks,Supplier_2,1,184,65,33.32,25.9,0,22.2,0,1,3,319,149,Spring,60,Normal
179,Product_179,Dairy,Supplier_1,10,547,53,13.5,11.57,5,26.8,0,0,4,299,58,Winter,59,Overstock
180,Product_180,Snacks,Supplier_10,10,260,100,39.91,33.41,15,29.5,1,0,6,231,117,Summer,105,Normal
181,Product_181,Snacks,Supplier_2,4,323,16,36.38,26.87,20,15.3,1,0,9,142,115,Summer,11,Normal
182,Product_182,Meat,Supplier_10,7,348,72,3.07,1.83,25,34.3,0,1,7,334,104,Rainy,81,Overstock
183,Product_183,Meat,Supplier_11,5,227,66,2.72,1.74,25,29.7,1,0,10,26,76,Spring,78,Normal
184,Product_184,Bakery,Supplier_8,9,215,54,39.38,31.24,25,21.5,1,1,10,267,134,Rainy,56,Normal
185,Product_185,Bakery,Supplier_3,3,336,77,25.91,17.53,0,37.5,1,0,9,58,124,Summer,84,Normal
186,Product_186,Vegetables,Supplier_6,7,539,54,6.07,5.43,15,23,0,1,5,120,57,Rainy,58,Overstock
187,Product_187,Grains,Supplier_7,1,341,86,9.54,8.13,25,16.1,1,0,2,118,99,Spring,96,Overstock
188,Product_188,Meat,Supplier_7,6,487,64,36.2,28.1,0,20,1,1,2,151,109,Rainy,59,Overstock
189,Product_189,Grains,Supplier_5,3,504,17,13.12,9.86,20,38.8,0,1,10,329,134,Winter,17,Overstock
190,Product_190,Dairy,Supplier_15,3,452,1,18.5,12.76,25,36.2,0,0,6,139,100,Rainy,13,Overstock
191,Product_191,Dairy,Supplier_2,4,116,91,12.24,7.42,15,17.6,1,1,6,7,71,Summer,90,Normal
192,Product_192,Frozen,Supplier_11,8,219,50,2.66,1.93,10,26.3,0,0,4,238,131,Spring,52,Normal
193,Product_193,Bakery,Supplier_8,9,169,22,27.27,24.42,15,23.6,0,0,1,179,100,Summer,30,Normal
194,Product_194,Dairy,Supplier_2,10,254,49,35.76,25.86,10,33.9,1,0,8,150,55,Winter,45,Overstock
195,Product_195,Vegetables,Supplier_8,9,549,51,45.39,35.37,5,31.8,1,1,8,349,62,Winter,61,Overstock
196,Product_196,Fruits,Supplier_14,8,213,59,12.66,11.13,10,21.2,0,1,4,360,69,Rainy,64,Overstock
197,Product_197,Household,Supplier_15,2,446,57,24.31,21.02,25,34.6,1,1,10,149,98,Rainy,62,Overstock
198,Product_198,Beverages,Supplier_2,6,549,46,45.06,33.04,25,16.7,1,1,6,9,138,Summer,41,Overstock
199,Product_199,Grains,Supplier_15,8,217,17,40.81,30.62,5,22.9,0,0,2,218,131,Spring,21,Normal
200,Product_200,Fruits,Supplier_15,4,346,54,18.06,13.94,15,24.7,1,0,1,8,69,Rainy,51,Overstock
1,Product_001,Meat,Supplier_6,8,245,59,5.83,3.99,25,16,1,1,10,153,110,Summer,69,Normal
2,Product_002,Snacks,Supplier_9,6,535,73,7.34,5.44,15,24.5,0,0,6,204,51,Summer,83,Overstock
3,Product_003,Frozen,Supplier_4,6,358,30,45.44,27.31,5,21.8,0,0,9,188,46,Spring,28,Overstock
4,Product_004,Meat,Supplier_1,1,547,45,20.9,15.04,0,39.2,1,0,1,281,126,Winter,50,Overstock
5,Product_005,Meat,Supplier_1,3,303,99,9.56,6.94,20,17.4,1,1,10,175,121,Rainy,94,Normal
6,Product_006,Vegetables,Supplier_8,10,343,55,16.66,11.53,20,30.3,1,1,1,24,71,Rainy,65,Overstock
7,Product_007,Household,Supplier_7,10,38,25,43.85,35.57,20,26,0,1,10,187,109,Winter,26,Low Stock
8,Product_008,Frozen,Supplier_9,7,366,24,3.13,1.85,5,30.3,1,1,8,132,83,Winter,35,Overstock
9,Product_009,Fruits,Supplier_3,8,353,77,25.2,22.32,25,35.7,1,1,3,276,116,Winter,87,Overstock
10,Product_010,Frozen,Supplier_7,7,167,70,20.43,13.07,15,17.6,0,0,7,220,57,Spring,65,Normal
11,Product_011,Vegetables,Supplier_2,9,245,99,44.26,36.81,5,16.9,1,1,1,106,75,Spring,110,Overstock
12,Product_012,Fruits,Supplier_12,5,151,50,46.41,34.94,5,39.2,0,1,7,15,89,Winter,62,Normal
13,Product_013,Grains,Supplier_14,3,99,54,15.5,12.09,25,28.9,0,0,1,140,123,Winter,51,Low Stock
14,Product_014,Grains,Supplier_5,10,511,47,20.71,14.54,25,37,0,0,5,249,133,Winter,47,Overstock
15,Product_015,Bakery,Supplier_5,6,565,79,37.47,25.44,5,27.8,1,0,10,32,64,Summer,80,Overstock
16,Product_016,Grains,Supplier_6,3,185,77,24.15,18.69,10,16.7,0,1,8,71,41,Rainy,72,Overstock
17,Product_017,Vegetables,Supplier_4,7,351,81,16.07,10.31,5,29.9,1,0,8,33,43,Winter,80,Overstock
18,Product_018,Beverages,Supplier_9,7,516,75,21.64,12.83,0,17.6,1,1,9,336,50,Rainy,76,Overstock
19,Product_019,Bakery,Supplier_10,1,95,26,45.28,36.77,5,25.1,1,0,10,170,40,Spring,34,Normal
20,Product_020,Dairy,Supplier_5,10,303,22,30.07,25.15,10,21.9,1,1,4,118,41,Winter,17,Overstock
21,Product_021,Bakery,Supplier_2,10,469,93,27.04,16.01,25,31.6,0,1,5,233,149,Rainy,91,Overstock
22,Product_022,Beverages,Supplier_6,5,591,61,3.36,2.4,10,20.5,1,1,10,286,56,Summer,69,Overstock
23,Product_023,Bakery,Supplier_11,8,305,8,22.72,18.33,15,24.6,0,1,2,211,125,Spring,14,Normal
24,Product_024,Household,Supplier_12,10,597,28,8.44,7.02,10,31.2,1,0,1,219,65,Rainy,40,Overstock
25,Product_025,Vegetables,Supplier_5,8,386,26,25.08,20.14,5,17.6,1,0,8,49,108,Rainy,28,Overstock
26,Product_026,Vegetables,Supplier_15,2,451,44,5.43,4.01,5,35.8,1,1,5,144,142,Rainy,52,Overstock
27,Product_027,Fruits,Supplier_11,8,393,78,46.95,33.6,20,17.5,1,0,3,199,128,Spring,74,Overstock
28,Product_028,Meat,Supplier_7,6,169,15,40.07,27.89,5,34.5,1,0,7,254,70,Spring,23,Normal
29,Product_029,Snacks,Supplier_13,7,449,79,49.96,44.27,5,17.1,0,0,3,276,121,Summer,84,Overstock
30,Product_030,Household,Supplier_1,4,130,20,21.23,12.44,25,23.4,1,1,10,180,47,Spring,28,Normal
31,Product_031,Vegetables,Supplier_3,1,545,100,19.08,14.42,10,27.5,1,1,8,145,58,Winter,97,Overstock
32,Product_032,Dairy,Supplier_12,1,138,5,27.44,23.25,20,27.4,1,1,6,111,62,Rainy,8,Normal
33,Product_033,Household,Supplier_7,4,417,18,12.2,9.39,0,26.1,0,0,10,355,61,Winter,26,Overstock
34,Product_034,Vegetables,Supplier_15,3,521,5,9.49,8.33,25,20.4,0,0,9,99,52,Rainy,1,Overstock
35,Product_035,Fruits,Supplier_11,5,140,70,37.59,25.89,25,34.9,1,0,7,240,143,Summer,69,Low Stock
36,Product_036,Frozen,Supplier_10,4,457,39,32.98,19.31,0,36.9,0,1,10,244,44,Summer,34,Overstock
37,Product_037,Household,Supplier_7,1,520,18,42.49,28.13,5,16.9,1,1,9,18,138,Spring,18,Overstock
38,Product_038,Vegetables,Supplier_3,2,72,85,1.38,1,10,18.8,0,0,8,104,62,Spring,84,Normal
39,Product_039,Fruits,Supplier_12,8,298,77,1.51,1.12,0,27.9,0,1,5,107,118,Winter,74,Normal
40,Product_040,Fruits,Supplier_4,5,168,100,31.12,19.72,10,36.9,1,0,2,124,72,Spring,106,Normal
41,Product_041,Meat,Supplier_5,6,289,49,49.03,35.55,5,21.6,1,1,2,45,41,Spring,47,Overstock
42,Product_042,Household,Supplier_6,8,138,91,5.82,4.89,0,16.5,0,1,6,265,145,Winter,89,Low Stock
43,Product_043,Frozen,Supplier_1,10,270,16,31.38,26.28,15,32.7,1,1,3,106,44,Summer,28,Overstock
44,Product_044,Household,Supplier_3,2,566,89,37.33,28.45,20,24,0,1,9,208,89,Spring,99,Overstock
45,Product_045,Grains,Supplier_6,5,382,9,19.31,11.43,25,36.3,0,0,2,337,76,Spring,10,Overstock
46,Product_046,Snacks,Supplier_14,4,466,23,21.48,12.77,10,35.8,1,1,9,103,123,Rainy,19,Overstock
47,Product_047,Household,Supplier_11,8,146,47,46.84,30.94,25,18.8,0,0,4,13,146,Rainy,48,Normal
48,Product_048,Snacks,Supplier_14,7,211,8,18.01,12.66,25,37,1,1,3,225,60,Summer,4,Overstock
49,Product_049,Grains,Supplier_12,5,573,12,16.22,10.63,15,16.6,1,0,3,101,140,Winter,10,Overstock
50,Product_050,Grains,Supplier_15,9,379,64,49.43,41.3,20,17.6,1,1,8,65,119,Summer,70,Overstock
51,Product_051,Snacks,Supplier_10,7,370,19,45.76,30.63,10,39.6,0,1,4,252,49,Rainy,24,Overstock
52,Product_052,Frozen,Supplier_4,1,118,60,9.02,7.31,25,37.5,1,1,4,27,123,Summer,65,Low Stock
53,Product_053,Vegetables,Supplier_1,6,566,40,18.17,14.23,0,26.5,0,1,4,356,97,Spring,48,Overstock
54,Product_054,Meat,Supplier_7,2,323,90,38.71,23.33,15,18.9,1,0,4,205,81,Summer,93,Overstock
55,Product_055,Fruits,Supplier_12,1,309,60,14.82,9.03,20,27.6,0,1,4,281,43,Rainy,60,Overstock
56,Product_056,Fruits,Supplier_2,4,290,98,41.58,36.26,0,19.1,0,1,7,212,55,Winter,96,Overstock
57,Product_057,Snacks,Supplier_6,10,301,78,14.35,8.42,0,21,0,0,1,90,88,Spring,75,Overstock
58,Product_058,Snacks,Supplier_4,1,477,57,37.33,31.17,25,15.7,0,0,9,141,93,Winter,61,Overstock
59,Product_059,Snacks,Supplier_6,4,472,84,10.4,6.2,10,29.7,1,1,9,35,97,Winter,83,Overstock
60,Product_060,Meat,Supplier_5,5,414,94,31.96,22.95,15,27.8,0,0,5,7,91,Spring,91,Overstock
61,Product_061,Dairy,Supplier_1,4,216,57,26.51,19.23,5,17.3,1,1,3,120,120,Spring,63,Normal
62,Product_062,Frozen,Supplier_9,6,141,57,34.72,28.53,5,32.1,0,1,3,157,88,Rainy,55,Normal
63,Product_063,Meat,Supplier_8,8,328,75,7.29,4.53,25,18.4,1,0,10,340,58,Spring,71,Overstock
64,Product_064,Frozen,Supplier_3,8,229,35,13.24,10.41,0,19.6,1,0,10,292,89,Winter,30,Normal
65,Product_065,Snacks,Supplier_14,4,73,40,2.65,1.92,20,15.2,0,0,5,208,70,Summer,44,Normal
66,Product_066,Beverages,Supplier_10,9,78,41,44.41,27.87,20,31.1,0,1,2,83,47,Spring,47,Normal
67,Product_067,Meat,Supplier_2,2,105,85,15.37,10.52,15,31.8,1,0,10,45,58,Rainy,97,Normal
68,Product_068,Bakery,Supplier_15,2,212,70,33.21,25.22,0,34,0,1,6,269,119,Spring,68,Normal
69,Product_069,Vegetables,Supplier_4,10,364,25,32.4,22.6,0,15.8,0,1,1,287,86,Winter,25,Overstock
70,Product_070,Frozen,Supplier_11,6,207,17,26.92,20.14,10,20,0,0,8,252,74,Summer,12,Normal
71,Product_071,Frozen,Supplier_2,10,416,85,4.68,2.97,15,32.4,0,0,10,346,57,Winter,86,Overstock
72,Product_072,Frozen,Supplier_10,1,580,24,45.67,40.63,15,29.2,0,1,7,150,146,Winter,19,Overstock
73,Product_073,Beverages,Supplier_5,1,166,12,25.49,20.01,25,19.9,0,1,7,208,82,Rainy,15,Normal
74,Product_074,Bakery,Supplier_9,4,565,55,2.23,1.23,10,16.7,1,1,5,360,89,Winter,51,Overstock
75,Product_075,Meat,Supplier_3,10,118,48,29.89,20.82,0,23,0,1,5,327,66,Spring,59,Normal
76,Product_076,Snacks,Supplier_4,3,204,52,4.71,3.52,0,33,0,0,5,79,60,Summer,61,Overstock
77,Product_077,Meat,Supplier_12,10,238,64,11.44,8.09,5,22,1,0,8,60,57,Winter,64,Overstock
78,Product_078,Bakery,Supplier_12,1,66,71,21.91,19.5,10,34,0,1,10,184,102,Summer,66,Low Stock
79,Product_079,Vegetables,Supplier_14,4,155,84,45.93,38.02,25,20.6,1,0,10,288,123,Rainy,79,Normal
80,Product_080,Snacks,Supplier_13,10,502,7,18.63,14.88,15,19.2,0,1,2,362,57,Winter,4,Overstock
81,Product_081,Dairy,Supplier_12,6,581,34,36.7,28.79,15,34.2,1,0,7,365,61,Winter,39,Overstock
82,Product_082,Meat,Supplier_5,5,157,68,48.23,27.18,10,35.3,1,0,3,125,142,Rainy,63,Normal
83,Product_083,Bakery,Supplier_2,4,214,51,11.97,7.68,20,21.1,1,0,9,280,149,Spring,50,Normal
84,Product_084,Frozen,Supplier_6,6,450,26,9.2,5.85,15,24.1,0,1,7,233,80,Spring,27,Overstock
85,Product_085,Meat,Supplier_4,9,85,9,21.88,15.32,15,17.1,0,0,7,206,110,Rainy,15,Low Stock
86,Product_086,Meat,Supplier_4,1,542,1,44.37,28.44,20,33.5,0,1,5,203,137,Summer,1,Overstock
87,Product_087,Snacks,Supplier_6,4,593,84,4.36,2.62,20,35.2,1,0,5,111,116,Summer,84,Overstock
88,Product_088,Beverages,Supplier_12,8,385,13,38.13,29.52,25,34.5,1,0,1,339,134,Summer,9,Normal
89,Product_089,Household,Supplier_8,10,333,6,20.36,17.57,25,17.6,1,0,2,273,144,Summer,10,Normal
90,Product_090,Dairy,Supplier_3,8,432,73,18.8,12.09,25,29,0,1,5,259,78,Summer,78,Overstock
91,Product_091,Snacks,Supplier_14,5,377,88,19.56,13.01,25,36.4,0,1,5,245,67,Spring,94,Overstock
92,Product_092,Snacks,Supplier_2,10,468,99,19.54,13.48,25,23.3,0,1,5,266,102,Spring,102,Overstock
93,Product_093,Meat,Supplier_15,8,98,26,13.3,7.48,10,17.7,0,1,2,41,104,Summer,37,Low Stock
94,Product_094,Grains,Supplier_7,3,178,40,38.63,25.74,5,23.6,1,0,1,29,50,Winter,45,Overstock
95,Product_095,Grains,Supplier_3,1,110,65,49.71,44.59,10,25,1,1,9,324,119,Summer,60,Low Stock
96,Product_096,Meat,Supplier_8,3,176,89,4.76,3.39,0,17.7,1,0,2,123,61,Spring,87,Normal
97,Product_097,Meat,Supplier_3,9,454,28,45.04,36.33,0,15.5,1,1,3,267,125,Rainy,29,Overstock
98,Product_098,Beverages,Supplier_9,3,301,52,18.15,15.73,10,21.4,1,1,7,169,51,Summer,54,Overstock
99,Product_099,Meat,Supplier_10,10,192,64,24.67,15.49,0,18.7,1,0,7,116,51,Rainy,62,Overstock
100,Product_100,Vegetables,Supplier_5,8,265,8,42.27,37.97,10,16.1,0,1,4,317,68,Spring,5,Overstock
101,Product_101,Vegetables,Supplier_1,3,312,48,20.32,14.64,15,22.2,1,0,6,100,140,Winter,60,Normal
102,Product_102,Dairy,Supplier_9,10,116,77,32.85,20.6,15,30.1,0,1,9,92,52,Spring,79,Normal
103,Product_103,Grains,Supplier_2,7,562,33,3.17,1.93,25,24.1,0,1,6,158,111,Winter,40,Overstock
104,Product_104,Bakery,Supplier_5,1,480,27,14.13,12.04,0,35.5,1,1,3,22,108,Summer,35,Overstock
105,Product_105,Meat,Supplier_13,3,218,75,18.71,14.52,25,28.8,0,0,2,30,129,Rainy,78,Normal
106,Product_106,Dairy,Supplier_12,10,506,38,26.68,19.31,20,18.4,0,1,7,167,64,Spring,47,Overstock
107,Product_107,Meat,Supplier_14,8,397,36,33.74,18.9,0,32.5,1,0,8,303,98,Spring,33,Overstock
108,Product_108,Beverages,Supplier_10,5,425,33,30.03,23.13,20,29.9,0,0,8,287,112,Summer,40,Overstock
109,Product_109,Frozen,Supplier_1,7,584,72,41.25,32.73,5,24.7,0,0,8,199,55,Rainy,71,Overstock
110,Product_110,Bakery,Supplier_2,7,561,19,22.46,17.26,10,27.1,1,0,8,228,121,Winter,24,Overstock
111,Product_111,Household,Supplier_11,1,504,41,18.48,12.59,5,35.8,0,1,6,342,133,Rainy,50,Overstock
112,Product_112,Fruits,Supplier_2,6,122,13,18.39,16.36,5,15.1,0,1,6,340,149,Rainy,22,Low Stock
113,Product_113,Vegetables,Supplier_4,1,259,10,22.88,19.61,10,36.5,0,0,4,38,104,Winter,18,Normal
114,Product_114,Household,Supplier_1,7,78,7,7.62,5.38,10,31.7,0,0,4,118,150,Rainy,7,Low Stock
115,Product_115,Grains,Supplier_1,9,235,72,29.35,25.54,25,27.3,1,0,5,101,137,Spring,76,Normal
116,Product_116,Snacks,Supplier_3,6,445,47,22.7,15.85,5,20,1,0,9,217,106,Winter,53,Overstock
117,Product_117,Household,Supplier_12,3,533,11,24.18,20.06,15,32.6,0,1,9,166,125,Winter,18,Overstock
118,Product_118,Household,Supplier_3,1,131,20,36.33,31.43,0,21.4,1,1,9,356,102,Summer,18,Normal
119,Product_119,Bakery,Supplier_9,5,47,97,18.7,13.49,25,23.8,1,1,7,315,51,Rainy,106,Low Stock
120,Product_120,Frozen,Supplier_8,10,112,24,20.42,14.47,15,36.5,1,0,6,213,120,Rainy,21,Low Stock
121,Product_121,Frozen,Supplier_14,6,202,30,14.97,11.13,0,16.9,0,0,3,59,126,Winter,25,Normal
122,Product_122,Beverages,Supplier_2,8,559,39,22.79,13.52,5,28.9,0,0,2,46,137,Rainy,50,Overstock
123,Product_123,Frozen,Supplier_10,3,299,7,35.74,21.13,25,40,0,1,9,85,63,Rainy,10,Overstock
124,Product_124,Household,Supplier_7,8,41,50,29.94,16.68,5,32.6,1,1,3,170,117,Spring,60,Low Stock
125,Product_125,Bakery,Supplier_7,1,434,26,35.73,20.26,10,16.9,1,1,1,18,141,Spring,34,Overstock
126,Product_126,Bakery,Supplier_15,2,392,47,7.82,5.66,0,21.5,1,1,9,124,89,Winter,53,Overstock
127,Product_127,Household,Supplier_8,3,72,88,30.3,24.51,20,29.2,0,0,4,270,138,Spring,88,Low Stock
128,Product_128,Beverages,Supplier_3,10,585,67,38.58,28.82,20,38,1,0,5,109,75,Winter,70,Overstock
129,Product_129,Meat,Supplier_15,10,160,98,39.81,25.4,25,38.5,1,1,4,226,48,Winter,100,Overstock
130,Product_130,Grains,Supplier_3,1,113,27,36.63,31.89,20,35.1,0,1,1,190,110,Summer,22,Normal
131,Product_131,Fruits,Supplier_11,8,304,29,32.28,24.46,0,37.5,0,0,4,301,86,Spring,37,Overstock
132,Product_132,Bakery,Supplier_4,3,81,42,39.73,25.56,10,37.6,0,1,1,306,147,Spring,51,Low Stock
133,Product_133,Beverages,Supplier_1,5,421,36,6.11,4.22,25,18.6,1,1,4,43,66,Winter,36,Overstock
134,Product_134,Frozen,Supplier_14,2,432,35,7.83,4.49,20,31.8,0,0,6,266,116,Rainy,34,Overstock
135,Product_135,Dairy,Supplier_2,6,496,45,42.61,26.59,10,31,0,0,7,213,96,Rainy,44,Overstock
136,Product_136,Grains,Supplier_11,3,155,19,6.64,4.76,5,26.7,0,1,3,355,138,Winter,23,Normal
137,Product_137,Vegetables,Supplier_5,5,316,1,19.8,13.91,10,40,0,1,6,43,146,Summer,1,Normal
138,Product_138,Snacks,Supplier_4,8,531,64,31.12,23.64,5,31.6,0,1,7,237,119,Spring,62,Overstock
139,Product_139,Frozen,Supplier_4,1,434,36,2.62,2.14,25,36.2,0,0,5,26,132,Winter,43,Overstock
140,Product_140,Fruits,Supplier_11,4,519,8,23.6,16.37,25,37.3,0,1,5,106,74,Spring,19,Overstock
141,Product_141,Beverages,Supplier_14,4,283,15,42.32,29.57,10,25.2,1,0,1,320,98,Summer,10,Normal
142,Product_142,Meat,Supplier_14,8,164,57,15.95,9.77,0,33.8,0,0,7,124,82,Spring,52,Normal
143,Product_143,Snacks,Supplier_10,1,69,57,12.18,8.78,5,15.3,1,0,7,149,62,Spring,56,Normal
144,Product_144,Fruits,Supplier_1,5,61,100,40.33,33.64,0,36,1,0,3,337,100,Winter,105,Low Stock
145,Product_145,Meat,Supplier_9,9,344,31,39.58,35.39,10,24.7,1,1,8,191,135,Winter,43,Normal
146,Product_146,Meat,Supplier_14,10,452,47,45.38,32.43,10,37.9,1,1,6,205,98,Rainy,44,Overstock
147,Product_147,Meat,Supplier_5,3,411,55,6.34,4.19,0,16,0,0,1,174,125,Spring,58,Overstock
148,Product_148,Frozen,Supplier_8,5,353,4,46.93,34.27,0,23.4,0,0,7,151,149,Summer,6,Normal
149,Product_149,Vegetables,Supplier_11,2,473,76,27.14,21.76,10,29,1,0,6,350,82,Winter,84,Overstock
150,Product_150,Grains,Supplier_13,2,546,54,14.14,11.47,15,15.8,1,1,10,178,101,Rainy,66,Overstock
151,Product_151,Bakery,Supplier_1,6,290,83,24.55,16.51,15,19.4,0,0,8,243,107,Winter,91,Normal
152,Product_152,Grains,Supplier_1,2,63,60,34.53,19.62,15,15.2,0,1,4,177,85,Winter,67,Low Stock
153,Product_153,Household,Supplier_9,9,68,43,24.36,21.31,5,38.7,1,0,5,84,137,Rainy,53,Low Stock
154,Product_154,Bakery,Supplier_15,3,96,63,17.18,13.21,10,39.9,1,1,8,160,113,Winter,75,Low Stock
155,Product_155,Frozen,Supplier_6,10,516,19,23.8,15.37,15,36,0,1,9,256,64,Rainy,30,Overstock
156,Product_156,Dairy,Supplier_3,10,496,67,21.78,18.18,20,37.8,0,0,2,283,57,Rainy,71,Overstock
157,Product_157,Household,Supplier_4,3,352,89,21.98,16.43,20,39.5,1,1,9,152,66,Spring,96,Overstock
158,Product_158,Household,Supplier_2,4,409,31,10.3,8.47,10,25.9,1,1,5,349,132,Spring,32,Overstock
159,Product_159,Beverages,Supplier_9,6,132,10,34.57,25.65,10,15.1,0,1,10,171,49,Rainy,19,Normal
160,Product_160,Meat,Supplier_13,2,435,7,32.05,24.05,10,39,1,1,3,43,120,Spring,3,Overstock
161,Product_161,Meat,Supplier_11,10,67,88,43.29,30.83,20,35.3,1,0,9,286,109,Summer,97,Low Stock
162,Product_162,Grains,Supplier_12,10,493,89,37.52,28.84,10,30.2,0,1,9,224,85,Summer,95,Overstock
163,Product_163,Beverages,Supplier_15,8,183,68,32.4,26.05,25,18.3,0,1,9,203,82,Winter,72,Normal
164,Product_164,Household,Supplier_14,2,143,1,30.14,26.51,5,34.1,1,0,4,55,79,Summer,1,Normal
165,Product_165,Frozen,Supplier_10,6,93,61,12.13,9.6,20,16.7,0,0,5,283,82,Rainy,60,Normal
166,Product_166,Dairy,Supplier_14,9,412,7,47.41,38.37,20,16.7,1,0,5,333,139,Rainy,18,Normal
167,Product_167,Grains,Supplier_6,8,166,57,21.4,12.5,25,28.6,1,1,7,283,94,Winter,62,Normal
168,Product_168,Meat,Supplier_4,1,471,49,24.49,18.17,5,17.2,1,0,4,39,138,Winter,57,Overstock
169,Product_169,Vegetables,Supplier_11,7,527,98,32.91,21.42,25,24,0,1,3,8,101,Winter,96,Overstock
170,Product_170,Grains,Supplier_1,5,460,5,19.28,13.71,20,16,0,1,7,198,97,Rainy,15,Overstock
171,Product_171,Meat,Supplier_2,4,433,6,48.44,33.03,0,26.6,0,1,6,19,47,Rainy,15,Overstock
172,Product_172,Dairy,Supplier_15,10,415,80,23.72,14.96,0,38.3,0,1,9,12,107,Rainy,78,Overstock
173,Product_173,Grains,Supplier_7,8,470,8,21.62,14.04,5,28.2,0,1,7,307,76,Summer,20,Overstock
174,Product_174,Vegetables,Supplier_10,7,371,69,22.8,19.5,25,36.6,0,0,1,315,124,Winter,79,Normal
175,Product_175,Meat,Supplier_11,8,184,24,32.01,18.81,25,39,0,0,7,271,94,Winter,28,Normal
176,Product_176,Bakery,Supplier_1,1,507,15,42.86,34.63,20,29.5,0,1,8,109,119,Rainy,22,Overstock
177,Product_177,Household,Supplier_7,10,301,93,24.57,15.04,25,34,0,1,9,154,85,Spring,96,Overstock
178,Product_178,Snacks,Supplier_5,10,164,96,46.29,34.59,25,19.4,0,1,10,265,146,Winter,97,Normal
179,Product_179,Dairy,Supplier_3,4,351,31,33.89,28.88,25,15.8,0,0,5,110,47,Spring,30,Overstock
180,Product_180,Snacks,Supplier_12,3,426,98,9.69,7.29,25,25.3,1,1,5,6,113,Winter,101,Overstock
181,Product_181,Snacks,Supplier_14,3,439,73,29.57,24.61,15,32,0,1,1,237,61,Spring,74,Overstock
182,Product_182,Meat,Supplier_11,6,293,65,19.99,14.64,10,39.1,0,0,3,189,100,Rainy,72,Normal
183,Product_183,Meat,Supplier_7,2,186,98,18.26,10.82,25,23.8,1,1,9,29,72,Spring,100,Normal
184,Product_184,Bakery,Supplier_13,1,41,90,35.68,22.23,15,35.5,1,1,10,275,69,Summer,86,Low Stock
185,Product_185,Bakery,Supplier_14,5,51,86,4.56,3.03,15,25.6,0,0,3,72,140,Summer,84,Low Stock
186,Product_186,Vegetables,Supplier_1,3,347,65,49.62,34.58,10,24.6,0,0,5,25,67,Summer,76,Overstock
187,Product_187,Grains,Supplier_2,9,553,70,5,3.83,0,23,0,0,5,291,63,Spring,79,Overstock
188,Product_188,Meat,Supplier_7,2,299,88,24.95,22.34,25,29.1,1,0,10,352,78,Rainy,99,Overstock
189,Product_189,Grains,Supplier_5,7,405,25,48.07,37.1,15,15.4,1,1,9,19,125,Winter,21,Overstock
190,Product_190,Dairy,Supplier_5,6,572,79,48.01,34.07,0,17.5,1,1,2,216,117,Winter,78,Overstock
191,Product_191,Dairy,Supplier_6,10,425,98,30.09,24.68,5,16.9,0,1,9,357,116,Winter,102,Overstock
192,Product_192,Frozen,Supplier_14,3,259,18,11.3,8.35,0,39.8,1,0,10,9,117,Spring,20,Normal
193,Product_193,Bakery,Supplier_1,9,489,17,45.72,34.04,10,19.6,0,0,6,233,63,Summer,19,Overstock
194,Product_194,Dairy,Supplier_7,2,107,66,41.14,24.97,20,18.2,0,1,8,329,101,Summer,75,Normal
195,Product_195,Vegetables,Supplier_4,7,368,95,43.67,26.54,0,24.6,1,0,6,81,103,Rainy,107,Overstock
196,Product_196,Fruits,Supplier_14,3,515,84,23.15,14.53,0,30.9,0,0,7,45,93,Rainy,82,Overstock
197,Product_197,Household,Supplier_14,3,220,27,32.24,22.27,25,18.4,1,0,3,241,149,Summer,27,Normal
198,Product_198,Beverages,Supplier_4,1,408,34,25.57,19.97,0,23.4,0,1,7,286,87,Rainy,44,Overstock
199,Product_199,Grains,Supplier_10,8,565,41,33.44,22.09,15,17.2,1,1,7,176,108,Summer,37,Overstock
200,Product_200,Fruits,Supplier_11,10,258,23,27.43,18.3,15,31.2,0,0,2,23,98,Spring,25,Normal
1,Product_001,Meat,Supplier_8,1,299,70,39.31,29.05,20,29,1,0,4,68,78,Rainy,66,Overstock
2,Product_002,Snacks,Supplier_3,8,411,96,25.1,21.45,15,30.9,1,1,8,191,96,Spring,103,Overstock
3,Product_003,Frozen,Supplier_7,5,301,29,39.74,31.99,15,39,1,1,9,196,76,Rainy,26,Overstock
4,Product_004,Meat,Supplier_5,9,134,76,28.32,21.16,0,22.4,1,0,10,215,117,Rainy,80,Normal
5,Product_005,Meat,Supplier_10,4,91,57,46.52,29.45,5,23.1,1,1,4,256,80,Spring,60,Normal
6,Product_006,Vegetables,Supplier_8,1,599,94,1.25,0.84,5,20.5,0,0,7,55,107,Spring,89,Overstock
7,Product_007,Household,Supplier_12,6,546,84,37.52,21.67,20,16.5,0,1,5,340,79,Winter,81,Overstock
8,Product_008,Frozen,Supplier_7,7,564,15,3.05,2.32,25,39,0,1,8,212,101,Winter,10,Overstock
9,Product_009,Fruits,Supplier_10,6,282,21,46.37,36.33,0,30.8,0,0,5,55,111,Summer,21,Normal
10,Product_010,Frozen,Supplier_10,10,70,41,23.79,19.21,10,31.2,0,1,6,33,140,Rainy,40,Low Stock
11,Product_011,Vegetables,Supplier_2,8,73,55,5.24,4.07,25,15.5,0,1,6,216,111,Winter,64,Low Stock
12,Product_012,Fruits,Supplier_10,8,166,25,33.66,18.9,20,30.2,0,1,7,6,144,Spring,28,Normal
13,Product_013,Grains,Supplier_4,9,215,90,20.08,17.16,0,21.4,1,0,10,235,147,Winter,101,Normal
14,Product_014,Grains,Supplier_10,2,275,38,35,23.76,25,22.8,0,1,10,245,78,Rainy,37,Overstock
15,Product_015,Bakery,Supplier_8,6,274,69,15.98,9.71,15,36.2,0,1,10,56,79,Rainy,66,Overstock
16,Product_016,Grains,Supplier_7,2,596,32,34.43,20.78,10,19,1,0,2,143,82,Summer,44,Overstock
17,Product_017,Vegetables,Supplier_3,1,39,18,47.71,42.83,5,37.8,0,0,9,25,58,Spring,27,Low Stock
18,Product_018,Beverages,Supplier_9,3,183,17,17.01,11.85,15,17.8,1,1,10,85,95,Winter,14,Normal
19,Product_019,Bakery,Supplier_13,5,480,76,7.28,4.51,20,31.2,1,1,10,301,142,Spring,76,Overstock
20,Product_020,Dairy,Supplier_15,7,92,87,2.9,2.23,0,17.5,0,1,5,318,70,Winter,95,Normal
21,Product_021,Bakery,Supplier_7,4,430,63,7.63,6.81,15,15.2,1,1,4,292,101,Rainy,58,Overstock
22,Product_022,Beverages,Supplier_5,1,117,24,33.91,22.54,10,28,1,1,8,51,93,Summer,31,Normal
23,Product_023,Bakery,Supplier_3,4,204,90,48.97,43.67,20,25.7,1,0,6,216,85,Spring,89,Normal
24,Product_024,Household,Supplier_11,3,359,41,12.33,10,0,33.8,0,1,10,345,48,Rainy,43,Overstock
25,Product_025,Vegetables,Supplier_8,7,166,100,17.39,11.97,0,34.8,0,1,5,211,42,Rainy,111,Overstock
26,Product_026,Vegetables,Supplier_1,9,449,13,24.3,13.93,15,37.1,0,0,7,333,55,Spring,17,Overstock
27,Product_027,Fruits,Supplier_6,6,294,66,25.41,18.68,10,19.1,0,0,3,286,125,Spring,65,Normal
28,Product_028,Meat,Supplier_11,7,48,72,45.61,37.77,20,29.8,0,0,1,133,132,Summer,83,Low Stock
29,Product_029,Snacks,Supplier_3,2,82,44,30.24,26.1,5,34,0,0,8,166,128,Rainy,51,Low Stock
30,Product_030,Household,Supplier_6,9,396,47,1.33,0.95,0,37.9,1,0,7,93,101,Rainy,47,Overstock
31,Product_031,Vegetables,Supplier_10,9,334,92,12.16,10.08,25,26.3,1,1,6,314,107,Spring,101,Overstock
32,Product_032,Dairy,Supplier_14,7,361,70,20,15.15,15,33.7,1,0,8,223,94,Winter,69,Overstock
33,Product_033,Household,Supplier_8,10,83,4,4.63,2.63,20,39.3,0,0,3,129,76,Winter,12,Normal
34,Product_034,Vegetables,Supplier_10,3,524,44,20.55,12.6,20,27.4,0,0,2,271,98,Spring,49,Overstock
35,Product_035,Fruits,Supplier_12,3,239,38,19.53,17.27,0,35.7,1,0,3,94,142,Summer,48,Normal
36,Product_036,Frozen,Supplier_9,2,396,46,9.12,7.81,10,23,1,0,2,200,67,Summer,43,Overstock
37,Product_037,Household,Supplier_2,6,467,72,44.87,38.12,10,39.6,0,0,3,37,126,Rainy,81,Overstock
38,Product_038,Vegetables,Supplier_9,1,583,9,46.66,30.64,20,35.2,1,1,8,229,121,Winter,15,Overstock
39,Product_039,Fruits,Supplier_12,7,50,19,30.82,16.95,20,24.1,0,0,2,212,66,Summer,27,Low Stock
40,Product_040,Fruits,Supplier_8,5,152,59,43.26,33.97,20,37.9,1,0,6,222,61,Rainy,59,Normal
41,Product_041,Meat,Supplier_8,5,510,54,1.87,1.22,0,38.7,0,1,9,6,106,Rainy,53,Overstock
42,Product_042,Household,Supplier_15,4,561,19,17.96,13.35,20,31.7,0,1,5,228,82,Spring,22,Overstock
43,Product_043,Frozen,Supplier_10,2,39,45,34.31,23.72,20,24.3,1,0,8,114,126,Winter,40,Low Stock
44,Product_044,Household,Supplier_3,4,452,44,28.76,22.61,25,29.7,1,1,8,359,82,Spring,52,Overstock
45,Product_045,Grains,Supplier_14,5,123,41,13.44,8.16,20,39.9,1,1,5,229,131,Rainy,37,Low Stock
46,Product_046,Snacks,Supplier_2,8,214,11,3.48,2.7,5,35.1,1,1,6,220,103,Rainy,10,Normal
47,Product_047,Household,Supplier_10,6,584,52,17.21,12.15,25,27.7,0,1,10,181,138,Rainy,61,Overstock
48,Product_048,Snacks,Supplier_1,5,261,71,38.84,29.2,5,19.7,0,0,5,213,96,Rainy,77,Normal
49,Product_049,Grains,Supplier_15,2,339,5,46.45,31.94,25,30.2,0,1,8,177,133,Rainy,9,Normal
50,Product_050,Grains,Supplier_6,8,286,54,14.51,12.46,0,19.6,0,1,6,137,89,Winter,56,Overstock
51,Product_051,Snacks,Supplier_1,2,549,65,22.31,13.57,0,20.2,0,0,8,360,149,Summer,76,Overstock
52,Product_052,Frozen,Supplier_1,2,206,61,8.02,4.58,0,26.4,1,0,8,289,42,Spring,64,Overstock
53,Product_053,Vegetables,Supplier_2,4,478,57,44.87,31.63,20,28.1,0,1,6,190,93,Winter,68,Overstock
54,Product_054,Meat,Supplier_8,2,565,42,16,9.66,15,27.3,0,1,1,221,43,Summer,46,Overstock
55,Product_055,Fruits,Supplier_7,4,424,63,14.84,13.28,0,22.5,1,0,9,139,49,Spring,61,Overstock
56,Product_056,Fruits,Supplier_10,10,414,44,45.74,33.61,20,25.7,1,1,7,32,88,Spring,44,Overstock
57,Product_057,Snacks,Supplier_9,4,544,58,44.16,37.16,10,22.3,1,1,5,231,147,Rainy,53,Overstock
58,Product_058,Snacks,Supplier_2,8,383,55,6.86,4.67,25,39.2,0,1,8,180,62,Winter,63,Overstock
59,Product_059,Snacks,Supplier_8,7,436,76,12.17,9.42,15,19.1,1,0,3,310,104,Spring,86,Overstock
60,Product_060,Meat,Supplier_8,9,551,57,29.73,25,25,24.8,0,0,4,281,42,Summer,53,Overstock
61,Product_061,Dairy,Supplier_15,4,122,84,39.77,24.88,15,34.9,1,0,8,233,66,Winter,90,Normal
62,Product_062,Frozen,Supplier_11,7,490,24,45.21,38.35,20,22.7,0,1,1,154,93,Rainy,20,Overstock
63,Product_063,Meat,Supplier_2,6,393,33,12.53,11.11,0,28.2,1,1,1,290,53,Winter,40,Overstock
64,Product_064,Frozen,Supplier_15,6,176,85,1.45,0.93,25,34.6,1,1,2,154,124,Spring,81,Normal
65,Product_065,Snacks,Supplier_2,1,74,62,8.94,5.2,15,38.7,0,1,7,37,55,Rainy,64,Normal
66,Product_066,Beverages,Supplier_3,4,268,35,39.81,33.25,10,32.7,1,0,2,300,137,Spring,39,Normal
67,Product_067,Meat,Supplier_2,3,260,94,47.09,36.61,0,30.3,0,0,8,5,106,Rainy,96,Normal
68,Product_068,Bakery,Supplier_12,9,502,90,43.15,26.47,0,26.3,1,0,8,293,108,Winter,85,Overstock
69,Product_069,Vegetables,Supplier_13,2,289,86,10.85,9.01,10,36.4,0,0,10,257,129,Rainy,94,Normal
70,Product_070,Frozen,Supplier_3,6,429,24,49.75,29.63,10,16.1,0,1,10,358,139,Rainy,32,Overstock
71,Product_071,Frozen,Supplier_2,3,240,5,12.37,10.12,25,19.1,0,0,10,33,150,Summer,9,Normal
72,Product_072,Frozen,Supplier_11,2,194,54,12.65,11.14,25,31.4,0,0,1,249,72,Winter,54,Normal
73,Product_073,Beverages,Supplier_3,3,385,26,42.29,37.74,5,19.2,0,0,8,305,69,Rainy,24,Overstock
74,Product_074,Bakery,Supplier_12,9,388,21,24.15,20.32,0,35.6,0,0,2,62,93,Spring,26,Overstock
75,Product_075,Meat,Supplier_4,3,139,46,30.81,23.16,25,37.6,0,0,4,230,81,Summer,53,Normal
76,Product_076,Snacks,Supplier_14,10,68,85,40.74,35.78,5,29.6,0,1,9,45,48,Summer,91,Normal
77,Product_077,Meat,Supplier_9,3,218,7,48.33,32.35,20,32.1,1,0,6,183,141,Spring,14,Normal
78,Product_078,Bakery,Supplier_9,8,483,11,37.06,27.06,10,21.6,1,1,1,42,115,Summer,15,Overstock
79,Product_079,Vegetables,Supplier_15,1,579,89,12.31,9.51,15,27.4,0,0,7,41,82,Winter,99,Overstock
80,Product_080,Snacks,Supplier_9,2,563,50,4.31,2.74,5,38.9,0,0,8,285,92,Rainy,55,Overstock
81,Product_081,Dairy,Supplier_14,4,503,34,35.58,22.47,10,29.7,0,0,2,10,99,Spring,35,Overstock
82,Product_082,Meat,Supplier_8,7,284,1,18.04,14.25,20,22,0,0,5,203,91,Rainy,13,Overstock
83,Product_083,Bakery,Supplier_14,9,338,25,7.18,5.22,15,20.8,0,0,4,166,76,Winter,33,Overstock
84,Product_084,Frozen,Supplier_13,2,523,23,15.93,9.89,25,27.1,0,1,6,213,130,Spring,26,Overstock
85,Product_085,Meat,Supplier_1,9,189,57,32.22,26.26,5,20.6,1,0,1,118,44,Summer,60,Overstock
86,Product_086,Meat,Supplier_2,3,480,22,13.21,7.36,15,21.8,1,1,8,296,47,Winter,29,Overstock
87,Product_087,Snacks,Supplier_15,10,214,84,29.06,23.66,0,37.1,0,0,1,107,56,Rainy,79,Overstock
88,Product_088,Beverages,Supplier_1,1,555,62,48.93,34.61,25,33.5,1,1,2,124,93,Winter,60,Overstock
89,Product_089,Household,Supplier_6,5,33,33,4.73,3.26,0,21.6,0,1,8,43,81,Winter,30,Low Stock
90,Product_090,Dairy,Supplier_6,2,248,56,7.32,6.24,0,17.3,1,0,6,194,147,Spring,58,Normal
91,Product_091,Snacks,Supplier_7,2,376,27,35.36,31,10,21.4,0,0,10,328,53,Winter,29,Overstock
92,Product_092,Snacks,Supplier_14,7,292,57,9.26,6.84,0,21,1,1,8,302,116,Winter,64,Normal
93,Product_093,Meat,Supplier_12,2,383,6,4.58,3.56,15,22,1,0,1,294,117,Winter,9,Overstock
94,Product_094,Grains,Supplier_2,10,404,62,37.34,32.55,0,30.9,1,0,8,204,96,Summer,70,Overstock
95,Product_095,Grains,Supplier_13,9,329,92,29.61,20,5,32.1,1,1,10,260,100,Rainy,97,Overstock
96,Product_096,Meat,Supplier_6,3,546,53,29.44,20.55,5,21.7,0,1,9,201,55,Summer,48,Overstock
97,Product_097,Meat,Supplier_5,1,284,99,27.52,23.03,15,33.9,0,0,3,124,44,Rainy,111,Overstock
98,Product_098,Beverages,Supplier_4,6,348,22,23.29,20.89,20,28.9,0,1,8,234,73,Winter,30,Overstock
99,Product_099,Meat,Supplier_5,4,142,64,2.18,1.22,20,17.4,0,1,6,36,86,Summer,67,Normal
100,Product_100,Vegetables,Supplier_12,5,584,68,19.46,15.27,15,31.5,0,1,7,233,83,Winter,64,Overstock
101,Product_101,Vegetables,Supplier_9,3,72,46,7.2,4.23,5,31.8,1,0,7,257,104,Winter,44,Low Stock
102,Product_102,Dairy,Supplier_11,7,220,30,45.31,26.72,15,34.6,1,0,10,88,117,Rainy,36,Normal
103,Product_103,Grains,Supplier_2,6,66,86,45.17,26.83,20,22.7,0,1,9,121,91,Summer,86,Low Stock
104,Product_104,Bakery,Supplier_8,8,403,50,9.82,7.68,20,32.3,1,1,6,361,91,Summer,51,Overstock
105,Product_105,Meat,Supplier_6,2,514,20,37.57,31.84,15,38.3,0,1,1,168,106,Spring,24,Overstock
106,Product_106,Dairy,Supplier_5,1,362,26,11.37,9.62,20,33.3,1,1,9,180,137,Winter,29,Normal
107,Product_107,Meat,Supplier_10,4,434,5,24.42,15.77,10,25.4,1,0,10,187,130,Winter,8,Overstock
108,Product_108,Beverages,Supplier_5,4,46,87,5.42,4.81,10,17,1,0,1,86,130,Summer,97,Low Stock
109,Product_109,Frozen,Supplier_15,5,523,7,16.71,11.59,15,17.7,1,0,4,223,70,Spring,7,Overstock
110,Product_110,Bakery,Supplier_6,7,543,71,24.39,15.9,25,32.6,0,0,8,142,54,Summer,70,Overstock
111,Product_111,Household,Supplier_2,6,524,19,30.75,17.05,25,39.6,0,1,6,134,54,Rainy,22,Overstock
112,Product_112,Fruits,Supplier_9,10,158,11,45.4,36.87,20,20.6,0,1,9,174,86,Winter,21,Normal
113,Product_113,Vegetables,Supplier_13,3,63,88,21.31,18.74,15,21.8,1,0,2,355,140,Winter,93,Low Stock
114,Product_114,Household,Supplier_9,6,565,67,15.55,10.53,5,18,1,1,10,43,77,Rainy,69,Overstock
115,Product_115,Grains,Supplier_8,2,32,24,26.96,15.32,20,32.8,1,0,1,111,109,Spring,25,Low Stock
116,Product_116,Snacks,Supplier_3,4,302,9,2.48,1.42,15,36,0,1,2,363,119,Spring,11,Normal
117,Product_117,Household,Supplier_15,6,598,4,45.49,34.37,20,20.9,0,0,4,11,142,Rainy,5,Overstock
118,Product_118,Household,Supplier_12,9,326,74,31.75,28.12,20,17.9,0,1,2,31,69,Rainy,74,Overstock
119,Product_119,Bakery,Supplier_2,10,353,69,19.26,14.57,5,34.8,0,1,2,69,146,Summer,81,Normal
120,Product_120,Frozen,Supplier_15,6,179,21,10.11,8.86,0,20.4,1,1,6,102,49,Rainy,27,Overstock
121,Product_121,Frozen,Supplier_14,9,404,25,19.42,14.21,15,16.9,0,0,4,100,77,Spring,32,Overstock
122,Product_122,Beverages,Supplier_2,8,344,33,38.68,34.34,5,22.3,1,0,5,360,89,Rainy,42,Overstock
123,Product_123,Frozen,Supplier_11,8,215,53,7.11,5.14,20,26.4,0,0,5,308,126,Spring,61,Normal
124,Product_124,Household,Supplier_7,10,501,31,10.53,8.42,20,39.8,0,0,9,137,61,Spring,34,Overstock
125,Product_125,Bakery,Supplier_11,4,404,79,41.78,26.07,20,31.9,0,0,2,250,97,Rainy,75,Overstock
126,Product_126,Bakery,Supplier_11,1,343,65,20.24,16.82,15,30.3,0,0,10,217,70,Summer,64,Overstock
127,Product_127,Household,Supplier_3,7,157,55,12.58,10.88,5,24.7,0,0,8,172,115,Rainy,55,Normal
128,Product_128,Beverages,Supplier_15,10,533,52,5.79,3.32,10,28.6,1,1,4,177,115,Summer,58,Overstock
129,Product_129,Meat,Supplier_5,1,437,58,13.05,11.59,0,17.9,0,1,9,9,69,Summer,66,Overstock
130,Product_130,Grains,Supplier_5,9,33,73,19.4,13.78,25,31.3,1,0,6,188,133,Spring,75,Low Stock
131,Product_131,Fruits,Supplier_14,10,150,49,18.04,9.97,5,15.2,1,1,2,31,102,Summer,52,Normal
132,Product_132,Bakery,Supplier_2,9,434,85,41.74,27.25,10,20,0,0,2,53,78,Spring,95,Overstock
133,Product_133,Beverages,Supplier_4,9,84,7,41.73,36.51,10,27.3,1,0,10,19,117,Summer,13,Low Stock
134,Product_134,Frozen,Supplier_2,5,534,62,4.32,2.56,5,30.8,0,0,3,33,54,Winter,72,Overstock
135,Product_135,Dairy,Supplier_4,9,513,51,22.22,14.29,5,32.7,1,1,2,343,117,Rainy,54,Overstock
136,Product_136,Grains,Supplier_11,10,483,96,18.95,13.94,15,22.9,1,0,4,154,112,Spring,105,Overstock
137,Product_137,Vegetables,Supplier_1,10,347,98,35.16,29.43,15,16.4,0,1,7,92,119,Winter,95,Normal
138,Product_138,Snacks,Supplier_10,1,146,28,22.52,18.29,25,35.1,0,1,1,226,47,Summer,23,Overstock
139,Product_139,Frozen,Supplier_5,9,357,41,5.46,3.61,0,30.9,0,1,1,72,109,Rainy,39,Overstock
140,Product_140,Fruits,Supplier_14,6,496,9,21.3,13.28,25,30,0,1,6,305,88,Summer,9,Overstock
141,Product_141,Beverages,Supplier_7,7,476,75,11.18,6.62,10,35,0,1,6,333,90,Rainy,81,Overstock
142,Product_142,Meat,Supplier_9,9,111,63,2.42,1.92,25,26.6,0,1,10,302,84,Spring,66,Normal
143,Product_143,Snacks,Supplier_15,2,320,68,14.92,12.15,15,22.5,1,1,4,69,97,Rainy,63,Overstock
144,Product_144,Fruits,Supplier_2,8,151,84,38.73,21.5,20,21.4,1,0,6,81,89,Winter,87,Normal
145,Product_145,Meat,Supplier_5,9,69,41,6.67,4.18,10,23.5,0,1,9,198,83,Rainy,49,Low Stock
146,Product_146,Meat,Supplier_14,2,502,85,39.77,23.84,10,33.8,0,1,8,74,135,Spring,97,Overstock
147,Product_147,Meat,Supplier_8,4,425,92,6.85,5.21,0,19.7,1,0,8,69,61,Summer,87,Overstock
148,Product_148,Frozen,Supplier_12,9,61,92,49.91,39.86,15,39.3,0,0,5,7,60,Spring,104,Normal
149,Product_149,Vegetables,Supplier_1,3,389,45,26.9,17.18,0,25.4,1,1,7,181,94,Spring,48,Overstock
150,Product_150,Grains,Supplier_10,8,566,83,27.58,16.48,15,32.5,1,0,8,149,56,Winter,91,Overstock
151,Product_151,Bakery,Supplier_12,8,446,98,39.37,26.38,0,16.4,0,1,6,106,87,Rainy,110,Overstock
152,Product_152,Grains,Supplier_2,7,523,64,49.9,30.9,10,22.3,1,0,8,172,55,Winter,67,Overstock
153,Product_153,Household,Supplier_4,3,495,3,28.47,18.43,5,33.2,1,1,1,245,98,Spring,15,Overstock
154,Product_154,Bakery,Supplier_1,6,58,52,8.49,5.86,5,15.5,0,0,9,75,62,Spring,56,Low Stock
155,Product_155,Frozen,Supplier_3,7,149,96,15.34,13.72,20,36.3,0,0,2,90,103,Summer,91,Normal
156,Product_156,Dairy,Supplier_1,6,494,94,2.92,1.83,5,24.6,0,1,4,38,116,Spring,94,Overstock
157,Product_157,Household,Supplier_8,10,520,65,35.06,28.6,0,30,0,0,8,240,126,Rainy,69,Overstock
158,Product_158,Household,Supplier_6,3,486,50,16.27,12.08,15,26.8,1,1,7,109,99,Rainy,46,Overstock
159,Product_159,Beverages,Supplier_3,8,286,97,27,18.83,0,15.1,1,0,2,277,141,Summer,109,Normal
160,Product_160,Meat,Supplier_13,2,33,69,48.87,43.46,15,34.3,0,0,10,249,145,Rainy,76,Low Stock
161,Product_161,Meat,Supplier_13,3,296,92,28.25,21.09,25,29.3,0,0,5,80,61,Rainy,100,Overstock
162,Product_162,Grains,Supplier_13,9,476,9,23.45,18.41,10,22.4,1,0,5,264,77,Rainy,7,Overstock
163,Product_163,Beverages,Supplier_11,10,388,34,2.21,1.54,10,35.1,0,0,7,27,59,Spring,45,Overstock
164,Product_164,Household,Supplier_1,1,45,86,16.63,13.82,5,21.4,1,0,2,222,146,Rainy,82,Low Stock
165,Product_165,Frozen,Supplier_6,6,218,7,4.62,3.14,20,39.2,0,1,2,37,71,Winter,2,Overstock
166,Product_166,Dairy,Supplier_2,9,272,100,45.65,34.57,0,19,0,1,10,93,82,Spring,96,Overstock
167,Product_167,Grains,Supplier_8,10,46,83,7.73,6.42,25,28.4,1,1,1,312,54,Rainy,83,Low Stock
168,Product_168,Meat,Supplier_6,1,125,36,34.43,19.42,5,37.3,1,0,9,210,80,Spring,32,Normal
169,Product_169,Vegetables,Supplier_8,9,354,37,43.01,33.2,5,35.1,0,1,6,307,89,Winter,37,Overstock
170,Product_170,Grains,Supplier_4,10,166,37,17.15,9.99,15,17.8,0,1,7,244,140,Summer,34,Normal
171,Product_171,Meat,Supplier_2,2,136,38,45.47,32.56,5,16.4,1,1,6,157,61,Summer,47,Normal
172,Product_172,Dairy,Supplier_13,5,237,83,33.78,23.19,5,27.8,1,0,5,201,134,Rainy,82,Normal
173,Product_173,Grains,Supplier_5,10,466,5,28.06,19.51,25,17.9,0,1,10,171,100,Spring,3,Overstock
174,Product_174,Vegetables,Supplier_14,6,66,88,44.65,29.09,15,37.8,1,1,8,143,54,Summer,89,Normal
175,Product_175,Meat,Supplier_15,8,199,25,26.24,21.15,10,35.5,1,0,8,331,87,Winter,23,Normal
176,Product_176,Bakery,Supplier_9,8,237,99,7.88,4.39,25,21,0,1,10,241,52,Rainy,111,Overstock
177,Product_177,Household,Supplier_15,3,516,50,29.55,19.14,20,21.8,0,1,9,274,141,Spring,61,Overstock
178,Product_178,Snacks,Supplier_3,1,87,67,43.17,28.08,10,24.9,1,1,4,292,66,Winter,77,Normal
179,Product_179,Dairy,Supplier_1,5,317,91,14.2,12.44,5,23,0,1,3,295,100,Summer,92,Overstock
180,Product_180,Snacks,Supplier_6,5,242,99,48.76,28.67,25,20,0,1,9,276,116,Summer,111,Normal
181,Product_181,Snacks,Supplier_4,4,443,90,27.29,23.52,20,20.7,1,1,7,166,53,Spring,86,Overstock
182,Product_182,Meat,Supplier_12,1,421,88,10.25,8.79,15,24,1,1,3,146,91,Spring,97,Overstock
183,Product_183,Meat,Supplier_13,7,369,7,23.43,19.63,0,23.2,0,1,9,149,137,Winter,16,Normal
184,Product_184,Bakery,Supplier_11,1,510,70,48.09,39.36,0,23.7,1,1,6,182,67,Winter,70,Overstock
185,Product_185,Bakery,Supplier_14,6,286,64,30.84,23.55,25,21.8,1,1,9,306,99,Rainy,69,Normal
186,Product_186,Vegetables,Supplier_7,3,528,33,4.82,4.31,25,22.2,1,0,4,141,104,Winter,29,Overstock
187,Product_187,Grains,Supplier_11,5,47,47,24.96,21.44,5,18.5,1,1,9,182,106,Rainy,52,Low Stock
188,Product_188,Meat,Supplier_2,9,82,18,34.94,24.65,15,39.1,0,0,4,212,47,Rainy,28,Normal
189,Product_189,Grains,Supplier_1,4,483,58,29.78,20.7,10,26.7,0,0,6,327,90,Winter,53,Overstock
190,Product_190,Dairy,Supplier_7,6,299,2,33.83,26.11,5,35.9,0,1,9,7,146,Spring,6,Normal
191,Product_191,Dairy,Supplier_6,6,446,81,30.88,21.36,0,25.3,1,0,6,222,80,Spring,89,Overstock
192,Product_192,Frozen,Supplier_12,6,79,43,21.36,15.18,10,19.9,0,0,6,31,130,Spring,53,Low Stock
193,Product_193,Bakery,Supplier_12,8,358,48,41.9,33.62,25,31,1,1,1,170,48,Winter,50,Overstock
194,Product_194,Dairy,Supplier_1,2,434,73,41,27.97,20,26.1,1,1,3,89,114,Rainy,68,Overstock
195,Product_195,Vegetables,Supplier_10,10,530,93,9.23,6.58,25,25.5,0,0,6,216,76,Winter,93,Overstock
196,Product_196,Fruits,Supplier_7,10,261,76,42.28,25.15,25,28.9,0,0,4,331,119,Spring,73,Normal
197,Product_197,Household,Supplier_13,10,116,73,18.36,13.9,0,33.9,1,0,2,280,116,Spring,74,Normal
198,Product_198,Beverages,Supplier_14,3,58,57,23.14,18.05,10,24.9,0,0,5,239,132,Spring,69,Low Stock
199,Product_199,Grains,Supplier_3,10,346,39,5.5,3.62,20,26.5,0,0,9,182,85,Summer,38,Overstock
200,Product_200,Fruits,Supplier_10,2,600,4,16.51,13.77,20,30.1,0,0,6,350,145,Rainy,6,Overstock
1,Product_001,Meat,Supplier_7,2,571,19,14.2,12.29,5,32.2,1,0,1,308,52,Summer,16,Overstock
2,Product_002,Snacks,Supplier_2,7,317,90,21.41,17.67,20,33.5,0,0,10,155,102,Summer,86,Overstock
3,Product_003,Frozen,Supplier_4,6,269,58,24.07,16.18,20,20.6,1,0,1,165,76,Summer,69,Overstock
4,Product_004,Meat,Supplier_6,2,178,42,48.17,28.29,10,39.6,1,1,9,303,134,Rainy,41,Normal
5,Product_005,Meat,Supplier_13,9,583,8,16.57,10.66,0,24.3,1,1,1,305,70,Summer,13,Overstock
6,Product_006,Vegetables,Supplier_7,1,173,2,1.8,1.38,15,38.9,1,0,7,15,136,Spring,7,Normal
7,Product_007,Household,Supplier_1,4,449,38,29.09,18.84,0,36.3,0,1,1,342,54,Summer,35,Overstock
8,Product_008,Frozen,Supplier_6,5,197,2,27.16,17.21,5,33.5,1,0,5,216,125,Summer,3,Normal
9,Product_009,Fruits,Supplier_7,10,73,62,10.91,8.41,0,37.7,0,1,3,8,90,Rainy,62,Low Stock
10,Product_010,Frozen,Supplier_14,3,353,87,10.25,6.99,20,23.8,1,1,2,135,107,Spring,84,Overstock
11,Product_011,Vegetables,Supplier_3,6,165,32,27.94,16.85,15,33.6,0,0,4,168,79,Winter,29,Normal
12,Product_012,Fruits,Supplier_14,2,315,48,7.5,5.66,10,16.6,0,1,2,236,149,Winter,58,Normal
13,Product_013,Grains,Supplier_8,1,144,33,29.62,17.15,5,29.6,0,0,1,182,80,Rainy,38,Normal
14,Product_014,Grains,Supplier_3,7,163,65,30.17,19.62,20,20.9,1,0,1,147,89,Summer,60,Normal
15,Product_015,Bakery,Supplier_12,2,206,48,17.75,13.87,20,34.7,1,0,2,262,45,Summer,55,Overstock
16,Product_016,Grains,Supplier_11,8,316,67,20.32,16.43,5,28.8,0,1,9,310,140,Rainy,62,Normal
17,Product_017,Vegetables,Supplier_12,10,136,83,23.4,13.49,15,23,1,1,7,46,135,Spring,78,Normal
18,Product_018,Beverages,Supplier_1,6,477,16,47.87,38.4,10,25.2,0,0,2,294,71,Spring,13,Overstock
19,Product_019,Bakery,Supplier_13,9,338,36,32.17,23.66,0,17.1,0,0,1,113,106,Winter,43,Overstock
20,Product_020,Dairy,Supplier_1,1,355,55,14.57,10.5,20,33.5,0,0,9,278,103,Summer,64,Overstock
21,Product_021,Bakery,Supplier_3,6,318,47,13.92,12.38,20,23.8,0,1,7,239,73,Summer,49,Overstock
22,Product_022,Beverages,Supplier_10,8,329,18,8.53,5.68,5,39.8,1,0,4,116,130,Summer,24,Normal
23,Product_023,Bakery,Supplier_5,5,372,47,42.86,35.65,15,27.9,1,0,2,183,137,Spring,57,Normal
24,Product_024,Household,Supplier_8,3,132,91,31.08,27.29,15,19,1,0,6,255,99,Rainy,100,Normal
25,Product_025,Vegetables,Supplier_6,1,130,24,24.32,17.35,5,19.8,1,0,4,231,69,Rainy,34,Normal
26,Product_026,Vegetables,Supplier_14,8,558,37,7.08,4.36,10,28.2,0,0,10,35,112,Rainy,37,Overstock
27,Product_027,Fruits,Supplier_15,10,487,5,28.36,21.7,20,28.7,1,0,8,230,130,Rainy,6,Overstock
28,Product_028,Meat,Supplier_1,10,309,22,19.36,15.99,15,27.4,1,1,5,121,142,Summer,17,Normal
29,Product_029,Snacks,Supplier_8,3,599,43,40.15,30.65,20,31.9,0,1,7,297,98,Spring,40,Overstock
30,Product_030,Household,Supplier_3,10,496,3,35.45,20.94,25,21.9,1,1,9,37,111,Winter,14,Overstock
31,Product_031,Vegetables,Supplier_9,10,292,34,29.96,18.24,5,24.9,1,1,1,15,120,Summer,44,Normal
32,Product_032,Dairy,Supplier_3,4,437,78,34.77,22.16,20,37.5,1,1,2,156,47,Summer,74,Overstock
33,Product_033,Household,Supplier_5,9,429,15,23.04,20.52,5,17.6,1,1,9,212,41,Winter,16,Overstock
34,Product_034,Vegetables,Supplier_10,10,103,47,17.38,13.46,15,39.5,1,0,5,22,43,Spring,47,Normal
35,Product_035,Fruits,Supplier_2,7,151,68,28.95,20.05,10,39.1,1,0,10,57,147,Spring,71,Normal
36,Product_036,Frozen,Supplier_7,9,384,76,2.97,2.19,0,34.3,1,1,6,32,104,Spring,88,Overstock
37,Product_037,Household,Supplier_14,9,510,31,20.96,16.16,20,33.1,0,1,3,16,101,Spring,32,Overstock
38,Product_038,Vegetables,Supplier_9,5,509,66,8.97,7.19,25,33.5,1,1,5,153,138,Summer,72,Overstock
39,Product_039,Fruits,Supplier_7,9,78,65,6.02,4.2,20,35,1,0,1,175,107,Winter,69,Low Stock
40,Product_040,Fruits,Supplier_15,3,563,84,31.91,20.38,0,35.8,0,1,8,116,144,Spring,95,Overstock
41,Product_041,Meat,Supplier_12,3,54,62,35.51,23.02,25,37.9,1,1,1,56,127,Rainy,58,Low Stock
42,Product_042,Household,Supplier_9,2,407,25,13.27,9.66,10,26,1,1,8,77,62,Rainy,29,Overstock
43,Product_043,Frozen,Supplier_9,4,165,96,22.08,19.05,10,27.8,0,1,8,65,131,Summer,95,Normal
44,Product_044,Household,Supplier_2,3,513,67,36.75,25.72,20,38.5,1,1,10,31,142,Summer,77,Overstock
45,Product_045,Grains,Supplier_4,6,265,44,16.03,12.47,0,29.5,1,1,9,37,61,Winter,42,Overstock
46,Product_046,Snacks,Supplier_5,5,107,17,48.17,42.22,25,34.3,1,1,7,224,93,Rainy,16,Normal
47,Product_047,Household,Supplier_14,2,198,67,3.25,2.47,0,23.5,0,0,10,45,65,Winter,68,Overstock
48,Product_048,Snacks,Supplier_7,3,91,22,17.39,11.02,15,21.1,0,1,10,149,104,Summer,32,Low Stock
49,Product_049,Grains,Supplier_7,7,409,72,20.68,11.67,0,36.7,1,1,10,143,43,Summer,73,Overstock
50,Product_050,Grains,Supplier_6,6,252,5,26.87,19.03,5,35.6,0,1,10,204,95,Spring,14,Normal
51,Product_051,Snacks,Supplier_6,3,321,8,45.2,38.46,0,18.3,0,1,6,118,83,Winter,5,Overstock
52,Product_052,Frozen,Supplier_5,6,558,71,45.79,25.42,20,37.8,1,0,10,168,92,Rainy,80,Overstock
53,Product_053,Vegetables,Supplier_5,2,101,49,36.21,23.98,20,23.9,1,0,2,59,45,Spring,58,Normal
54,Product_054,Meat,Supplier_1,10,535,15,14.02,12.36,5,20.9,0,0,10,312,61,Rainy,15,Overstock
55,Product_055,Fruits,Supplier_10,8,183,87,34.24,20.21,0,26.1,0,0,9,115,42,Winter,97,Overstock
56,Product_056,Fruits,Supplier_1,3,276,46,45.84,29.25,5,35.7,0,1,4,278,117,Winter,53,Normal
57,Product_057,Snacks,Supplier_15,2,398,19,15.39,13.47,10,16.3,0,1,8,150,54,Rainy,24,Overstock
58,Product_058,Snacks,Supplier_10,8,257,87,6.37,3.78,25,24.2,0,0,9,259,135,Rainy,93,Normal
59,Product_059,Snacks,Supplier_13,5,317,50,25.88,18.15,15,18.2,1,0,2,265,42,Summer,51,Overstock
60,Product_060,Meat,Supplier_5,5,84,59,29.61,18.64,0,20.2,1,1,5,106,74,Rainy,67,Normal
61,Product_061,Dairy,Supplier_15,7,391,72,25.74,19.85,0,30.2,0,1,8,79,105,Winter,72,Overstock
62,Product_062,Frozen,Supplier_9,3,343,24,48.6,33.43,0,37.2,1,1,7,342,67,Winter,32,Overstock
63,Product_063,Meat,Supplier_11,4,131,43,47.5,37.52,15,39.2,1,1,4,118,97,Summer,51,Normal
64,Product_064,Frozen,Supplier_9,7,334,27,45.75,38.12,5,25.4,0,1,2,249,67,Winter,36,Overstock
65,Product_065,Snacks,Supplier_3,5,571,27,12.99,11.11,25,18.3,1,0,8,113,53,Summer,26,Overstock
66,Product_066,Beverages,Supplier_5,5,577,1,8.54,5.78,10,23.2,0,1,1,225,149,Rainy,1,Overstock
67,Product_067,Meat,Supplier_14,4,107,57,34.82,30.41,10,25.7,1,0,10,222,110,Rainy,66,Low Stock
68,Product_068,Bakery,Supplier_2,5,598,2,8.26,6.68,10,29.6,0,1,9,294,50,Spring,1,Overstock
69,Product_069,Vegetables,Supplier_15,9,192,35,47.24,27.53,0,15.8,0,0,8,246,49,Summer,47,Overstock
70,Product_070,Frozen,Supplier_10,4,82,9,41.08,24.56,5,15.5,1,0,10,341,124,Summer,15,Low Stock
71,Product_071,Frozen,Supplier_11,6,251,68,6.67,5.29,15,27.4,0,1,7,53,56,Rainy,66,Overstock
72,Product_072,Frozen,Supplier_8,1,131,77,18.74,16.58,20,20.3,1,1,10,86,52,Rainy,89,Normal
73,Product_073,Beverages,Supplier_3,3,307,93,11.32,8.86,5,22.2,0,1,9,175,103,Summer,101,Normal
74,Product_074,Bakery,Supplier_7,7,360,66,35.02,20.04,10,26,0,1,1,155,43,Winter,76,Overstock
75,Product_075,Meat,Supplier_13,9,320,18,5.12,3.74,25,35.7,0,0,10,97,86,Summer,28,Overstock
76,Product_076,Snacks,Supplier_15,8,276,60,23.76,19.91,25,23.9,1,0,1,259,118,Winter,70,Normal
77,Product_077,Meat,Supplier_7,9,458,41,44.82,32.67,5,27.4,0,1,6,350,149,Winter,41,Overstock
78,Product_078,Bakery,Supplier_8,10,463,80,23.44,16.29,15,18,1,1,6,55,46,Rainy,92,Overstock
79,Product_079,Vegetables,Supplier_10,9,257,69,28.23,16.95,25,23,0,1,1,98,134,Summer,66,Normal
80,Product_080,Snacks,Supplier_15,6,111,36,20.98,16.21,15,22,0,1,4,304,47,Winter,40,Normal
81,Product_081,Dairy,Supplier_13,6,314,80,37.39,22.26,20,37.6,1,1,2,282,64,Spring,88,Overstock
82,Product_082,Meat,Supplier_5,9,232,60,3.97,3.15,0,18.6,0,1,2,326,127,Winter,56,Normal
83,Product_083,Bakery,Supplier_6,2,393,46,9.96,6.17,10,31.4,1,1,10,179,80,Spring,41,Overstock
84,Product_084,Frozen,Supplier_2,1,51,70,11.05,7.23,10,15.5,0,0,3,148,108,Summer,71,Low Stock
85,Product_085,Meat,Supplier_15,3,433,35,27.63,18.58,15,28,1,0,10,79,60,Spring,37,Overstock
86,Product_086,Meat,Supplier_9,5,353,45,30.4,19.75,0,15.5,0,0,8,164,66,Spring,46,Overstock
87,Product_087,Snacks,Supplier_15,1,485,9,24.94,16.89,5,17.8,1,0,5,344,109,Spring,15,Overstock
88,Product_088,Beverages,Supplier_13,4,374,21,28.5,17.25,10,29.6,1,1,8,72,73,Winter,26,Overstock
89,Product_089,Household,Supplier_6,4,97,99,48.78,27.08,15,21.6,0,0,10,318,131,Summer,107,Low Stock
90,Product_090,Dairy,Supplier_1,9,269,78,39.71,33.04,5,31.3,1,1,8,60,129,Rainy,75,Normal
91,Product_091,Snacks,Supplier_2,9,287,41,29.79,23.2,10,22.5,1,1,1,221,140,Spring,42,Normal
92,Product_092,Snacks,Supplier_11,5,250,7,44.01,28.58,20,20.8,1,1,3,24,86,Winter,10,Normal
93,Product_093,Meat,Supplier_7,1,367,1,4.47,3.68,20,19.8,0,0,7,20,97,Winter,11,Overstock
94,Product_094,Grains,Supplier_5,10,475,28,23.83,21,5,31.3,0,0,3,50,65,Spring,27,Overstock
95,Product_095,Grains,Supplier_12,6,581,58,24.01,13.31,25,29.9,1,0,7,27,58,Summer,66,Overstock
96,Product_096,Meat,Supplier_14,9,393,33,13.88,8.09,15,29.8,1,0,8,121,146,Winter,36,Normal
97,Product_097,Meat,Supplier_11,6,248,16,48.57,35.14,15,18.5,0,1,4,191,138,Winter,24,Normal
98,Product_098,Beverages,Supplier_14,8,319,12,49.05,33.82,10,20,0,0,5,118,96,Summer,20,Overstock
99,Product_099,Meat,Supplier_14,8,379,61,12.11,7.21,0,38.3,1,0,7,362,82,Rainy,57,Overstock
100,Product_100,Vegetables,Supplier_12,2,138,32,40.08,24.87,10,30.9,1,1,9,357,56,Spring,30,Normal
101,Product_101,Vegetables,Supplier_8,9,509,9,41.27,31.37,10,33.2,1,0,1,63,88,Summer,8,Overstock
102,Product_102,Dairy,Supplier_6,6,588,98,21.99,16.92,20,33.9,1,1,9,314,121,Spring,104,Overstock
103,Product_103,Grains,Supplier_5,8,439,52,32.59,21.31,25,23.4,0,0,3,352,88,Summer,49,Overstock
104,Product_104,Bakery,Supplier_10,8,422,20,48.28,32.6,0,36.8,0,1,10,201,145,Summer,19,Normal
105,Product_105,Meat,Supplier_5,7,157,44,21.03,14.73,15,24.7,1,0,4,163,113,Spring,44,Normal
106,Product_106,Dairy,Supplier_13,9,369,39,13.09,10.2,15,21.8,0,0,9,19,44,Winter,45,Overstock
107,Product_107,Meat,Supplier_6,10,217,5,28.19,17.63,0,22.6,1,1,8,76,97,Winter,3,Normal
108,Product_108,Beverages,Supplier_9,5,195,41,14.1,8.51,0,36.3,0,0,10,89,137,Spring,50,Normal
109,Product_109,Frozen,Supplier_7,7,160,58,34.29,19.26,15,16.3,0,0,4,73,141,Rainy,67,Normal
110,Product_110,Bakery,Supplier_3,6,247,30,28.77,19.46,20,36.6,1,1,2,71,116,Spring,27,Normal
111,Product_111,Household,Supplier_3,5,549,99,49.12,39.96,20,25.6,0,0,6,253,119,Winter,94,Overstock
112,Product_112,Fruits,Supplier_12,8,493,7,9.42,5.37,5,26.4,0,0,8,44,69,Summer,7,Overstock
113,Product_113,Vegetables,Supplier_13,10,582,71,46.33,39.46,25,34.7,1,1,7,361,87,Spring,78,Overstock
114,Product_114,Household,Supplier_14,5,400,73,19.15,15.82,25,27.6,0,1,2,286,134,Summer,74,Normal
115,Product_115,Grains,Supplier_12,10,282,63,12.38,10.49,5,34,1,1,8,206,81,Summer,64,Overstock
116,Product_116,Snacks,Supplier_3,3,338,26,46.04,35.92,15,16.1,0,1,3,113,107,Spring,33,Overstock
117,Product_117,Household,Supplier_4,3,388,12,8.35,5.39,25,21.3,1,0,9,323,63,Spring,18,Overstock
118,Product_118,Household,Supplier_11,8,187,33,30.37,19.34,5,27.2,0,1,2,123,149,Summer,33,Normal
119,Product_119,Bakery,Supplier_5,8,583,17,28.63,18.43,5,33.7,0,1,6,266,103,Rainy,28,Overstock
120,Product_120,Frozen,Supplier_1,6,365,7,9.26,5.89,0,23.2,0,1,5,182,118,Spring,4,Overstock
121,Product_121,Frozen,Supplier_3,5,595,36,9.74,6.02,10,39,1,1,4,194,127,Winter,42,Overstock
122,Product_122,Beverages,Supplier_12,3,477,23,31.82,19.87,5,39.2,0,0,9,225,138,Winter,33,Overstock
123,Product_123,Frozen,Supplier_6,2,124,28,15.23,8.71,20,37.6,1,0,4,39,61,Rainy,35,Normal
124,Product_124,Household,Supplier_8,5,62,54,42.72,36.49,20,39.4,0,1,8,185,125,Summer,58,Low Stock
125,Product_125,Bakery,Supplier_15,8,432,15,49.07,30.52,5,30.7,0,0,4,346,119,Rainy,21,Overstock
126,Product_126,Bakery,Supplier_15,1,340,25,37.12,23.67,5,17,1,1,4,361,122,Spring,24,Normal
127,Product_127,Household,Supplier_6,1,163,43,36.9,29.42,5,18.3,0,1,3,111,102,Summer,44,Normal
128,Product_128,Beverages,Supplier_11,8,385,20,4.05,3.05,25,23.9,0,0,9,117,72,Rainy,21,Overstock
129,Product_129,Meat,Supplier_3,10,165,62,13.71,9.06,25,29.7,0,1,5,259,58,Rainy,61,Normal
130,Product_130,Grains,Supplier_12,3,436,33,48.35,26.86,10,30.3,1,1,3,126,43,Summer,35,Overstock
131,Product_131,Fruits,Supplier_6,4,236,100,35.27,23.94,25,19.4,0,1,9,292,95,Summer,107,Normal
132,Product_132,Bakery,Supplier_5,7,579,17,3.33,2.57,5,24.5,1,1,3,302,95,Summer,23,Overstock
133,Product_133,Beverages,Supplier_3,1,509,15,16.5,12.22,20,21.4,1,1,4,286,121,Rainy,21,Overstock
134,Product_134,Frozen,Supplier_1,10,293,68,21.02,13.1,0,39,0,1,7,255,125,Rainy,72,Normal
135,Product_135,Dairy,Supplier_7,4,535,8,43.67,37.02,25,24.8,1,1,6,275,69,Winter,18,Overstock
136,Product_136,Grains,Supplier_2,3,206,19,14.7,10.97,25,22.5,0,1,2,35,131,Summer,25,Normal
137,Product_137,Vegetables,Supplier_14,2,59,38,19.61,14.01,20,18.5,0,1,1,343,134,Summer,40,Low Stock
138,Product_138,Snacks,Supplier_3,9,375,34,16.82,11.92,5,18.2,0,1,10,339,136,Winter,30,Normal
139,Product_139,Frozen,Supplier_14,3,395,12,20.2,12.62,10,18.1,1,0,4,75,150,Summer,15,Normal
140,Product_140,Fruits,Supplier_9,3,200,14,1.26,0.96,20,15.4,1,1,8,26,46,Spring,22,Overstock
141,Product_141,Beverages,Supplier_14,7,433,12,6.56,5.48,15,17.8,0,0,2,301,146,Spring,16,Normal
142,Product_142,Meat,Supplier_2,8,166,18,6.67,5.58,15,38.5,0,0,2,328,121,Winter,25,Normal
143,Product_143,Snacks,Supplier_5,5,214,44,43.36,35.65,5,24.4,1,0,10,76,132,Spring,50,Normal
144,Product_144,Fruits,Supplier_8,4,509,42,32.53,27.33,15,19.2,1,0,6,66,102,Winter,38,Overstock
145,Product_145,Meat,Supplier_6,1,139,47,16.05,12.52,5,34.6,0,0,7,354,99,Winter,58,Normal
146,Product_146,Meat,Supplier_12,7,528,56,4.98,3.44,25,20.3,0,1,10,158,61,Winter,59,Overstock
147,Product_147,Meat,Supplier_10,4,217,43,36.7,32.12,10,22.7,1,1,4,218,138,Winter,48,Normal
148,Product_148,Frozen,Supplier_11,1,583,77,44.1,33.61,0,35.8,1,0,7,206,94,Summer,82,Overstock
149,Product_149,Vegetables,Supplier_2,3,133,66,18.64,16.57,0,28.6,0,0,6,239,108,Rainy,66,Normal
150,Product_150,Grains,Supplier_9,4,43,97,36.25,20.8,5,35.1,1,0,8,31,83,Spring,97,Low Stock
151,Product_151,Bakery,Supplier_4,6,61,73,10.56,8.44,15,22.7,1,1,10,122,51,Spring,83,Normal
152,Product_152,Grains,Supplier_3,1,587,39,38.97,25.33,5,32.4,1,1,2,85,114,Summer,43,Overstock
153,Product_153,Household,Supplier_7,9,87,30,12.27,7.14,5,15.7,1,0,8,103,41,Spring,41,Normal
154,Product_154,Bakery,Supplier_3,1,451,3,28.62,23.27,15,33.6,0,0,8,206,101,Summer,10,Overstock
155,Product_155,Frozen,Supplier_3,6,271,26,48.71,34.62,20,36.5,1,1,4,154,91,Summer,37,Normal
156,Product_156,Dairy,Supplier_11,7,445,77,31.03,18.62,0,16.8,0,1,5,132,113,Summer,79,Overstock
157,Product_157,Household,Supplier_12,5,272,39,4.2,3.02,10,22.4,0,1,9,158,146,Winter,40,Normal
158,Product_158,Household,Supplier_8,8,180,57,9.64,6.12,10,31.7,1,1,3,108,125,Spring,60,Normal
159,Product_159,Beverages,Supplier_6,6,460,98,33.15,19.42,20,22.8,1,0,10,185,118,Summer,98,Overstock
160,Product_160,Meat,Supplier_9,1,53,93,25.66,18,0,21.7,1,0,6,226,86,Winter,92,Low Stock
161,Product_161,Meat,Supplier_15,1,474,48,48.09,42.04,0,21.4,0,1,9,280,131,Summer,43,Overstock
162,Product_162,Grains,Supplier_9,4,109,65,14.88,10.89,5,38.8,1,1,1,239,109,Summer,72,Normal
163,Product_163,Beverages,Supplier_8,10,131,76,23.4,18.02,0,39.9,0,0,10,289,73,Spring,87,Normal
164,Product_164,Household,Supplier_10,9,41,89,4.64,3.25,10,39,0,0,6,262,79,Rainy,89,Low Stock
165,Product_165,Frozen,Supplier_1,4,62,80,24.77,15.48,0,33.6,1,1,5,307,132,Summer,90,Low Stock
166,Product_166,Dairy,Supplier_13,10,456,25,30.75,19.19,5,24.5,0,0,9,167,128,Spring,35,Overstock
167,Product_167,Grains,Supplier_10,5,453,54,3.8,2.1,15,28.5,1,0,1,159,65,Spring,55,Overstock
168,Product_168,Meat,Supplier_8,5,167,93,44.89,27.18,15,30.3,1,1,5,100,119,Winter,104,Normal
169,Product_169,Vegetables,Supplier_14,7,37,64,5.02,4.15,15,21,0,1,5,190,101,Winter,72,Low Stock
170,Product_170,Grains,Supplier_8,6,561,10,36.92,24.67,20,21.7,1,0,7,84,58,Summer,8,Overstock
171,Product_171,Meat,Supplier_9,10,489,51,17.14,14.75,10,19.8,0,0,8,339,133,Winter,51,Overstock
172,Product_172,Dairy,Supplier_2,6,296,95,8.21,4.62,25,15.2,0,0,8,30,141,Winter,103,Normal
173,Product_173,Grains,Supplier_3,5,492,8,17.48,13.86,20,27.6,0,1,6,100,92,Rainy,17,Overstock
174,Product_174,Vegetables,Supplier_3,7,281,100,3.96,2.26,5,37.9,0,0,2,330,67,Spring,108,Overstock
175,Product_175,Meat,Supplier_11,10,469,13,27.88,23.32,25,16.7,0,1,8,216,85,Summer,16,Overstock
176,Product_176,Bakery,Supplier_7,3,313,10,21.86,14.28,10,17.4,1,0,7,340,81,Rainy,8,Overstock
177,Product_177,Household,Supplier_1,4,145,96,13.39,8.26,0,17.9,0,0,7,282,143,Spring,99,Normal
178,Product_178,Snacks,Supplier_1,8,51,55,48.53,43.23,5,38.2,1,0,2,28,122,Winter,58,Low Stock
179,Product_179,Dairy,Supplier_13,4,355,30,17.35,14.03,25,27.1,1,1,7,120,47,Rainy,27,Overstock
180,Product_180,Snacks,Supplier_9,8,557,32,26.84,19.23,5,18.1,0,1,8,96,103,Summer,35,Overstock
181,Product_181,Snacks,Supplier_3,6,45,18,44.33,33.33,15,24.5,1,0,9,261,64,Summer,22,Low Stock
182,Product_182,Meat,Supplier_2,5,331,82,7.74,4.94,10,22.5,0,1,6,289,90,Summer,81,Overstock
183,Product_183,Meat,Supplier_5,9,117,99,10.8,7.31,0,35.7,0,0,7,106,79,Spring,95,Normal
184,Product_184,Bakery,Supplier_10,7,296,49,8.03,6.03,25,26.4,1,1,6,230,94,Winter,47,Overstock
185,Product_185,Bakery,Supplier_13,1,164,54,47.53,32.64,20,23.6,0,0,9,306,87,Rainy,53,Normal
186,Product_186,Vegetables,Supplier_10,5,460,85,41.17,26.08,25,27.6,0,1,1,147,81,Spring,85,Overstock
187,Product_187,Grains,Supplier_1,7,526,20,22.35,17.48,5,15.6,1,0,8,259,82,Summer,19,Overstock
188,Product_188,Meat,Supplier_7,3,552,16,16.68,13.42,0,29.9,1,0,1,289,52,Summer,16,Overstock
189,Product_189,Grains,Supplier_4,10,233,85,33.44,27.19,5,31.7,0,0,8,119,44,Rainy,87,Overstock
190,Product_190,Dairy,Supplier_15,10,210,23,24.26,17.9,25,31.7,1,1,9,179,71,Rainy,35,Normal
191,Product_191,Dairy,Supplier_2,10,494,66,13.85,10.29,0,15.4,1,1,8,264,109,Rainy,71,Overstock
192,Product_192,Frozen,Supplier_11,6,512,94,29.5,23.44,0,25.4,0,0,9,159,58,Summer,91,Overstock
193,Product_193,Bakery,Supplier_11,2,425,37,31.52,18.9,10,19.4,0,0,4,237,88,Spring,39,Overstock
194,Product_194,Dairy,Supplier_9,6,398,57,35.45,25.91,0,31.1,0,0,1,118,137,Winter,69,Normal
195,Product_195,Vegetables,Supplier_14,8,570,69,24.06,21.5,0,23.6,1,1,8,289,62,Rainy,80,Overstock
196,Product_196,Fruits,Supplier_1,7,91,59,17.24,14.22,10,37.8,0,0,4,291,137,Winter,57,Low Stock
197,Product_197,Household,Supplier_5,10,231,9,12.8,11.29,10,26.8,1,1,2,93,130,Rainy,5,Normal
198,Product_198,Beverages,Supplier_2,1,178,50,40.83,25.95,15,29.9,1,1,7,129,110,Spring,47,Normal
199,Product_199,Grains,Supplier_4,7,530,31,31.73,19.06,15,15.7,1,0,1,150,61,Rainy,39,Overstock
200,Product_200,Fruits,Supplier_14,6,587,70,36.38,24.45,10,25.4,0,1,6,43,114,Rainy,75,Overstock
1,Product_001,Meat,Supplier_3,1,157,13,1.87,1.5,0,15.8,1,0,2,63,136,Summer,10,Normal
2,Product_002,Snacks,Supplier_11,6,130,81,43.36,27.33,0,26.7,0,0,5,131,99,Spring,81,Normal
3,Product_003,Frozen,Supplier_10,8,95,38,42.25,29.12,10,35.4,1,1,10,15,56,Rainy,36,Normal
4,Product_004,Meat,Supplier_15,1,162,54,23.43,13.61,15,38.4,0,1,8,66,129,Spring,56,Normal
5,Product_005,Meat,Supplier_9,3,125,88,34.33,29.57,5,38,1,1,10,317,135,Rainy,83,Low Stock
6,Product_006,Vegetables,Supplier_5,10,264,70,11.06,9.41,20,24.4,0,0,3,275,98,Rainy,76,Normal
7,Product_007,Household,Supplier_7,5,485,97,1.38,1.12,25,37.6,1,1,6,160,73,Rainy,94,Overstock
8,Product_008,Frozen,Supplier_14,7,492,91,48.25,41.54,5,28.6,0,1,10,89,143,Winter,101,Overstock
9,Product_009,Fruits,Supplier_8,8,490,17,27.46,18.81,10,19.8,1,1,3,100,92,Winter,19,Overstock
10,Product_010,Frozen,Supplier_2,10,363,74,22.99,18.24,10,20.2,1,0,4,291,145,Spring,73,Normal
11,Product_011,Vegetables,Supplier_5,1,464,51,9.31,6.73,5,26.6,0,1,9,62,46,Rainy,46,Overstock
12,Product_012,Fruits,Supplier_9,6,475,2,33.83,24.35,25,16.2,1,0,8,243,69,Summer,9,Overstock
13,Product_013,Grains,Supplier_3,2,590,8,15.41,12.34,10,30.6,0,1,7,272,145,Summer,9,Overstock
14,Product_014,Grains,Supplier_13,6,595,26,35.37,23.48,5,19.4,1,1,5,67,125,Summer,37,Overstock
15,Product_015,Bakery,Supplier_7,10,569,29,9.82,6.14,5,27,1,0,5,127,139,Spring,38,Overstock
16,Product_016,Grains,Supplier_13,9,441,93,6.3,4.96,15,31.9,0,1,5,311,58,Summer,98,Overstock
17,Product_017,Vegetables,Supplier_10,10,142,76,41,25.33,5,39.6,1,0,7,291,148,Winter,85,Low Stock
18,Product_018,Beverages,Supplier_7,3,192,23,38.24,28.46,25,17.5,0,0,7,347,126,Summer,30,Normal
19,Product_019,Bakery,Supplier_4,4,198,75,8.42,5.16,5,39.2,0,1,5,185,146,Spring,72,Normal
20,Product_020,Dairy,Supplier_4,8,457,24,22.69,16.19,5,33.8,1,0,8,290,111,Winter,28,Overstock
21,Product_021,Bakery,Supplier_1,6,90,59,7.34,5.09,0,33.9,1,0,6,100,81,Summer,68,Normal
22,Product_022,Beverages,Supplier_11,4,207,61,27.78,24.61,10,32.1,1,1,6,197,81,Rainy,62,Normal
23,Product_023,Bakery,Supplier_7,6,124,70,31.44,24.7,0,33.4,1,0,10,160,63,Rainy,82,Normal
24,Product_024,Household,Supplier_7,7,334,75,6.42,4.48,10,28,0,1,10,242,117,Summer,73,Normal
25,Product_025,Vegetables,Supplier_1,10,136,28,27.34,19.63,0,17,0,1,5,39,54,Rainy,30,Normal
26,Product_026,Vegetables,Supplier_14,8,574,68,22.36,14.03,5,15.9,1,1,9,221,120,Spring,64,Overstock
27,Product_027,Fruits,Supplier_15,2,489,89,9.49,5.39,20,36.8,0,0,4,288,72,Summer,97,Overstock
28,Product_028,Meat,Supplier_6,3,153,80,32.88,29.37,5,17.7,1,1,6,259,44,Spring,89,Overstock
29,Product_029,Snacks,Supplier_8,5,333,52,30.19,22.99,25,17,1,0,1,149,143,Spring,58,Normal
30,Product_030,Household,Supplier_3,2,256,3,40.8,29.05,15,26.1,0,0,10,74,70,Summer,15,Overstock
31,Product_031,Vegetables,Supplier_2,10,276,26,23.5,17.45,0,24.7,0,1,6,36,138,Winter,25,Normal
32,Product_032,Dairy,Supplier_14,7,77,2,7.35,4.64,10,15.5,1,1,9,301,112,Rainy,6,Low Stock
33,Product_033,Household,Supplier_7,5,422,82,32.36,23.24,10,36.9,0,0,4,359,150,Winter,79,Normal
34,Product_034,Vegetables,Supplier_9,10,84,10,35.01,20.53,0,30.4,0,1,4,302,107,Summer,14,Low Stock
35,Product_035,Fruits,Supplier_8,1,88,86,28.75,20.9,20,17.3,1,0,3,80,150,Rainy,84,Low Stock
36,Product_036,Frozen,Supplier_4,1,404,8,15.81,9.33,5,36.7,0,1,4,332,144,Spring,20,Normal
37,Product_037,Household,Supplier_12,2,196,37,19.37,12.95,20,22.9,1,0,6,269,103,Summer,46,Normal
38,Product_038,Vegetables,Supplier_9,7,498,98,7.81,7.01,5,31.4,1,1,8,108,141,Winter,105,Overstock
39,Product_039,Fruits,Supplier_13,4,245,93,22.88,20.07,20,35.6,0,0,3,239,142,Rainy,90,Normal
40,Product_040,Fruits,Supplier_6,10,597,74,18.14,16.27,20,32.6,0,0,7,18,126,Spring,81,Overstock
41,Product_041,Meat,Supplier_7,5,477,86,8.45,7.41,15,35.8,0,0,1,346,134,Winter,83,Overstock
42,Product_042,Household,Supplier_9,4,296,89,3.04,2.34,15,18.7,1,0,8,277,52,Spring,86,Overstock
43,Product_043,Frozen,Supplier_3,9,469,46,41.4,24.06,5,30.2,1,0,6,322,99,Winter,54,Overstock
44,Product_044,Household,Supplier_1,4,147,90,9.98,6.54,25,22.9,1,0,8,270,148,Summer,89,Low Stock
45,Product_045,Grains,Supplier_6,8,143,82,31.56,22.96,10,38.6,1,0,9,42,82,Summer,86,Normal
46,Product_046,Snacks,Supplier_5,10,80,42,2.16,1.53,5,18.3,1,1,3,360,82,Winter,46,Low Stock
47,Product_047,Household,Supplier_15,8,429,13,29.21,19.53,15,17.7,0,1,6,34,84,Winter,25,Overstock
48,Product_048,Snacks,Supplier_3,9,372,6,31.82,21.24,25,21.9,0,1,2,332,69,Spring,18,Overstock
49,Product_049,Grains,Supplier_4,10,208,99,2.79,2.46,20,28,0,0,1,112,115,Spring,103,Normal
50,Product_050,Grains,Supplier_15,4,313,91,44.32,27.33,0,24.7,0,1,3,107,124,Summer,86,Normal
51,Product_051,Snacks,Supplier_14,7,146,42,20.82,13.63,5,27,1,0,6,305,100,Winter,43,Normal
52,Product_052,Frozen,Supplier_6,1,367,84,23.46,16.3,10,23.6,1,1,4,183,46,Winter,96,Overstock
53,Product_053,Vegetables,Supplier_9,4,39,77,43.28,26.94,25,34.3,1,1,6,73,42,Summer,82,Low Stock
54,Product_054,Meat,Supplier_5,5,45,4,42.39,31.95,5,24.2,1,0,10,24,112,Spring,3,Low Stock
55,Product_055,Fruits,Supplier_4,6,397,83,24.65,14.83,5,37.1,1,0,5,349,118,Winter,89,Overstock
56,Product_056,Fruits,Supplier_6,2,378,63,22.66,18.02,0,25.6,0,1,1,286,71,Spring,70,Overstock
57,Product_057,Snacks,Supplier_12,10,361,6,4.7,3.8,15,18,0,0,7,335,138,Rainy,7,Normal
58,Product_058,Snacks,Supplier_5,8,389,51,40.74,22.88,0,39.5,0,0,9,75,40,Spring,56,Overstock
59,Product_059,Snacks,Supplier_1,8,164,41,18.98,13.1,0,28.4,1,1,4,330,50,Rainy,39,Overstock
60,Product_060,Meat,Supplier_7,8,565,73,44,26.44,10,30.1,0,0,1,131,103,Winter,76,Overstock
61,Product_061,Dairy,Supplier_14,6,104,73,36.63,25.14,5,19.4,1,1,2,301,58,Spring,68,Normal
62,Product_062,Frozen,Supplier_4,2,151,13,48.89,29.07,0,17.9,0,1,5,294,84,Rainy,18,Normal
63,Product_063,Meat,Supplier_10,10,299,95,29.32,22.44,5,20.8,0,0,5,228,142,Rainy,107,Normal
64,Product_064,Frozen,Supplier_10,3,459,28,40.2,31.53,20,19.6,0,1,5,272,68,Spring,31,Overstock
65,Product_065,Snacks,Supplier_12,6,88,62,8.22,6.48,0,29.2,0,1,3,274,138,Winter,67,Low Stock
66,Product_066,Beverages,Supplier_7,1,247,89,49.11,40.64,15,34.2,0,0,7,48,150,Summer,98,Normal
67,Product_067,Meat,Supplier_3,1,475,69,26.11,17.32,20,27.3,1,1,10,5,104,Rainy,73,Overstock
68,Product_068,Bakery,Supplier_7,5,216,5,2.61,2.23,0,24.4,0,1,5,79,90,Summer,14,Normal
69,Product_069,Vegetables,Supplier_7,1,235,54,40.67,34.95,10,26,0,1,10,278,66,Spring,49,Overstock
70,Product_070,Frozen,Supplier_12,6,342,54,2.83,1.99,5,27.4,0,0,9,25,112,Spring,54,Overstock
71,Product_071,Frozen,Supplier_12,8,279,22,33.64,18.64,10,21.8,0,1,9,188,122,Summer,31,Normal
72,Product_072,Frozen,Supplier_10,4,241,99,11.58,8.37,10,19.1,0,0,3,330,101,Spring,105,Normal
73,Product_073,Beverages,Supplier_7,10,212,67,30.26,20.21,5,38.1,0,0,1,14,87,Rainy,69,Normal
74,Product_074,Bakery,Supplier_3,5,89,24,44.58,39.61,5,26.7,1,1,4,186,99,Summer,22,Low Stock
75,Product_075,Meat,Supplier_2,8,384,71,41.61,32.16,15,27.2,1,0,7,230,122,Spring,72,Overstock
76,Product_076,Snacks,Supplier_6,10,125,84,43.26,32.09,0,37,1,1,7,7,127,Rainy,87,Low Stock
77,Product_077,Meat,Supplier_2,9,86,21,35.66,23.52,5,16.5,0,1,5,353,147,Spring,27,Low Stock
78,Product_078,Bakery,Supplier_10,4,163,100,15.65,13.86,15,31,0,1,10,290,68,Spring,105,Normal
79,Product_079,Vegetables,Supplier_4,1,141,31,22.31,17.28,5,27.3,1,0,8,359,99,Rainy,38,Normal
80,Product_080,Snacks,Supplier_1,4,270,38,18.01,13.06,25,19,0,0,3,317,54,Winter,47,Overstock
81,Product_081,Dairy,Supplier_10,5,189,45,12.96,8.68,10,32.8,0,0,3,47,137,Spring,52,Normal
82,Product_082,Meat,Supplier_1,2,539,79,11.99,10.2,0,25.8,1,0,10,76,60,Summer,76,Overstock
83,Product_083,Bakery,Supplier_6,10,469,20,42.3,29.17,15,38.5,1,0,3,59,122,Spring,22,Overstock
84,Product_084,Frozen,Supplier_7,9,89,57,37.98,27.29,5,37,0,1,1,117,94,Summer,62,Low Stock
85,Product_085,Meat,Supplier_7,4,215,98,9.44,6.28,0,21.8,0,1,8,192,52,Winter,103,Overstock
86,Product_086,Meat,Supplier_5,5,540,29,13.49,8.42,10,31.4,0,1,10,57,84,Spring,41,Overstock
87,Product_087,Snacks,Supplier_4,4,237,98,31.07,27.13,15,22.8,0,1,8,287,113,Rainy,103,Normal
88,Product_088,Beverages,Supplier_4,5,178,31,37.89,32.64,0,31.7,0,1,7,75,109,Winter,40,Normal
89,Product_089,Household,Supplier_13,1,42,52,2.48,1.81,25,22.6,0,0,7,318,124,Summer,59,Low Stock
90,Product_090,Dairy,Supplier_7,5,312,84,13.13,9.93,0,39.2,1,0,10,162,47,Rainy,84,Overstock
91,Product_091,Snacks,Supplier_1,5,86,84,46.17,32.18,25,25.2,0,0,5,365,110,Spring,87,Low Stock
92,Product_092,Snacks,Supplier_15,6,552,14,25.51,22.82,20,24.5,0,1,8,307,92,Summer,17,Overstock
93,Product_093,Meat,Supplier_6,7,153,65,49.63,32.11,25,21.7,1,0,9,261,132,Summer,77,Normal
94,Product_094,Grains,Supplier_4,4,384,47,14.92,8.75,15,30.8,1,1,6,335,51,Spring,47,Overstock
95,Product_095,Grains,Supplier_8,4,362,55,21.86,12.69,20,17.5,1,0,2,108,75,Winter,67,Overstock
96,Product_096,Meat,Supplier_10,4,163,23,9.79,6.23,15,35.8,1,1,3,54,53,Spring,30,Overstock
97,Product_097,Meat,Supplier_1,6,350,80,32.21,28.4,5,27,1,0,5,296,77,Summer,80,Overstock
98,Product_098,Beverages,Supplier_1,1,140,57,45.98,39.56,5,30,0,0,1,219,59,Winter,53,Normal
99,Product_099,Meat,Supplier_6,5,78,11,26.68,23.68,10,16.4,0,0,2,10,135,Spring,18,Low Stock
100,Product_100,Vegetables,Supplier_8,3,547,71,26.9,19,5,27.9,0,1,10,98,56,Rainy,83,Overstock
101,Product_101,Vegetables,Supplier_10,7,373,64,49.37,39.92,25,19.6,0,0,10,53,63,Rainy,59,Overstock
102,Product_102,Dairy,Supplier_10,10,106,3,21.5,16.76,10,21.6,1,1,2,84,48,Summer,4,Normal
103,Product_103,Grains,Supplier_9,10,165,62,14.54,10.2,20,21.1,1,1,7,114,59,Winter,61,Normal
104,Product_104,Bakery,Supplier_5,9,187,75,34.52,30.13,0,29,0,1,4,317,118,Rainy,84,Normal
105,Product_105,Meat,Supplier_1,3,364,84,43.36,26.08,25,33.7,0,1,10,353,122,Summer,86,Normal
106,Product_106,Dairy,Supplier_11,8,523,78,44.03,37.66,20,36.4,0,0,2,246,143,Summer,75,Overstock
107,Product_107,Meat,Supplier_3,1,514,75,44.1,34.64,20,19.5,1,0,3,309,42,Winter,87,Overstock
108,Product_108,Beverages,Supplier_4,10,183,43,34.11,27.08,15,31.1,0,1,9,288,126,Rainy,49,Normal
109,Product_109,Frozen,Supplier_10,6,586,100,32.53,26.81,10,18.4,0,0,3,290,64,Winter,99,Overstock
110,Product_110,Bakery,Supplier_6,1,94,24,32.76,26.45,20,30.4,0,0,3,127,131,Rainy,30,Low Stock
111,Product_111,Household,Supplier_3,2,417,2,31.75,22.24,10,36.2,1,1,4,274,92,Summer,10,Overstock
112,Product_112,Fruits,Supplier_12,9,442,61,40.06,25.12,0,36.9,1,1,9,124,98,Winter,58,Overstock
113,Product_113,Vegetables,Supplier_4,5,114,80,1.95,1.1,5,29.3,1,1,1,300,75,Summer,83,Normal
114,Product_114,Household,Supplier_13,6,277,39,33.39,26.19,15,29.3,1,0,5,53,120,Spring,37,Normal
115,Product_115,Grains,Supplier_8,3,302,47,31.98,23.81,10,27.1,1,1,3,225,75,Spring,45,Overstock
116,Product_116,Snacks,Supplier_1,2,544,66,36.62,27.75,10,24.1,1,0,3,352,46,Rainy,70,Overstock
117,Product_117,Household,Supplier_12,2,575,70,19.95,13.3,20,16.5,1,0,5,72,66,Spring,77,Overstock
118,Product_118,Household,Supplier_7,1,324,56,13.31,8.44,5,29.1,0,0,8,252,126,Summer,56,Normal
119,Product_119,Bakery,Supplier_10,9,32,49,27.31,16.18,15,17.3,0,0,2,103,118,Winter,60,Low Stock
120,Product_120,Frozen,Supplier_14,1,75,13,29.12,22.2,25,37.2,1,1,3,295,54,Spring,13,Normal
121,Product_121,Frozen,Supplier_14,2,128,84,2.79,1.69,20,35.5,0,1,8,359,115,Winter,87,Normal
122,Product_122,Beverages,Supplier_14,7,338,67,41.36,26.97,25,18.6,1,0,3,51,67,Spring,73,Overstock
123,Product_123,Frozen,Supplier_8,7,276,66,48.49,39.67,10,27.7,1,0,1,248,60,Winter,68,Overstock
124,Product_124,Household,Supplier_11,5,401,5,35.38,27.4,5,31,1,0,1,361,45,Rainy,10,Overstock
125,Product_125,Bakery,Supplier_5,9,540,31,45.31,35.23,15,38.1,1,0,7,35,127,Spring,26,Overstock
126,Product_126,Bakery,Supplier_14,7,367,51,48.41,28.06,10,37.4,0,0,9,162,82,Rainy,58,Overstock
127,Product_127,Household,Supplier_15,5,174,43,17.07,12.34,15,19.1,0,0,1,301,82,Spring,47,Normal
128,Product_128,Beverages,Supplier_15,6,188,93,33.86,20.97,10,24,1,0,1,340,75,Summer,97,Normal
129,Product_129,Meat,Supplier_7,9,570,24,34.18,21.77,10,38,0,0,8,73,144,Winter,21,Overstock
130,Product_130,Grains,Supplier_3,10,73,37,3.37,2.39,20,18.8,0,0,7,146,65,Spring,45,Normal
131,Product_131,Fruits,Supplier_5,9,333,28,40.16,32.78,20,37.7,0,0,2,280,44,Winter,36,Overstock
132,Product_132,Bakery,Supplier_8,1,421,24,18.99,10.93,20,34.7,0,0,7,171,134,Spring,21,Overstock
133,Product_133,Beverages,Supplier_2,1,587,29,7.96,5.27,5,23.1,1,1,9,64,115,Summer,34,Overstock
134,Product_134,Frozen,Supplier_1,5,215,51,42.31,35.81,20,30.9,1,0,1,216,83,Summer,52,Normal
135,Product_135,Dairy,Supplier_7,2,417,94,8.93,5.19,15,21.5,1,1,5,353,138,Summer,97,Overstock
136,Product_136,Grains,Supplier_5,5,237,25,5.11,4.12,0,25.1,1,0,8,248,49,Rainy,20,Overstock
137,Product_137,Vegetables,Supplier_7,1,483,9,14.8,11.16,5,29.7,0,0,3,232,64,Summer,8,Overstock
138,Product_138,Snacks,Supplier_3,8,554,54,45.63,34.88,5,31.3,0,0,6,308,144,Rainy,58,Overstock
139,Product_139,Frozen,Supplier_11,10,139,9,17.32,10.46,5,30.3,0,0,4,82,41,Spring,9,Overstock
140,Product_140,Fruits,Supplier_15,7,509,6,3.87,2.88,0,39.3,0,0,1,185,149,Summer,9,Overstock
141,Product_141,Beverages,Supplier_3,5,367,16,10.11,5.64,10,37.2,0,0,3,80,84,Rainy,21,Overstock
142,Product_142,Meat,Supplier_8,6,69,97,23.63,17.47,10,36.9,0,1,4,359,85,Summer,100,Low Stock
143,Product_143,Snacks,Supplier_3,4,588,67,48.22,34.87,20,23.5,0,0,7,123,101,Winter,63,Overstock
144,Product_144,Fruits,Supplier_2,4,561,18,47.15,29.75,20,36.3,1,1,1,234,111,Rainy,30,Overstock
145,Product_145,Meat,Supplier_3,6,103,38,19.06,14.03,0,30,1,0,6,354,116,Rainy,44,Low Stock
146,Product_146,Meat,Supplier_15,10,413,34,11.65,9.71,0,38.2,0,1,3,275,56,Spring,46,Overstock
147,Product_147,Meat,Supplier_14,2,103,81,32.45,22.48,5,35.8,1,0,5,225,95,Rainy,87,Normal
148,Product_148,Frozen,Supplier_10,1,505,53,46.83,27.41,5,29.3,1,0,6,14,129,Summer,51,Overstock
149,Product_149,Vegetables,Supplier_2,10,70,61,15.55,9.2,10,26.9,1,0,7,235,81,Summer,64,Low Stock
150,Product_150,Grains,Supplier_13,5,251,11,19.76,17.11,10,26.6,1,0,8,230,128,Winter,10,Normal
151,Product_151,Bakery,Supplier_6,5,445,85,23.2,13.34,10,22.5,0,1,10,266,45,Winter,84,Overstock
152,Product_152,Grains,Supplier_8,10,45,62,22.48,17.85,15,37.4,0,1,5,343,118,Summer,68,Low Stock
153,Product_153,Household,Supplier_11,10,53,2,3.21,2.32,25,23,0,1,5,285,40,Winter,4,Normal
154,Product_154,Bakery,Supplier_1,5,356,35,7.07,5.87,10,16.8,0,0,4,147,58,Winter,34,Overstock
155,Product_155,Frozen,Supplier_8,7,553,61,29.33,21.94,10,19.7,1,1,8,273,46,Spring,66,Overstock
156,Product_156,Dairy,Supplier_8,3,427,79,2.65,1.51,20,35.4,1,0,9,363,127,Rainy,90,Overstock
157,Product_157,Household,Supplier_14,8,431,56,37.1,27.63,10,23.5,0,0,6,358,119,Rainy,68,Overstock
158,Product_158,Household,Supplier_12,2,546,19,3.99,3.4,20,38,0,0,4,57,127,Winter,17,Overstock
159,Product_159,Beverages,Supplier_7,7,401,36,31.47,20.94,5,28.1,1,0,2,74,88,Winter,34,Overstock
160,Product_160,Meat,Supplier_15,7,381,43,31.48,24.03,5,36.8,0,0,9,279,112,Spring,38,Overstock
161,Product_161,Meat,Supplier_12,9,591,11,32.29,19.76,20,25.8,1,1,5,142,59,Rainy,6,Overstock
162,Product_162,Grains,Supplier_14,6,182,100,29.61,25.26,0,38.2,0,0,8,133,56,Rainy,112,Overstock
163,Product_163,Beverages,Supplier_15,6,531,65,35.64,31.73,0,16.6,1,1,5,35,99,Summer,74,Overstock
164,Product_164,Household,Supplier_2,1,526,82,23.55,15.66,20,15.1,0,1,1,228,117,Spring,79,Overstock
165,Product_165,Frozen,Supplier_2,4,180,38,22.79,19.49,0,16.6,0,1,3,136,49,Winter,46,Overstock
166,Product_166,Dairy,Supplier_4,1,361,76,27.71,17.07,25,25.5,1,0,10,164,145,Spring,72,Normal
167,Product_167,Grains,Supplier_15,4,186,82,28.02,23.98,20,35.2,0,1,8,358,44,Rainy,85,Overstock
168,Product_168,Meat,Supplier_3,3,469,64,17.45,11.27,15,16.7,0,1,5,124,127,Spring,68,Overstock
169,Product_169,Vegetables,Supplier_4,9,263,87,22.57,15.01,15,18,1,1,8,356,83,Rainy,85,Overstock
170,Product_170,Grains,Supplier_9,6,422,96,45.65,25.23,25,22.4,0,1,9,23,113,Spring,102,Overstock
171,Product_171,Meat,Supplier_13,9,592,3,13.75,9.07,0,22.5,1,1,5,114,125,Summer,8,Overstock
172,Product_172,Dairy,Supplier_1,9,259,9,29.2,22.5,10,15.2,1,0,3,294,47,Summer,12,Overstock
173,Product_173,Grains,Supplier_6,9,217,22,22.95,19.28,5,37.9,1,0,2,97,145,Summer,19,Normal
174,Product_174,Vegetables,Supplier_5,9,298,31,32.14,28.02,5,23.7,0,0,4,228,114,Summer,31,Normal
175,Product_175,Meat,Supplier_11,2,202,67,24.49,14.06,20,17.8,0,0,5,311,145,Rainy,77,Normal
176,Product_176,Bakery,Supplier_3,4,354,82,32.36,20.93,15,15.9,1,0,2,17,141,Summer,93,Normal
177,Product_177,Household,Supplier_14,8,291,42,35.61,20.73,0,16.1,0,0,5,92,126,Spring,38,Normal
178,Product_178,Snacks,Supplier_8,6,355,87,40.65,22.44,15,27.2,0,1,8,128,139,Summer,90,Normal
179,Product_179,Dairy,Supplier_3,3,572,8,46.79,36.23,20,18.3,1,0,4,233,133,Winter,13,Overstock
180,Product_180,Snacks,Supplier_8,10,478,11,48.94,37.18,15,16.8,0,1,6,290,126,Summer,13,Overstock
181,Product_181,Snacks,Supplier_5,1,136,81,20.74,16.03,20,22.7,1,1,3,142,124,Rainy,84,Normal
182,Product_182,Meat,Supplier_2,8,93,52,23.39,19.74,25,36.3,1,1,2,180,51,Spring,62,Normal
183,Product_183,Meat,Supplier_11,4,104,4,26.82,17.68,10,18,1,0,8,240,59,Rainy,16,Normal
184,Product_184,Bakery,Supplier_9,1,272,35,40.17,27.65,5,20.2,1,1,7,12,54,Spring,47,Overstock
185,Product_185,Bakery,Supplier_15,2,425,93,3.78,2.41,25,37.6,1,0,5,103,55,Winter,94,Overstock
186,Product_186,Vegetables,Supplier_11,9,494,44,49.45,27.52,15,20.2,0,1,8,55,42,Winter,42,Overstock
187,Product_187,Grains,Supplier_14,9,239,62,31.57,26.7,5,34,0,0,6,291,117,Spring,71,Normal
188,Product_188,Meat,Supplier_12,7,187,78,38.95,22.73,5,19.4,0,1,2,164,105,Rainy,78,Normal
189,Product_189,Grains,Supplier_3,2,428,7,23.29,16.46,0,30.3,1,1,9,149,74,Summer,12,Overstock
190,Product_190,Dairy,Supplier_11,10,597,73,16.96,11.98,20,36.2,1,1,8,337,113,Rainy,68,Overstock
191,Product_191,Dairy,Supplier_14,3,390,100,3.16,2.26,5,20.5,1,1,9,162,124,Summer,107,Overstock
192,Product_192,Frozen,Supplier_2,6,105,14,16.2,13,0,32.5,1,1,10,56,70,Rainy,19,Normal
193,Product_193,Bakery,Supplier_7,7,224,5,28.95,25.51,15,17.8,0,0,4,337,104,Summer,6,Normal
194,Product_194,Dairy,Supplier_6,10,216,96,11.14,8.62,15,33.9,0,1,7,248,140,Spring,99,Normal
195,Product_195,Vegetables,Supplier_11,1,422,15,9.6,5.83,25,35.9,0,0,5,250,83,Spring,27,Overstock
196,Product_196,Fruits,Supplier_4,5,351,42,46.89,29.07,20,28.9,1,1,5,160,61,Spring,39,Overstock
197,Product_197,Household,Supplier_5,2,117,42,37.89,29.14,5,39.4,1,0,9,221,125,Winter,50,Low Stock
198,Product_198,Beverages,Supplier_4,4,135,57,2.47,1.84,5,18.4,1,1,5,224,128,Winter,64,Normal
199,Product_199,Grains,Supplier_12,10,133,3,18.64,12.92,5,31.3,1,1,10,23,120,Spring,1,Normal
200,Product_200,Fruits,Supplier_7,3,227,22,41.97,29.92,5,31.8,0,1,8,174,52,Rainy,22,Overstock
1,Product_001,Meat,Supplier_14,8,541,14,19.4,12.33,5,32,1,1,7,96,104,Winter,13,Overstock
2,Product_002,Snacks,Supplier_2,7,238,50,10.49,6.36,15,35.3,1,1,7,83,95,Summer,54,Normal
3,Product_003,Frozen,Supplier_9,6,428,42,28.55,22.45,5,25.3,1,1,9,188,129,Winter,46,Overstock
4,Product_004,Meat,Supplier_4,7,184,84,10.49,6.67,5,30.7,0,0,3,360,91,Winter,80,Normal
5,Product_005,Meat,Supplier_12,9,307,52,38.43,29.42,5,36.7,1,1,9,168,138,Spring,61,Normal
6,Product_006,Vegetables,Supplier_6,4,346,34,37.1,23.76,5,28.5,0,1,4,218,138,Winter,32,Normal
7,Product_007,Household,Supplier_11,4,227,75,28.11,16.21,10,29.8,1,1,10,334,116,Spring,75,Normal
8,Product_008,Frozen,Supplier_6,8,236,97,10.11,5.97,5,35.7,0,0,3,295,135,Rainy,96,Normal
9,Product_009,Fruits,Supplier_1,4,160,49,49.62,34.19,0,25.6,0,0,5,201,110,Summer,59,Normal
10,Product_010,Frozen,Supplier_6,6,575,41,2.93,2.33,10,34.6,1,0,3,72,83,Rainy,52,Overstock
11,Product_011,Vegetables,Supplier_14,4,179,10,12.58,8.87,15,29.9,1,1,6,363,135,Rainy,15,Normal
12,Product_012,Fruits,Supplier_14,9,150,93,34.16,21.51,5,24.3,0,1,7,142,79,Spring,96,Normal
13,Product_013,Grains,Supplier_1,5,232,18,11.59,7.9,15,23.3,0,0,6,31,61,Rainy,27,Overstock
14,Product_014,Grains,Supplier_12,8,478,65,20.46,18.36,10,38.1,1,1,7,320,63,Summer,73,Overstock
15,Product_015,Bakery,Supplier_8,4,33,30,36.95,25.61,10,36.5,1,0,4,338,115,Rainy,32,Low Stock
16,Product_016,Grains,Supplier_13,9,573,36,34.64,24.54,5,23.3,0,0,2,142,97,Summer,39,Overstock
17,Product_017,Vegetables,Supplier_15,10,498,93,26.96,23.34,25,19.8,1,1,10,258,46,Winter,100,Overstock
18,Product_018,Beverages,Supplier_7,9,578,47,2.96,2.44,0,18.3,0,0,1,85,51,Spring,43,Overstock
19,Product_019,Bakery,Supplier_5,2,71,62,46.39,26.77,5,39.4,1,1,5,255,121,Winter,73,Low Stock
20,Product_020,Dairy,Supplier_2,6,464,37,41.48,28.59,10,27.5,1,1,7,90,149,Summer,48,Overstock
21,Product_021,Bakery,Supplier_7,7,287,63,43.39,35.6,0,37.5,1,0,6,22,122,Spring,65,Normal
22,Product_022,Beverages,Supplier_12,7,297,57,36.88,21.16,0,31,1,1,4,351,100,Rainy,57,Normal
23,Product_023,Bakery,Supplier_15,3,235,67,10.99,6.51,20,23.3,0,1,4,364,143,Spring,75,Normal
24,Product_024,Household,Supplier_10,2,280,90,20.02,12.99,10,15.9,0,0,6,171,91,Summer,89,Overstock
25,Product_025,Vegetables,Supplier_14,5,367,93,38.85,30.57,5,22.3,0,1,10,26,146,Winter,102,Normal
26,Product_026,Vegetables,Supplier_12,8,139,17,12.6,7.31,5,37.7,0,0,2,109,74,Spring,29,Normal
27,Product_027,Fruits,Supplier_4,2,281,38,22.96,18.2,20,22.1,1,1,4,293,149,Spring,49,Normal
28,Product_028,Meat,Supplier_11,4,52,75,4.15,2.62,15,33.9,1,1,1,263,98,Spring,74,Low Stock
29,Product_029,Snacks,Supplier_2,5,149,41,45.51,28.34,20,36.2,0,0,3,342,122,Spring,40,Normal
30,Product_030,Household,Supplier_15,10,214,30,5.73,4.03,20,23.6,1,1,3,198,139,Spring,37,Normal
31,Product_031,Vegetables,Supplier_8,7,204,37,17.61,15.15,20,31.5,1,1,1,146,63,Summer,35,Overstock
32,Product_032,Dairy,Supplier_11,8,171,21,8.56,5.34,15,28.4,1,1,2,275,106,Spring,32,Normal
33,Product_033,Household,Supplier_12,6,259,50,19.03,14.64,0,18.1,1,1,6,117,92,Summer,62,Normal
34,Product_034,Vegetables,Supplier_12,6,490,13,1.57,1.21,20,17.5,0,1,4,85,44,Summer,10,Overstock
35,Product_035,Fruits,Supplier_13,3,500,74,44.15,27.71,25,30.4,1,1,10,355,114,Rainy,70,Overstock
36,Product_036,Frozen,Supplier_10,4,78,60,16.53,14.18,5,33,0,1,1,172,72,Rainy,68,Normal
37,Product_037,Household,Supplier_15,1,554,27,16.13,11.79,0,15.4,1,1,1,69,64,Summer,31,Overstock
38,Product_038,Vegetables,Supplier_12,3,349,56,38.6,32.76,25,17.1,0,1,6,329,72,Summer,61,Overstock
39,Product_039,Fruits,Supplier_8,6,41,6,43.05,29.3,25,22.7,1,1,1,174,105,Winter,12,Low Stock
40,Product_040,Fruits,Supplier_12,10,294,3,34.91,20.02,5,34.7,0,0,7,179,90,Summer,14,Overstock
41,Product_041,Meat,Supplier_11,5,370,12,45.25,30.93,15,17.6,1,1,8,142,123,Rainy,12,Overstock
42,Product_042,Household,Supplier_2,2,231,59,16.32,9.82,20,20.2,0,0,3,20,60,Winter,68,Overstock
43,Product_043,Frozen,Supplier_12,10,334,99,9.13,5.21,20,17.9,0,0,2,57,148,Rainy,111,Normal
44,Product_044,Household,Supplier_1,8,537,29,5.03,3.92,25,20,1,1,1,10,75,Spring,26,Overstock
45,Product_045,Grains,Supplier_6,3,63,86,1.49,0.97,5,26.5,1,0,4,301,106,Rainy,92,Low Stock
46,Product_046,Snacks,Supplier_14,7,546,68,35.82,23.78,15,16.6,1,0,9,32,100,Spring,65,Overstock
47,Product_047,Household,Supplier_12,5,174,93,26.62,15.02,20,27.1,0,0,7,211,102,Spring,102,Normal
48,Product_048,Snacks,Supplier_12,9,316,81,44.61,26.95,25,35.9,0,1,8,206,118,Summer,86,Normal
49,Product_049,Grains,Supplier_1,10,289,25,33.57,27.5,10,20.4,1,0,6,195,61,Spring,29,Overstock
50,Product_050,Grains,Supplier_12,4,520,22,20.46,11.36,20,20.7,0,0,8,151,110,Summer,19,Overstock
51,Product_051,Snacks,Supplier_10,3,61,5,12.96,11.41,20,33,1,1,7,13,82,Winter,3,Low Stock
52,Product_052,Frozen,Supplier_2,5,282,67,34.95,20.52,0,28.3,0,0,5,311,54,Rainy,74,Overstock
53,Product_053,Vegetables,Supplier_5,6,600,44,33.24,29.71,10,25.4,0,1,1,128,64,Spring,41,Overstock
54,Product_054,Meat,Supplier_9,10,247,79,15.31,11.7,25,18.3,1,0,2,44,60,Summer,84,Overstock
55,Product_055,Fruits,Supplier_14,9,204,79,41.55,36.04,5,33.7,1,1,3,271,125,Spring,79,Normal
56,Product_056,Fruits,Supplier_8,9,196,10,4.22,3.3,10,15.3,1,0,3,100,71,Spring,6,Normal
57,Product_057,Snacks,Supplier_2,3,151,18,15.98,10.36,10,26.3,1,0,3,89,46,Rainy,20,Overstock
58,Product_058,Snacks,Supplier_7,6,330,54,1.58,1.01,10,22.5,0,1,7,218,89,Rainy,55,Overstock
59,Product_059,Snacks,Supplier_10,6,512,56,47.09,33.49,0,36.2,0,0,7,217,88,Winter,68,Overstock
60,Product_060,Meat,Supplier_3,1,572,21,15.16,9.51,0,26.9,0,0,8,158,50,Summer,16,Overstock
61,Product_061,Dairy,Supplier_2,8,303,55,6.14,5.18,10,36.2,0,0,3,269,132,Rainy,55,Normal
62,Product_062,Frozen,Supplier_2,1,597,77,26.11,21,10,27,1,0,10,356,58,Spring,79,Overstock
63,Product_063,Meat,Supplier_3,10,580,73,44.06,34.93,5,15.7,1,1,3,345,61,Summer,72,Overstock
64,Product_064,Frozen,Supplier_4,9,436,26,42.88,26.2,15,27.6,0,1,7,229,144,Summer,37,Overstock
65,Product_065,Snacks,Supplier_13,10,181,58,28.28,17.23,25,34.7,0,0,7,319,48,Summer,58,Overstock
66,Product_066,Beverages,Supplier_12,1,171,10,4.7,2.83,0,37.8,0,0,8,101,125,Winter,13,Normal
67,Product_067,Meat,Supplier_10,6,170,79,36.11,21.4,20,33.5,0,1,10,40,130,Summer,83,Normal
68,Product_068,Bakery,Supplier_4,9,430,37,49.76,27.99,25,23.1,1,0,4,255,104,Summer,38,Overstock
69,Product_069,Vegetables,Supplier_7,1,425,12,38.36,29.72,10,34.1,0,0,1,168,125,Rainy,16,Overstock
70,Product_070,Frozen,Supplier_3,4,153,61,41.35,30.67,5,26.9,1,1,8,147,41,Winter,71,Overstock
71,Product_071,Frozen,Supplier_14,5,515,97,44.68,35.17,20,26.4,0,0,9,191,63,Winter,103,Overstock
72,Product_072,Frozen,Supplier_5,9,430,51,30.87,27.45,20,31.5,0,0,1,323,81,Summer,63,Overstock
73,Product_073,Beverages,Supplier_3,1,38,4,30.95,22.14,5,17.7,0,1,7,153,87,Rainy,15,Low Stock
74,Product_074,Bakery,Supplier_7,2,466,65,39.64,22.78,25,35.1,0,1,9,151,87,Spring,62,Overstock
75,Product_075,Meat,Supplier_2,8,523,92,48.11,42.75,0,30,1,1,6,131,88,Winter,93,Overstock
76,Product_076,Snacks,Supplier_4,2,110,26,48.52,43.36,0,29.9,1,0,8,288,96,Spring,27,Normal
77,Product_077,Meat,Supplier_4,3,322,43,22.45,12.99,0,33.9,1,1,1,55,123,Winter,41,Normal
78,Product_078,Bakery,Supplier_14,6,260,72,11.02,9.18,5,26.3,1,0,10,195,85,Summer,68,Overstock
79,Product_079,Vegetables,Supplier_5,6,572,16,2.17,1.57,25,26.6,0,1,1,116,78,Summer,19,Overstock
80,Product_080,Snacks,Supplier_13,9,269,38,24.41,19.57,0,16.7,1,0,6,14,42,Summer,37,Overstock
81,Product_081,Dairy,Supplier_8,8,87,65,24.04,21.49,25,37.6,0,0,10,274,101,Winter,76,Low Stock
82,Product_082,Meat,Supplier_13,8,556,64,2.82,2.33,10,18.5,0,1,7,176,67,Spring,73,Overstock
83,Product_083,Bakery,Supplier_8,6,566,53,32.71,18.04,5,35.5,0,0,3,351,119,Spring,55,Overstock
84,Product_084,Frozen,Supplier_15,4,125,62,29.02,21.24,10,18.5,1,0,1,260,148,Winter,70,Low Stock
85,Product_085,Meat,Supplier_10,6,258,1,23.35,17.76,20,25.8,0,1,6,111,145,Rainy,3,Normal
86,Product_086,Meat,Supplier_4,1,549,94,36.23,30.04,0,26.3,0,0,5,118,113,Rainy,105,Overstock
87,Product_087,Snacks,Supplier_11,8,238,94,4.2,2.51,10,21.1,0,0,1,132,54,Winter,89,Overstock
88,Product_088,Beverages,Supplier_12,10,165,69,30.71,26.86,20,16.9,0,0,1,363,90,Spring,66,Normal
89,Product_089,Household,Supplier_2,4,417,14,38.85,22.21,20,18.4,0,0,2,4,104,Summer,20,Overstock
90,Product_090,Dairy,Supplier_5,2,119,99,42.21,28.54,15,20.9,0,0,9,161,99,Spring,103,Normal
91,Product_091,Snacks,Supplier_5,5,513,11,35.59,21.68,5,25.3,1,1,9,327,93,Summer,20,Overstock
92,Product_092,Snacks,Supplier_3,6,154,5,41.69,25.04,15,35.5,1,1,1,14,135,Spring,1,Normal
93,Product_093,Meat,Supplier_8,10,275,49,14.16,12.36,5,21.2,0,0,2,90,50,Summer,45,Overstock
94,Product_094,Grains,Supplier_12,8,241,3,10.14,8.62,5,28.4,0,1,3,36,141,Summer,3,Normal
95,Product_095,Grains,Supplier_14,5,110,15,29.87,17.8,20,17.2,0,0,5,170,116,Spring,20,Low Stock
96,Product_096,Meat,Supplier_12,1,371,46,44.83,30.16,0,30.1,1,1,7,145,95,Spring,45,Overstock
97,Product_097,Meat,Supplier_2,8,561,27,48.32,31.79,20,18.9,0,1,10,290,118,Rainy,27,Overstock
98,Product_098,Beverages,Supplier_4,7,353,91,26.33,18.23,5,25.4,1,0,5,285,99,Spring,102,Overstock
99,Product_099,Meat,Supplier_3,3,354,2,22.14,16.02,20,16.1,0,0,8,257,133,Spring,13,Normal
100,Product_100,Vegetables,Supplier_13,4,57,90,23.96,17.73,10,15.1,1,0,6,255,110,Spring,90,Low Stock
101,Product_101,Vegetables,Supplier_5,4,233,22,25.15,15.27,5,18.5,0,0,1,339,57,Rainy,20,Overstock
102,Product_102,Dairy,Supplier_1,3,79,77,16.36,10.83,20,16.2,1,1,10,220,44,Winter,80,Normal
103,Product_103,Grains,Supplier_12,9,510,97,48.18,32.52,25,31.4,1,0,8,286,143,Rainy,101,Overstock
104,Product_104,Bakery,Supplier_10,7,240,29,48.47,33.33,20,36.9,0,1,8,110,68,Summer,25,Overstock
105,Product_105,Meat,Supplier_14,3,163,23,19.43,11.9,15,35.4,1,1,3,97,99,Rainy,21,Normal
106,Product_106,Dairy,Supplier_9,9,239,33,37.88,25.88,25,18.2,1,0,9,203,125,Summer,41,Normal
107,Product_107,Meat,Supplier_14,10,132,5,14.74,9.17,15,35.2,0,0,8,43,48,Rainy,13,Normal
108,Product_108,Beverages,Supplier_10,8,551,19,6.56,3.87,20,20.3,0,0,2,325,67,Spring,28,Overstock
109,Product_109,Frozen,Supplier_6,2,191,48,27.98,23.35,5,15.7,0,1,6,151,45,Spring,50,Overstock
110,Product_110,Bakery,Supplier_15,4,116,76,34.33,24.52,0,18.4,1,1,6,41,119,Rainy,82,Low Stock
111,Product_111,Household,Supplier_3,3,211,96,4.58,3.87,5,18.6,1,0,7,271,44,Summer,99,Overstock
112,Product_112,Fruits,Supplier_8,5,32,59,7.44,5.25,20,31.7,1,1,5,224,82,Summer,54,Low Stock
113,Product_113,Vegetables,Supplier_14,10,286,13,25.4,21.77,0,33.5,1,0,8,356,134,Spring,24,Normal
114,Product_114,Household,Supplier_15,8,582,58,30.59,21.23,10,26.8,0,0,3,243,98,Spring,69,Overstock
115,Product_115,Grains,Supplier_3,4,55,70,8.26,5.17,25,23.9,0,1,5,97,99,Rainy,71,Low Stock
116,Product_116,Snacks,Supplier_13,10,153,86,6.01,4.19,25,39.3,1,1,10,35,99,Winter,87,Normal
117,Product_117,Household,Supplier_10,7,193,83,46.02,39.52,15,26,1,0,10,195,69,Winter,79,Normal
118,Product_118,Household,Supplier_5,8,208,41,27.37,19.89,20,21,1,0,8,173,120,Summer,38,Normal
119,Product_119,Bakery,Supplier_4,6,483,2,22.18,12.52,0,36.2,1,0,2,236,77,Summer,11,Overstock
120,Product_120,Frozen,Supplier_8,9,559,77,22.84,14.67,5,24.7,0,0,8,116,107,Spring,80,Overstock
121,Product_121,Frozen,Supplier_2,8,536,100,10.06,8.53,5,25.1,1,0,3,95,43,Rainy,96,Overstock
122,Product_122,Beverages,Supplier_8,10,558,31,10.72,7.48,5,25.9,0,0,3,270,43,Summer,29,Overstock
123,Product_123,Frozen,Supplier_10,6,494,51,39.3,32.86,0,38.5,0,1,2,208,143,Winter,62,Overstock
124,Product_124,Household,Supplier_1,7,210,43,10.69,7.5,10,38.1,1,1,4,294,54,Spring,38,Overstock
125,Product_125,Bakery,Supplier_14,9,31,25,36.44,24.13,25,17.8,1,1,1,43,147,Spring,30,Low Stock
126,Product_126,Bakery,Supplier_13,2,119,65,17.29,9.97,15,18.4,1,0,2,295,140,Spring,77,Low Stock
127,Product_127,Household,Supplier_13,6,127,86,25.65,19.78,0,37.5,0,0,5,78,71,Winter,90,Normal
128,Product_128,Beverages,Supplier_1,4,279,80,14.26,9.82,20,38.5,0,0,9,115,88,Summer,76,Overstock
129,Product_129,Meat,Supplier_3,2,488,33,29.82,19.88,15,37.6,0,1,5,223,145,Spring,33,Overstock
130,Product_130,Grains,Supplier_12,7,534,60,3.91,2.63,25,16.7,0,0,8,14,106,Spring,55,Overstock
131,Product_131,Fruits,Supplier_9,5,565,22,49.32,40,20,15.4,1,1,10,148,77,Spring,29,Overstock
132,Product_132,Bakery,Supplier_13,3,485,98,41.19,33.11,15,20.2,0,1,7,181,149,Spring,103,Overstock
133,Product_133,Beverages,Supplier_2,5,600,72,29.52,16.46,10,26.5,0,0,10,273,132,Rainy,81,Overstock
134,Product_134,Frozen,Supplier_3,8,412,85,27.79,19.98,10,31,0,0,7,358,122,Summer,94,Overstock
135,Product_135,Dairy,Supplier_4,10,554,39,29.6,23.82,15,31.2,0,1,4,68,130,Spring,40,Overstock
136,Product_136,Grains,Supplier_8,1,335,55,33.85,23.04,5,37,1,0,2,61,46,Rainy,56,Overstock
137,Product_137,Vegetables,Supplier_3,3,283,78,18.93,13.69,15,24.9,1,1,8,15,44,Winter,76,Overstock
138,Product_138,Snacks,Supplier_4,9,233,10,39.37,24.46,15,19.2,1,1,10,27,72,Summer,15,Overstock
139,Product_139,Frozen,Supplier_10,10,431,98,8.22,6.91,5,17.8,0,0,7,200,102,Rainy,103,Overstock
140,Product_140,Fruits,Supplier_12,10,491,6,20.69,12.03,25,17.5,0,1,10,256,106,Spring,14,Overstock
141,Product_141,Beverages,Supplier_10,9,47,57,28.19,17.2,25,38.3,1,0,4,43,141,Winter,66,Low Stock
142,Product_142,Meat,Supplier_1,6,148,88,27.95,23.74,15,19.8,0,0,1,142,126,Spring,93,Normal
143,Product_143,Snacks,Supplier_5,10,360,43,4.98,3.76,0,16.6,1,1,1,56,53,Rainy,43,Overstock
144,Product_144,Fruits,Supplier_1,7,223,10,32.37,24.2,15,36.1,0,0,4,41,85,Summer,6,Normal
145,Product_145,Meat,Supplier_9,3,514,24,9.02,6.53,5,17.7,1,0,1,13,93,Winter,24,Overstock
146,Product_146,Meat,Supplier_1,2,452,39,28.98,23.97,25,19.7,1,0,7,304,106,Summer,45,Overstock
147,Product_147,Meat,Supplier_5,2,497,67,36.51,28.55,10,28.6,0,1,1,45,45,Summer,72,Overstock
148,Product_148,Frozen,Supplier_2,2,185,46,37.63,21.72,0,34.8,1,0,9,70,86,Rainy,56,Normal
149,Product_149,Vegetables,Supplier_3,3,568,57,6.3,5.13,25,31.6,1,0,5,79,110,Spring,63,Overstock
150,Product_150,Grains,Supplier_2,1,266,85,42.66,34.49,25,38.4,0,1,5,299,93,Spring,87,Normal
151,Product_151,Bakery,Supplier_12,10,379,66,35.4,26.85,20,27.1,0,0,1,110,110,Winter,75,Overstock
152,Product_152,Grains,Supplier_14,7,447,91,6.93,4.9,25,18.1,1,1,4,141,118,Spring,90,Overstock
153,Product_153,Household,Supplier_3,1,235,58,24.46,18.06,5,24.8,1,1,2,211,53,Rainy,70,Overstock
154,Product_154,Bakery,Supplier_1,5,136,80,44.72,29.3,0,23.6,1,0,10,41,84,Spring,84,Normal
155,Product_155,Frozen,Supplier_4,4,323,80,4.8,4.01,20,20.4,1,1,2,223,94,Spring,81,Overstock
156,Product_156,Dairy,Supplier_10,7,273,50,5.23,3.47,0,16.9,1,0,6,11,71,Winter,49,Overstock
157,Product_157,Household,Supplier_13,8,441,76,1.31,1.11,15,15.8,0,0,2,107,146,Spring,75,Overstock
158,Product_158,Household,Supplier_14,9,351,10,45.57,25.43,5,39,1,1,1,177,88,Rainy,13,Overstock
159,Product_159,Beverages,Supplier_12,3,78,69,32.17,26.16,25,25.3,0,1,1,159,133,Spring,79,Low Stock
160,Product_160,Meat,Supplier_8,5,329,66,40.75,30.03,20,23.4,1,0,9,360,50,Winter,66,Overstock
161,Product_161,Meat,Supplier_15,10,405,27,19.81,13.45,0,36.7,1,1,5,349,95,Summer,30,Overstock
162,Product_162,Grains,Supplier_15,4,111,25,13.11,7.4,20,24.3,0,1,1,289,47,Spring,27,Normal
163,Product_163,Beverages,Supplier_4,10,128,41,13.38,7.85,15,29.2,1,0,7,203,147,Rainy,51,Low Stock
164,Product_164,Household,Supplier_9,2,337,20,19.66,11.66,10,38.9,1,0,6,319,51,Winter,18,Overstock
165,Product_165,Frozen,Supplier_1,5,523,20,1.6,1.23,20,21.7,1,0,6,35,63,Spring,20,Overstock
166,Product_166,Dairy,Supplier_15,2,562,18,7.81,6.65,25,30.3,1,1,3,123,80,Spring,19,Overstock
167,Product_167,Grains,Supplier_6,5,54,83,4.65,3.99,5,25.4,0,1,2,288,129,Rainy,93,Low Stock
168,Product_168,Meat,Supplier_8,10,310,90,11.07,7.83,5,16,0,0,8,83,132,Summer,89,Normal
169,Product_169,Vegetables,Supplier_15,7,210,32,43.55,33.95,10,19.8,1,1,7,224,43,Rainy,44,Overstock
170,Product_170,Grains,Supplier_9,2,293,59,17.84,10.59,20,33.4,0,1,7,100,107,Summer,60,Normal
171,Product_171,Meat,Supplier_10,10,270,91,38.56,34.7,15,33.5,0,1,1,92,70,Summer,102,Overstock
172,Product_172,Dairy,Supplier_13,4,283,56,16.29,10.22,25,25.5,0,0,7,228,127,Rainy,65,Normal
173,Product_173,Grains,Supplier_5,8,250,76,29.41,24.51,0,16.3,1,0,5,108,81,Spring,84,Overstock
174,Product_174,Vegetables,Supplier_7,4,358,78,2.35,1.96,25,34.2,0,0,4,359,42,Winter,74,Overstock
175,Product_175,Meat,Supplier_5,6,530,88,23.56,14.99,25,17.3,0,1,3,165,83,Summer,98,Overstock
176,Product_176,Bakery,Supplier_8,5,110,32,32.09,28.08,5,18.5,0,0,1,127,136,Summer,27,Low Stock
177,Product_177,Household,Supplier_9,10,59,6,43.27,24.86,10,35.4,1,0,8,139,89,Spring,1,Low Stock
178,Product_178,Snacks,Supplier_1,9,528,7,21.68,13.91,5,27,1,0,5,229,85,Spring,8,Overstock
179,Product_179,Dairy,Supplier_14,5,286,98,49.47,44.45,5,38.2,1,1,3,197,112,Spring,104,Normal
180,Product_180,Snacks,Supplier_13,9,228,1,31.05,21.13,25,18.9,1,1,8,358,100,Rainy,4,Normal
181,Product_181,Snacks,Supplier_10,4,595,24,18.96,13.48,10,25.9,1,1,2,75,147,Rainy,24,Overstock
182,Product_182,Meat,Supplier_9,5,256,75,49.62,30.61,0,36.8,0,1,9,182,52,Winter,76,Overstock
183,Product_183,Meat,Supplier_8,3,282,35,15.9,11.03,5,25.1,0,1,4,22,146,Winter,36,Normal
184,Product_184,Bakery,Supplier_12,2,535,51,49.7,41.72,10,30.7,1,1,5,278,72,Winter,57,Overstock
185,Product_185,Bakery,Supplier_3,8,528,14,17.75,14.29,10,27.4,1,1,10,131,121,Winter,18,Overstock
186,Product_186,Vegetables,Supplier_9,8,42,52,31.19,19.41,25,30.1,0,1,1,133,147,Spring,48,Low Stock
187,Product_187,Grains,Supplier_11,8,34,68,6.26,4.25,10,33.8,1,1,3,351,80,Rainy,80,Low Stock
188,Product_188,Meat,Supplier_14,2,572,56,41.64,31.07,0,27,1,1,4,279,126,Rainy,65,Overstock
189,Product_189,Grains,Supplier_14,10,410,87,24.28,21.61,20,31.2,0,1,7,134,52,Spring,90,Overstock
190,Product_190,Dairy,Supplier_1,4,98,8,10.4,9.07,10,27,0,0,1,168,136,Winter,15,Low Stock
191,Product_191,Dairy,Supplier_14,8,103,59,40.06,35.57,15,33.5,1,1,10,139,91,Winter,71,Normal
192,Product_192,Frozen,Supplier_5,5,126,62,39.92,35.63,15,20.8,1,1,3,170,117,Summer,58,Normal
193,Product_193,Bakery,Supplier_2,2,445,92,37.48,30.86,5,17,1,0,8,191,99,Summer,96,Overstock
194,Product_194,Dairy,Supplier_10,6,154,23,29.82,23.4,20,31,1,1,8,206,126,Winter,21,Normal
195,Product_195,Vegetables,Supplier_10,4,297,75,41.73,29.22,10,39,0,1,9,218,108,Summer,80,Normal
196,Product_196,Fruits,Supplier_11,4,240,52,44.91,27.52,0,15.3,0,1,2,98,143,Summer,54,Normal
197,Product_197,Household,Supplier_7,6,386,90,43.81,28.79,15,36,1,0,6,214,98,Rainy,86,Overstock
198,Product_198,Beverages,Supplier_3,9,203,98,7.18,4.48,25,30.9,0,0,1,263,80,Winter,98,Normal
199,Product_199,Grains,Supplier_1,1,397,6,19.93,12.3,20,32.3,0,0,7,217,118,Rainy,2,Overstock
200,Product_200,Fruits,Supplier_8,6,449,44,37.13,29.04,20,32.5,1,1,3,14,139,Winter,46,Overstock
1,Product_001,Meat,Supplier_3,7,426,81,38.84,34.81,5,28.3,0,1,9,25,144,Summer,92,Normal
2,Product_002,Snacks,Supplier_14,8,468,15,17.93,12.87,25,25.1,0,1,1,51,44,Summer,26,Overstock
3,Product_003,Frozen,Supplier_6,8,167,79,38.77,34.48,25,33.3,1,1,1,303,107,Winter,76,Normal
4,Product_004,Meat,Supplier_7,7,399,96,31.36,25.78,20,28.6,0,1,6,238,130,Summer,107,Overstock
5,Product_005,Meat,Supplier_12,9,354,71,3.02,1.86,15,36.8,0,0,9,284,40,Spring,75,Overstock
6,Product_006,Vegetables,Supplier_1,10,308,69,14.83,10.56,15,28.6,0,0,3,190,86,Winter,71,Overstock
7,Product_007,Household,Supplier_5,5,255,89,41.18,25.67,15,18.4,0,0,7,41,80,Winter,97,Overstock
8,Product_008,Frozen,Supplier_14,10,154,29,28.85,21.62,15,21.6,0,1,7,278,83,Winter,35,Normal
9,Product_009,Fruits,Supplier_12,10,455,72,48.87,30.51,10,30.5,1,1,7,44,90,Summer,70,Overstock
10,Product_010,Frozen,Supplier_1,6,478,30,1.69,1.34,20,19.2,0,1,3,150,42,Spring,35,Overstock
11,Product_011,Vegetables,Supplier_6,4,416,61,49.03,29.11,25,22.7,0,1,7,316,143,Summer,66,Normal
12,Product_012,Fruits,Supplier_12,4,374,2,42.85,34.87,20,15.2,1,0,8,121,43,Summer,4,Overstock
13,Product_013,Grains,Supplier_2,7,174,72,48.02,38.48,20,29.1,0,1,2,89,143,Summer,79,Normal
14,Product_014,Grains,Supplier_2,6,145,27,28.12,24.63,5,38,1,1,2,244,113,Spring,27,Normal
15,Product_015,Bakery,Supplier_15,3,413,74,44.92,27.77,20,28.1,1,0,8,231,140,Winter,83,Normal
16,Product_016,Grains,Supplier_12,8,49,90,30.95,19.15,5,26,1,0,1,246,66,Spring,94,Low Stock
17,Product_017,Vegetables,Supplier_8,10,572,23,32.45,25.55,20,32.4,1,0,6,106,84,Winter,29,Overstock
18,Product_018,Beverages,Supplier_9,10,48,34,13.35,7.58,5,21.2,0,1,6,126,123,Winter,31,Low Stock
19,Product_019,Bakery,Supplier_14,2,158,82,10.9,7.98,0,20.5,0,0,8,217,102,Winter,83,Normal
20,Product_020,Dairy,Supplier_14,1,186,64,45.43,26.6,10,36.8,1,0,4,144,64,Spring,70,Normal
21,Product_021,Bakery,Supplier_4,4,35,45,26.04,14.32,15,37.8,0,1,6,278,47,Spring,54,Low Stock
22,Product_022,Beverages,Supplier_5,2,392,8,31.14,27.48,0,22.2,1,1,5,171,147,Summer,8,Normal
23,Product_023,Bakery,Supplier_3,2,343,64,23.51,20.58,0,29.9,0,1,6,37,124,Rainy,60,Normal
24,Product_024,Household,Supplier_11,9,200,31,49.11,42.04,20,20.1,0,1,2,266,92,Spring,32,Normal
25,Product_025,Vegetables,Supplier_7,3,319,28,4.05,3.42,15,16.2,0,0,1,324,112,Spring,29,Normal
26,Product_026,Vegetables,Supplier_8,6,73,19,9.95,7.61,5,32.2,0,1,8,221,147,Rainy,29,Low Stock
27,Product_027,Fruits,Supplier_13,2,351,45,21.05,17.84,15,32.7,1,1,9,193,149,Winter,51,Normal
28,Product_028,Meat,Supplier_12,3,542,16,39.64,31.9,25,16.1,1,0,9,123,62,Spring,26,Overstock
29,Product_029,Snacks,Supplier_11,5,292,21,36.96,30.94,0,33.1,1,0,7,237,107,Rainy,29,Normal
30,Product_030,Household,Supplier_8,9,133,35,9.82,6.59,25,30,1,0,8,120,141,Spring,39,Low Stock
31,Product_031,Vegetables,Supplier_11,9,472,69,2.73,1.95,5,32.9,0,1,3,46,69,Summer,70,Overstock
32,Product_032,Dairy,Supplier_2,9,70,59,32.71,27.37,5,23.7,1,0,2,283,104,Rainy,70,Low Stock
33,Product_033,Household,Supplier_5,7,571,12,21.29,17.88,0,35.1,1,0,5,47,80,Summer,22,Overstock
34,Product_034,Vegetables,Supplier_12,9,194,85,3.38,2.16,5,15.6,0,1,4,235,62,Summer,96,Overstock
35,Product_035,Fruits,Supplier_9,8,551,68,21.15,18.5,20,25.5,0,1,4,191,68,Spring,71,Overstock
36,Product_036,Frozen,Supplier_4,10,123,45,2.49,1.52,15,28.3,1,0,4,353,52,Spring,52,Normal
37,Product_037,Household,Supplier_11,6,461,80,38.97,29.69,10,39.7,1,1,7,282,131,Winter,82,Overstock
38,Product_038,Vegetables,Supplier_15,9,497,94,33.44,19.23,10,27.5,0,0,6,155,106,Spring,89,Overstock
39,Product_039,Fruits,Supplier_13,9,448,86,37.39,23.84,10,20.7,0,1,2,317,127,Summer,98,Overstock
40,Product_040,Fruits,Supplier_15,10,413,27,36.66,23.75,15,26.9,0,1,3,231,116,Winter,23,Overstock
41,Product_041,Meat,Supplier_4,6,475,87,8.65,5.17,10,25,1,1,8,52,145,Summer,93,Overstock
42,Product_042,Household,Supplier_2,4,61,54,34.64,25.7,25,28.4,0,0,9,285,138,Spring,59,Low Stock
43,Product_043,Frozen,Supplier_5,4,484,53,18.98,16.07,15,36,1,1,5,163,62,Rainy,63,Overstock
44,Product_044,Household,Supplier_13,1,226,95,3.52,2.65,20,17.8,1,0,9,334,86,Winter,90,Normal
45,Product_045,Grains,Supplier_4,6,70,91,49.79,31.95,10,27.4,0,0,2,289,74,Winter,94,Low Stock
46,Product_046,Snacks,Supplier_11,10,360,24,14.72,11.46,20,38.9,1,1,4,315,98,Spring,19,Overstock
47,Product_047,Household,Supplier_5,9,361,69,10.6,8.37,10,37.8,0,0,10,356,123,Spring,73,Normal
48,Product_048,Snacks,Supplier_15,9,588,19,27.63,18.51,15,37.5,0,0,7,168,79,Winter,15,Overstock
49,Product_049,Grains,Supplier_3,5,442,98,34.91,22.1,25,23.9,1,0,3,142,50,Winter,109,Overstock
50,Product_050,Grains,Supplier_3,2,284,52,3.61,2.23,20,22.3,0,0,10,174,68,Spring,50,Overstock
51,Product_051,Snacks,Supplier_1,3,53,24,9.98,5.74,15,20.9,0,1,1,48,67,Winter,21,Low Stock
52,Product_052,Frozen,Supplier_13,5,498,47,9.62,5.43,10,17.7,1,0,7,286,110,Rainy,42,Overstock
53,Product_053,Vegetables,Supplier_13,2,395,80,18.18,14.45,10,18.5,1,1,6,349,104,Summer,77,Overstock
54,Product_054,Meat,Supplier_7,7,133,68,41.44,31.32,0,33.4,0,1,3,106,115,Rainy,67,Normal
55,Product_055,Fruits,Supplier_11,10,324,42,26.4,16.09,20,27.1,0,1,2,334,125,Winter,44,Normal
56,Product_056,Fruits,Supplier_11,10,589,84,29.16,20.62,15,24.6,0,0,6,125,85,Winter,85,Overstock
57,Product_057,Snacks,Supplier_1,6,527,94,5.74,4.35,5,25.3,0,0,6,128,69,Winter,89,Overstock
58,Product_058,Snacks,Supplier_5,5,48,49,44.75,39.7,25,34.9,1,1,5,163,132,Rainy,59,Low Stock
59,Product_059,Snacks,Supplier_8,1,583,24,44.15,26.09,25,19.9,1,0,10,262,52,Summer,29,Overstock
60,Product_060,Meat,Supplier_9,7,327,2,14.06,9.66,0,27.6,1,0,7,216,100,Spring,8,Overstock
61,Product_061,Dairy,Supplier_8,4,188,81,30.25,25.67,0,21.9,0,1,1,335,135,Rainy,85,Normal
62,Product_062,Frozen,Supplier_15,4,521,21,5.2,3.29,10,23.5,1,1,1,340,41,Spring,27,Overstock
63,Product_063,Meat,Supplier_9,6,411,68,11.2,7.3,25,21.6,0,0,1,307,71,Rainy,68,Overstock
64,Product_064,Frozen,Supplier_15,3,157,79,34.7,23.47,0,34.4,1,0,8,19,142,Summer,91,Normal
65,Product_065,Snacks,Supplier_14,7,357,46,32.89,19.57,0,31.1,1,1,4,110,47,Winter,56,Overstock
66,Product_066,Beverages,Supplier_10,9,587,17,24.38,16.5,10,39.8,1,0,5,62,47,Summer,22,Overstock
67,Product_067,Meat,Supplier_2,8,247,42,40.92,27.11,0,37.5,1,0,9,163,125,Summer,37,Normal
68,Product_068,Bakery,Supplier_11,10,429,31,11.94,7.82,25,22.8,0,1,9,215,40,Rainy,42,Overstock
69,Product_069,Vegetables,Supplier_6,2,250,20,5.45,3.19,5,33.6,1,1,2,148,137,Winter,22,Normal
70,Product_070,Frozen,Supplier_11,5,158,93,46.31,37.8,25,30,1,1,6,267,135,Rainy,105,Normal
71,Product_071,Frozen,Supplier_9,5,268,84,48.16,36.24,10,15.4,0,1,9,292,89,Summer,95,Overstock
72,Product_072,Frozen,Supplier_9,2,160,62,7.41,6.35,0,20.4,1,1,9,357,143,Spring,64,Normal
73,Product_073,Beverages,Supplier_12,4,466,49,46.79,29.43,25,22.4,0,1,5,185,100,Spring,47,Overstock
74,Product_074,Bakery,Supplier_6,5,158,12,5.09,3.4,20,23.2,0,1,9,332,56,Spring,17,Normal
75,Product_075,Meat,Supplier_4,2,394,6,43.11,28.58,15,22.7,1,1,7,260,108,Winter,7,Overstock
76,Product_076,Snacks,Supplier_4,2,499,82,21.79,13.13,10,27.4,1,0,6,291,112,Winter,87,Overstock
77,Product_077,Meat,Supplier_10,3,128,14,7.17,5.03,25,34.8,0,0,5,324,92,Rainy,9,Normal
78,Product_078,Bakery,Supplier_8,10,424,91,44.39,31.04,15,26.5,1,0,2,10,76,Winter,92,Overstock
79,Product_079,Vegetables,Supplier_5,8,51,93,18.44,12.26,5,37.6,0,0,8,81,64,Rainy,105,Low Stock
80,Product_080,Snacks,Supplier_6,3,511,39,18.89,16.19,25,21.2,1,0,7,75,94,Spring,51,Overstock
81,Product_081,Dairy,Supplier_9,4,600,61,4.01,2.69,15,38.9,0,0,7,363,44,Winter,60,Overstock
82,Product_082,Meat,Supplier_14,6,88,64,13.1,10.15,20,34.9,0,1,1,214,79,Spring,68,Normal
83,Product_083,Bakery,Supplier_7,9,214,48,19.43,14.86,20,20.9,1,1,1,307,78,Spring,46,Normal
84,Product_084,Frozen,Supplier_15,3,312,57,40.28,31.74,20,23.9,0,1,5,278,117,Rainy,54,Normal
85,Product_085,Meat,Supplier_10,9,265,44,17.97,11.03,25,17,1,1,10,192,86,Summer,43,Overstock
86,Product_086,Meat,Supplier_14,8,75,71,6.23,4.96,20,34.8,1,0,8,302,44,Winter,79,Normal
87,Product_087,Snacks,Supplier_7,4,509,89,28.56,21.47,15,33.3,0,1,5,28,134,Winter,95,Overstock
88,Product_088,Beverages,Supplier_5,1,281,27,23.1,13.03,20,15.1,1,0,2,105,53,Winter,26,Overstock
89,Product_089,Household,Supplier_2,9,116,32,36.82,29.56,10,23.7,0,0,8,350,81,Summer,30,Normal
90,Product_090,Dairy,Supplier_7,9,360,70,36.59,24.87,10,17.1,0,0,10,341,87,Spring,79,Overstock
91,Product_091,Snacks,Supplier_11,2,446,50,8.33,6.21,0,26.3,1,1,8,240,138,Winter,53,Overstock
92,Product_092,Snacks,Supplier_7,8,353,65,25.15,20.55,25,31.6,1,0,7,237,98,Winter,72,Overstock
93,Product_093,Meat,Supplier_9,8,543,44,2.03,1.14,10,18.6,0,1,3,51,74,Summer,41,Overstock
94,Product_094,Grains,Supplier_4,1,593,48,17.88,13.13,10,36.2,0,0,9,181,65,Summer,51,Overstock
95,Product_095,Grains,Supplier_8,1,492,23,17.76,15.77,5,26.6,1,0,1,293,46,Rainy,24,Overstock
96,Product_096,Meat,Supplier_12,9,590,90,22.46,19.25,25,24.4,0,0,10,284,113,Rainy,100,Overstock
97,Product_097,Meat,Supplier_6,9,532,87,25.42,17.1,15,15.6,1,0,4,6,48,Summer,83,Overstock
98,Product_098,Beverages,Supplier_14,8,235,51,5.21,4.62,15,22.9,0,1,2,162,92,Rainy,61,Normal
99,Product_099,Meat,Supplier_15,1,434,32,32.84,28.19,10,33.2,1,1,5,342,111,Spring,36,Overstock
100,Product_100,Vegetables,Supplier_1,2,51,5,39.8,24.41,5,33.7,0,0,6,313,81,Winter,7,Low Stock
101,Product_101,Vegetables,Supplier_1,4,514,55,35.74,24.01,25,22.3,1,0,2,359,40,Spring,56,Overstock
102,Product_102,Dairy,Supplier_13,4,527,31,48.44,38.99,20,34.5,0,0,7,296,57,Rainy,30,Overstock
103,Product_103,Grains,Supplier_8,5,319,49,31.08,20.5,15,18.3,1,0,6,171,131,Spring,56,Normal
104,Product_104,Bakery,Supplier_9,8,411,39,43.11,38.36,5,15.7,1,1,10,297,67,Summer,34,Overstock
105,Product_105,Meat,Supplier_14,7,87,51,21.19,15.94,25,18.1,0,0,10,307,40,Summer,57,Normal
106,Product_106,Dairy,Supplier_6,7,365,35,16.56,11.28,15,28.9,1,1,4,31,144,Winter,34,Normal
107,Product_107,Meat,Supplier_13,9,532,23,40.63,24.91,20,38.3,1,0,9,287,138,Spring,23,Overstock
108,Product_108,Beverages,Supplier_12,9,440,54,8.77,7.49,0,35.5,0,0,8,219,111,Rainy,50,Overstock
109,Product_109,Frozen,Supplier_3,6,88,87,1.59,1.12,5,16.8,0,1,7,114,124,Spring,99,Low Stock
110,Product_110,Bakery,Supplier_2,4,566,35,25.12,21.03,20,20,1,0,8,41,134,Rainy,33,Overstock
111,Product_111,Household,Supplier_13,9,264,65,5.91,3.95,20,36.3,1,1,3,50,96,Spring,68,Normal
112,Product_112,Fruits,Supplier_9,8,208,57,36.87,26.7,25,24.5,0,1,10,3,54,Summer,62,Overstock
113,Product_113,Vegetables,Supplier_9,3,273,13,4.02,3.59,20,17.6,0,0,7,203,66,Spring,21,Overstock
114,Product_114,Household,Supplier_1,2,494,99,1.44,0.89,0,33.2,0,0,7,191,66,Rainy,102,Overstock
115,Product_115,Grains,Supplier_13,5,583,66,10.93,9.28,25,30.4,1,1,10,130,47,Summer,63,Overstock
116,Product_116,Snacks,Supplier_7,9,197,71,14.15,12.02,15,34.3,1,1,7,336,127,Summer,69,Normal
117,Product_117,Household,Supplier_10,5,502,83,20.05,13.73,10,15.8,0,0,3,354,118,Spring,82,Overstock
118,Product_118,Household,Supplier_11,6,223,86,1.87,1.47,15,28.4,0,1,5,162,68,Spring,81,Overstock
119,Product_119,Bakery,Supplier_10,2,482,51,13.72,11.17,15,27.7,1,1,3,151,100,Summer,61,Overstock
120,Product_120,Frozen,Supplier_14,9,508,47,9.29,6.71,5,19.5,0,1,8,241,107,Summer,52,Overstock
121,Product_121,Frozen,Supplier_10,6,289,86,11.44,9.64,15,34.1,0,1,1,334,131,Winter,93,Normal
122,Product_122,Beverages,Supplier_5,4,555,21,47.05,38.89,20,17.9,1,1,4,187,53,Winter,27,Overstock
123,Product_123,Frozen,Supplier_12,1,248,34,6.14,4.26,25,29.1,0,1,6,361,52,Summer,44,Overstock
124,Product_124,Household,Supplier_9,1,69,69,34.64,23.16,5,22.2,0,1,8,83,73,Summer,79,Low Stock
125,Product_125,Bakery,Supplier_3,6,205,72,45.89,27.29,15,37.1,1,1,8,291,121,Rainy,78,Normal
126,Product_126,Bakery,Supplier_10,3,97,66,3.97,2.34,0,18.1,0,0,3,215,143,Summer,66,Low Stock
127,Product_127,Household,Supplier_7,7,337,69,38.33,33.77,5,34.1,1,0,7,170,43,Summer,81,Overstock
128,Product_128,Beverages,Supplier_6,8,371,45,36.98,24.64,25,39.1,1,0,6,299,105,Rainy,41,Overstock
129,Product_129,Meat,Supplier_4,9,113,42,1.4,0.89,0,18.5,1,0,3,156,124,Rainy,48,Low Stock
130,Product_130,Grains,Supplier_5,7,164,92,28.8,16.54,10,17.8,1,1,7,120,42,Summer,104,Overstock
131,Product_131,Fruits,Supplier_14,6,195,23,22.85,17.75,10,38.3,0,1,2,90,109,Winter,29,Normal
132,Product_132,Bakery,Supplier_6,1,508,46,20.03,13.44,15,19.1,1,1,7,30,72,Spring,54,Overstock
133,Product_133,Beverages,Supplier_3,1,422,16,14.67,10.19,0,21.9,1,1,1,316,108,Rainy,24,Overstock
134,Product_134,Frozen,Supplier_3,10,270,8,38.84,28.4,25,27,1,0,10,180,110,Rainy,3,Normal
135,Product_135,Dairy,Supplier_7,4,524,89,13.34,8.4,0,32.9,0,0,5,300,116,Rainy,94,Overstock
136,Product_136,Grains,Supplier_15,1,512,80,48.78,34.62,0,38.1,0,0,8,58,50,Summer,82,Overstock
137,Product_137,Vegetables,Supplier_4,4,88,54,46.97,38.57,20,21.3,1,0,1,330,87,Winter,49,Normal
138,Product_138,Snacks,Supplier_5,4,110,68,47.62,36.78,15,34.1,0,1,2,112,48,Rainy,78,Normal
139,Product_139,Frozen,Supplier_11,9,587,34,28.83,19.34,0,29.6,1,1,9,19,50,Spring,33,Overstock
140,Product_140,Fruits,Supplier_13,9,509,85,3.47,2.21,25,27,0,1,5,202,119,Spring,85,Overstock
141,Product_141,Beverages,Supplier_4,9,225,39,2.83,1.92,0,33.3,1,0,6,242,125,Spring,50,Normal
142,Product_142,Meat,Supplier_6,5,281,100,41.81,34.91,15,39.6,0,1,6,120,135,Spring,97,Normal
143,Product_143,Snacks,Supplier_2,2,517,29,31.6,22.84,15,33.6,0,0,9,50,58,Winter,35,Overstock
144,Product_144,Fruits,Supplier_6,1,474,44,11.87,7.9,10,21.8,0,0,9,227,41,Spring,54,Overstock
145,Product_145,Meat,Supplier_9,8,581,86,12.5,7,5,38.6,1,0,9,96,88,Winter,90,Overstock
146,Product_146,Meat,Supplier_15,7,225,56,12.77,8.65,5,31.2,0,0,1,204,138,Summer,53,Normal
147,Product_147,Meat,Supplier_3,7,241,74,28.38,21.4,5,32.3,1,0,1,219,124,Rainy,71,Normal
148,Product_148,Frozen,Supplier_12,1,550,23,4.8,3.64,20,22.7,1,1,5,212,88,Winter,25,Overstock
149,Product_149,Vegetables,Supplier_4,8,104,15,3.84,2.75,20,31.5,1,1,1,54,123,Spring,16,Low Stock
150,Product_150,Grains,Supplier_7,1,122,22,18.76,10.52,20,37,1,0,10,306,50,Rainy,25,Normal
151,Product_151,Bakery,Supplier_13,4,71,49,10.34,8.25,25,34.6,0,0,9,314,72,Spring,54,Low Stock
152,Product_152,Grains,Supplier_9,4,44,81,19.8,12.29,5,32.4,0,0,3,97,88,Summer,86,Low Stock
153,Product_153,Household,Supplier_14,6,318,1,23.55,16.52,20,31.1,0,1,4,135,125,Spring,1,Normal
154,Product_154,Bakery,Supplier_12,1,400,95,31.69,26.93,10,16,0,1,6,238,129,Rainy,92,Overstock
155,Product_155,Frozen,Supplier_4,2,236,44,41.03,28.15,10,24.1,0,0,10,362,100,Rainy,40,Normal
156,Product_156,Dairy,Supplier_14,4,365,5,33.16,28.89,15,31.3,1,1,10,202,104,Spring,14,Overstock
157,Product_157,Household,Supplier_15,7,298,57,8.02,5.34,10,16.8,1,0,1,348,53,Winter,63,Overstock
158,Product_158,Household,Supplier_9,8,350,27,28.16,19.55,15,37.1,0,0,4,119,78,Summer,22,Overstock
159,Product_159,Beverages,Supplier_1,3,353,53,45.09,35.06,15,35.5,1,1,3,104,45,Spring,65,Overstock
160,Product_160,Meat,Supplier_4,9,376,12,11.41,8.01,15,34.9,0,0,9,102,95,Rainy,23,Overstock
161,Product_161,Meat,Supplier_8,6,489,2,38.11,27.1,5,20.8,0,0,4,138,125,Rainy,10,Overstock
162,Product_162,Grains,Supplier_15,9,393,36,29.14,21.31,25,27,0,1,5,345,79,Rainy,33,Overstock
163,Product_163,Beverages,Supplier_15,4,584,26,25.37,21.84,10,33.6,0,1,5,268,141,Rainy,38,Overstock
164,Product_164,Household,Supplier_9,4,108,91,44.87,28.63,5,31.2,0,0,5,6,143,Rainy,103,Low Stock
165,Product_165,Frozen,Supplier_9,7,561,71,31.57,24.02,10,33.6,0,1,7,129,71,Winter,70,Overstock
166,Product_166,Dairy,Supplier_9,5,194,63,11.29,7.68,15,31.6,1,0,10,234,104,Spring,67,Normal
167,Product_167,Grains,Supplier_11,3,245,36,45.87,36.3,5,17.9,1,0,8,294,63,Rainy,44,Overstock
168,Product_168,Meat,Supplier_13,10,180,69,7.83,4.8,20,23.6,0,0,7,295,131,Winter,65,Normal
169,Product_169,Vegetables,Supplier_5,4,40,47,14.81,8.87,20,34.3,1,1,1,308,135,Summer,44,Low Stock
170,Product_170,Grains,Supplier_1,7,335,54,23.56,15.49,25,27.4,1,1,8,140,119,Rainy,62,Normal
171,Product_171,Meat,Supplier_12,8,85,48,22.81,15.06,15,39.3,1,0,5,243,86,Summer,54,Low Stock
172,Product_172,Dairy,Supplier_10,4,571,73,47.27,39.7,5,30.9,1,1,10,267,85,Summer,83,Overstock
173,Product_173,Grains,Supplier_10,4,380,93,27.23,20.04,5,27.6,1,0,3,204,129,Rainy,102,Normal
174,Product_174,Vegetables,Supplier_12,5,499,22,4.98,3.44,25,19.4,0,1,8,329,134,Summer,29,Overstock
175,Product_175,Meat,Supplier_10,5,234,3,5.31,3.69,20,18.8,0,0,3,339,49,Rainy,1,Overstock
176,Product_176,Bakery,Supplier_14,8,179,78,37.59,31.12,15,23.5,0,0,5,145,45,Rainy,73,Overstock
177,Product_177,Household,Supplier_11,6,152,71,35.75,19.94,20,15.1,1,0,5,63,138,Spring,73,Normal
178,Product_178,Snacks,Supplier_2,5,170,5,8.16,6.35,20,37.4,1,1,6,346,103,Winter,10,Normal
179,Product_179,Dairy,Supplier_4,4,295,48,46.47,39.72,25,31.3,0,0,3,224,144,Winter,54,Normal
180,Product_180,Snacks,Supplier_12,2,238,23,41.75,29.05,25,15.8,0,1,7,183,53,Winter,26,Overstock
181,Product_181,Snacks,Supplier_6,9,564,67,30.01,26.4,10,21.9,0,0,1,29,128,Spring,74,Overstock
182,Product_182,Meat,Supplier_14,8,594,50,20.94,12.88,5,36.6,0,0,4,295,71,Summer,49,Overstock
183,Product_183,Meat,Supplier_15,6,543,98,48.01,34.92,25,35.1,1,1,7,339,64,Summer,99,Overstock
184,Product_184,Bakery,Supplier_14,6,367,73,41.73,23.22,25,21.2,0,0,9,324,107,Rainy,75,Overstock
185,Product_185,Bakery,Supplier_6,9,211,21,16.98,14.23,20,35.6,0,1,10,63,143,Spring,30,Normal
186,Product_186,Vegetables,Supplier_3,10,375,38,29.73,16.86,5,27,1,0,3,50,74,Spring,34,Overstock
187,Product_187,Grains,Supplier_4,5,68,53,4.75,3.12,20,29.1,0,0,9,258,102,Winter,63,Low Stock
188,Product_188,Meat,Supplier_3,6,276,57,42.51,30.88,25,24.8,1,0,10,94,51,Spring,52,Overstock
189,Product_189,Grains,Supplier_15,6,384,21,41.03,24.48,5,25.9,0,1,3,138,73,Spring,25,Overstock
190,Product_190,Dairy,Supplier_6,8,39,27,14.26,12.15,15,18.6,1,1,10,118,54,Rainy,39,Low Stock
191,Product_191,Dairy,Supplier_2,2,466,94,41.01,30.62,25,20.9,0,1,7,182,116,Rainy,92,Overstock
192,Product_192,Frozen,Supplier_7,9,317,57,48.42,36.31,15,33.4,0,1,4,74,98,Rainy,59,Overstock
193,Product_193,Bakery,Supplier_11,1,217,40,40.93,32.21,20,19,0,1,2,25,107,Rainy,52,Normal
194,Product_194,Dairy,Supplier_12,1,546,60,2.54,2.06,10,39.3,1,0,4,163,87,Summer,71,Overstock
195,Product_195,Vegetables,Supplier_6,8,371,9,24.81,17.62,25,16.1,0,0,10,84,80,Winter,18,Overstock
196,Product_196,Fruits,Supplier_10,1,316,1,24.55,16.71,15,18.7,1,0,10,330,78,Spring,7,Overstock
197,Product_197,Household,Supplier_13,10,289,16,42.38,36,15,26.9,0,0,1,278,125,Spring,27,Normal
198,Product_198,Beverages,Supplier_14,1,198,22,28.45,15.87,10,23.1,1,1,9,254,121,Winter,21,Normal
199,Product_199,Grains,Supplier_10,7,403,3,15.6,11.29,10,35.9,1,0,10,295,131,Rainy,7,Overstock
200,Product_200,Fruits,Supplier_9,8,523,85,38.49,32.37,15,16.6,1,0,9,315,116,Spring,86,Overstock
1,Product_001,Meat,Supplier_6,1,581,94,47.23,29.49,10,28,0,0,2,28,71,Summer,89,Overstock
2,Product_002,Snacks,Supplier_7,1,231,64,33.96,26.39,25,24.1,0,0,4,254,43,Spring,67,Overstock
3,Product_003,Frozen,Supplier_11,10,212,63,38.19,28.1,0,26.7,0,0,5,252,135,Rainy,63,Normal
4,Product_004,Meat,Supplier_7,3,274,66,23.79,20.04,15,23,1,0,8,25,142,Summer,64,Normal
5,Product_005,Meat,Supplier_11,9,356,66,43.94,26.22,15,34,0,1,6,23,110,Winter,61,Overstock
6,Product_006,Vegetables,Supplier_10,7,363,64,41.05,26.54,15,24,1,0,10,102,95,Rainy,71,Overstock
7,Product_007,Household,Supplier_14,3,385,31,31.64,24.6,25,26.4,0,1,8,33,128,Spring,33,Overstock
8,Product_008,Frozen,Supplier_2,8,99,39,29.28,16.47,0,16.8,1,1,9,345,109,Spring,49,Low Stock
9,Product_009,Fruits,Supplier_5,7,317,9,23.11,14.63,25,39.9,0,1,5,290,78,Rainy,11,Overstock
10,Product_010,Frozen,Supplier_7,1,94,36,28.73,24.13,0,39.6,0,1,1,351,60,Spring,38,Normal
11,Product_011,Vegetables,Supplier_10,9,253,56,28.35,16.71,20,21.2,0,1,9,258,74,Summer,55,Overstock
12,Product_012,Fruits,Supplier_4,4,331,74,43.39,37.52,0,20.3,0,0,9,124,133,Spring,78,Normal
13,Product_013,Grains,Supplier_4,1,313,80,43.61,28.36,20,18.7,0,1,9,349,124,Winter,80,Normal
14,Product_014,Grains,Supplier_6,7,231,18,9.82,6.48,10,22.1,1,1,4,47,40,Summer,21,Overstock
15,Product_015,Bakery,Supplier_13,6,554,62,13.38,11.27,0,34.8,0,1,1,213,123,Spring,67,Overstock
16,Product_016,Grains,Supplier_15,8,333,21,2.82,1.7,25,16.5,1,0,1,271,73,Winter,21,Overstock
17,Product_017,Vegetables,Supplier_14,6,412,23,35.06,19.53,25,30,0,1,7,8,51,Spring,31,Overstock
18,Product_018,Beverages,Supplier_12,1,591,67,12.03,6.78,15,22,0,1,9,358,105,Spring,77,Overstock
19,Product_019,Bakery,Supplier_6,1,264,42,5.04,2.87,10,31.1,1,0,10,56,105,Winter,53,Normal
20,Product_020,Dairy,Supplier_9,1,201,85,2.2,1.82,25,18,0,0,2,126,58,Winter,92,Overstock
21,Product_021,Bakery,Supplier_3,8,234,60,40.43,25.7,15,22.8,0,1,1,137,50,Rainy,65,Overstock
22,Product_022,Beverages,Supplier_5,2,196,8,1.1,0.76,10,31,1,1,2,83,76,Summer,5,Normal
23,Product_023,Bakery,Supplier_12,5,228,15,10.02,5.75,20,22.4,0,0,9,279,83,Summer,19,Normal
24,Product_024,Household,Supplier_6,8,510,30,16.82,12.63,20,15.7,0,0,9,73,135,Spring,32,Overstock
25,Product_025,Vegetables,Supplier_2,10,475,12,24.59,16.56,15,17.9,0,1,3,214,126,Rainy,24,Overstock
26,Product_026,Vegetables,Supplier_15,7,37,24,30.21,16.65,15,24.3,1,1,3,191,101,Summer,23,Low Stock
27,Product_027,Fruits,Supplier_4,3,299,50,26.72,22.48,15,29.7,0,0,7,204,96,Summer,58,Overstock
28,Product_028,Meat,Supplier_10,6,109,72,22.17,15.78,0,35.2,0,0,8,229,127,Rainy,75,Low Stock
29,Product_029,Snacks,Supplier_8,5,556,9,29.64,20.6,5,30.8,1,0,10,100,86,Spring,16,Overstock
30,Product_030,Household,Supplier_3,2,310,26,34.57,27.76,10,37.3,1,1,3,171,76,Rainy,37,Overstock
31,Product_031,Vegetables,Supplier_11,4,171,73,23.05,15.25,0,17.4,0,1,2,40,58,Rainy,75,Normal
32,Product_032,Dairy,Supplier_4,3,419,54,39.95,22.27,20,19.8,1,0,9,258,145,Summer,59,Normal
33,Product_033,Household,Supplier_9,9,386,100,45.55,35.35,5,31.4,0,0,3,352,68,Spring,101,Overstock
34,Product_034,Vegetables,Supplier_15,1,182,83,41.77,28.98,15,33.5,0,0,10,106,105,Rainy,87,Normal
35,Product_035,Fruits,Supplier_10,10,54,80,28.88,24.43,25,37.1,0,1,4,248,89,Summer,84,Low Stock
36,Product_036,Frozen,Supplier_3,6,57,6,32.12,18.19,10,22.3,0,0,7,102,84,Rainy,8,Low Stock
37,Product_037,Household,Supplier_1,7,163,6,36.96,23.23,25,21.4,1,1,6,46,143,Summer,10,Normal
38,Product_038,Vegetables,Supplier_5,4,112,56,42.27,28.41,25,35.5,1,1,5,175,134,Spring,59,Low Stock
39,Product_039,Fruits,Supplier_5,3,318,60,2.08,1.53,5,28.5,0,0,8,291,124,Summer,72,Normal
40,Product_040,Fruits,Supplier_7,2,144,74,31.34,19.63,20,30.3,1,1,6,210,131,Summer,82,Normal
41,Product_041,Meat,Supplier_14,2,106,53,29.38,25.2,20,33.4,0,0,5,155,138,Winter,54,Low Stock
42,Product_042,Household,Supplier_4,6,589,18,39.79,24.33,15,26.8,1,1,2,87,64,Rainy,19,Overstock
43,Product_043,Frozen,Supplier_2,2,338,66,28.1,16.21,20,35.3,0,0,6,196,123,Spring,69,Normal
44,Product_044,Household,Supplier_6,2,43,97,19.9,15.53,20,28.3,1,1,8,255,134,Summer,103,Low Stock
45,Product_045,Grains,Supplier_9,5,39,46,20.39,15.68,25,29.8,0,0,3,198,143,Spring,49,Low Stock
46,Product_046,Snacks,Supplier_6,3,58,38,42.39,30.85,25,15.9,0,1,4,318,94,Summer,36,Low Stock
47,Product_047,Household,Supplier_12,9,408,30,48.24,31.98,25,35,0,1,10,221,41,Spring,38,Overstock
48,Product_048,Snacks,Supplier_1,9,198,39,33.29,26.81,10,26.9,1,1,6,305,61,Summer,40,Overstock
49,Product_049,Grains,Supplier_15,8,79,89,34.02,29.11,5,21.3,0,0,7,289,78,Spring,85,Normal
50,Product_050,Grains,Supplier_15,7,390,31,45.83,41.18,20,29.8,0,1,8,95,61,Summer,43,Overstock
51,Product_051,Snacks,Supplier_6,8,264,48,45.3,26.33,10,21.1,1,1,5,318,91,Summer,54,Normal
52,Product_052,Frozen,Supplier_12,3,50,53,19.18,14.4,20,20.8,1,1,6,192,90,Summer,63,Low Stock
53,Product_053,Vegetables,Supplier_3,5,530,22,39.29,30.5,15,28.8,1,0,4,310,83,Rainy,20,Overstock
54,Product_054,Meat,Supplier_8,3,580,56,36.02,29.16,0,27,0,0,7,223,115,Spring,52,Overstock
55,Product_055,Fruits,Supplier_3,6,596,30,37.76,29.16,5,31.7,1,1,3,351,72,Winter,39,Overstock
56,Product_056,Fruits,Supplier_3,7,264,96,13.12,9.4,10,28.9,1,1,6,314,58,Rainy,99,Overstock
57,Product_057,Snacks,Supplier_8,4,47,92,37.56,20.66,25,28,1,0,5,267,134,Winter,90,Low Stock
58,Product_058,Snacks,Supplier_15,10,224,63,27.36,15.94,25,31.4,0,1,6,176,149,Winter,58,Normal
59,Product_059,Snacks,Supplier_8,6,63,63,24.22,14.22,5,33.3,0,1,2,73,90,Rainy,61,Low Stock
60,Product_060,Meat,Supplier_8,8,398,7,13.7,7.63,15,18.4,0,0,8,150,44,Spring,4,Overstock
61,Product_061,Dairy,Supplier_13,6,371,45,13.12,10.36,25,27,1,0,4,57,81,Summer,56,Overstock
62,Product_062,Frozen,Supplier_15,8,193,20,15.54,12.07,5,23.3,0,1,5,72,149,Summer,25,Normal
63,Product_063,Meat,Supplier_11,5,401,58,7.22,5.21,15,18.5,1,1,5,309,127,Winter,54,Overstock
64,Product_064,Frozen,Supplier_14,2,304,6,15.18,9.32,15,32.8,0,0,3,65,79,Spring,11,Overstock
65,Product_065,Snacks,Supplier_6,9,59,17,4.72,3.1,20,18.8,1,0,1,314,143,Rainy,29,Low Stock
66,Product_066,Beverages,Supplier_3,5,95,83,48.18,36.16,10,23.1,0,0,3,215,109,Summer,83,Low Stock
67,Product_067,Meat,Supplier_9,3,201,29,16.39,13.03,25,39.7,0,0,4,81,91,Spring,36,Normal
68,Product_068,Bakery,Supplier_7,10,446,5,46.43,28.99,20,32.3,0,0,6,191,92,Winter,6,Overstock
69,Product_069,Vegetables,Supplier_4,1,255,74,4.22,2.82,25,29.1,0,0,6,91,95,Winter,83,Normal
70,Product_070,Frozen,Supplier_11,6,576,10,25.55,15.71,15,33.4,1,0,9,50,131,Summer,17,Overstock
71,Product_071,Frozen,Supplier_6,10,402,69,34.06,21.26,0,29.9,1,0,4,178,60,Rainy,65,Overstock
72,Product_072,Frozen,Supplier_4,9,422,79,23.94,16.02,20,24.8,1,0,7,142,83,Rainy,85,Overstock
73,Product_073,Beverages,Supplier_2,9,498,47,46.04,38.71,0,38.9,0,1,1,254,111,Rainy,59,Overstock
74,Product_074,Bakery,Supplier_11,2,377,72,30.58,27.05,25,24.2,0,1,1,324,99,Rainy,79,Overstock
75,Product_075,Meat,Supplier_1,5,278,49,14.1,9.37,20,37.3,0,1,6,97,148,Spring,50,Normal
76,Product_076,Snacks,Supplier_11,2,211,35,46.84,41.36,20,24.6,1,0,1,209,67,Summer,37,Overstock
77,Product_077,Meat,Supplier_2,1,266,84,5.05,3.44,15,19.7,0,1,7,88,108,Spring,83,Normal
78,Product_078,Bakery,Supplier_7,9,243,44,36.07,31.18,10,28.4,0,0,7,279,40,Winter,40,Overstock
79,Product_079,Vegetables,Supplier_13,10,181,78,17.06,13.67,20,33.6,1,0,8,67,103,Summer,83,Normal
80,Product_080,Snacks,Supplier_15,4,287,92,16.73,12.12,20,15.1,0,0,5,260,132,Summer,89,Normal
81,Product_081,Dairy,Supplier_8,6,576,93,40.46,34.83,20,28.6,0,1,2,132,137,Summer,102,Overstock
82,Product_082,Meat,Supplier_1,2,237,17,41.24,22.76,10,28.9,1,1,4,356,105,Spring,21,Normal
83,Product_083,Bakery,Supplier_10,5,210,80,28.3,21.02,15,24.2,0,1,9,315,72,Rainy,86,Normal
84,Product_084,Frozen,Supplier_6,6,542,64,40.26,32.54,25,26.7,0,0,8,362,128,Spring,60,Overstock
85,Product_085,Meat,Supplier_7,10,149,65,13.96,9.94,15,15.4,0,1,7,342,103,Rainy,65,Normal
86,Product_086,Meat,Supplier_9,10,468,44,3.11,2.22,10,26.9,1,1,2,245,60,Spring,51,Overstock
87,Product_087,Snacks,Supplier_9,8,85,91,27.54,19.66,10,28.2,0,1,1,308,132,Spring,91,Low Stock
88,Product_088,Beverages,Supplier_5,8,521,1,25.44,20.98,10,31.8,1,0,10,109,74,Rainy,12,Overstock
89,Product_089,Household,Supplier_8,6,256,22,43.94,29.43,20,22.2,1,1,7,55,112,Summer,28,Normal
90,Product_090,Dairy,Supplier_15,4,394,90,36.32,25.58,10,17.7,1,0,9,314,123,Spring,92,Overstock
91,Product_091,Snacks,Supplier_8,8,176,37,36.36,20.67,15,15.6,1,0,1,118,49,Spring,39,Overstock
92,Product_092,Snacks,Supplier_11,10,286,20,9.32,7.04,0,37.3,1,1,3,342,71,Spring,16,Overstock
93,Product_093,Meat,Supplier_3,5,593,40,33.57,20.33,25,31.8,1,0,4,86,52,Winter,39,Overstock
94,Product_094,Grains,Supplier_5,1,88,5,35.59,28.72,20,32.9,1,0,1,61,118,Spring,1,Low Stock
95,Product_095,Grains,Supplier_11,10,30,27,28.75,22.76,25,30.3,1,1,4,140,98,Summer,38,Low Stock
96,Product_096,Meat,Supplier_9,7,565,9,43.94,25.06,0,38,1,1,6,342,129,Spring,20,Overstock
97,Product_097,Meat,Supplier_7,2,520,29,22.16,17.57,5,20.6,0,0,1,92,86,Winter,35,Overstock
98,Product_098,Beverages,Supplier_8,8,307,86,21.82,12.86,10,28.3,0,1,8,14,107,Spring,89,Normal
99,Product_099,Meat,Supplier_7,3,598,82,3.75,2.32,15,23.4,1,0,9,261,139,Summer,93,Overstock
100,Product_100,Vegetables,Supplier_14,1,394,24,47.9,31.42,15,37.3,1,1,10,44,64,Rainy,19,Overstock
101,Product_101,Vegetables,Supplier_1,4,320,53,2,1.2,25,26.9,1,0,2,240,45,Spring,60,Overstock
102,Product_102,Dairy,Supplier_12,5,523,6,1.31,0.92,0,15.8,0,1,1,228,121,Rainy,4,Overstock
103,Product_103,Grains,Supplier_9,10,586,84,39.77,26.47,15,38.8,0,0,8,349,47,Spring,82,Overstock
104,Product_104,Bakery,Supplier_15,6,44,42,48.58,31.61,0,18,0,0,1,336,95,Spring,40,Low Stock
105,Product_105,Meat,Supplier_10,2,590,53,36.96,23.03,0,16.4,1,0,8,23,118,Spring,60,Overstock
106,Product_106,Dairy,Supplier_13,4,71,88,12.55,8.97,5,17.1,0,1,7,121,126,Summer,95,Low Stock
107,Product_107,Meat,Supplier_9,8,49,31,28.07,23.72,5,17.1,1,0,5,303,68,Rainy,26,Low Stock
108,Product_108,Beverages,Supplier_6,5,318,20,38.91,24.65,15,35,0,1,5,199,47,Summer,30,Overstock
109,Product_109,Frozen,Supplier_4,4,188,13,29.2,24.96,0,25.1,0,0,6,157,59,Rainy,21,Overstock
110,Product_110,Bakery,Supplier_4,4,147,97,6.32,4.49,25,32.8,0,1,9,84,47,Summer,97,Overstock
111,Product_111,Household,Supplier_14,2,104,69,4.91,3.1,25,24.6,1,0,2,237,88,Rainy,80,Normal
112,Product_112,Fruits,Supplier_9,9,487,35,24.26,18.17,25,29.1,1,0,6,212,119,Summer,37,Overstock
113,Product_113,Vegetables,Supplier_6,4,486,80,30.4,27.25,15,22.2,0,1,2,251,124,Summer,90,Overstock
114,Product_114,Household,Supplier_15,1,301,31,32.15,20.31,25,37.3,0,0,4,222,82,Winter,32,Overstock
115,Product_115,Grains,Supplier_3,9,582,39,31.53,18.22,15,34.3,1,0,10,211,41,Summer,49,Overstock
116,Product_116,Snacks,Supplier_2,8,45,4,35.32,22.38,10,27,1,1,8,346,48,Winter,12,Low Stock
117,Product_117,Household,Supplier_5,8,579,82,15.75,14.15,10,35.3,1,1,5,90,104,Rainy,87,Overstock
118,Product_118,Household,Supplier_9,3,197,85,46.1,32.72,25,28,1,0,7,325,71,Winter,80,Normal
119,Product_119,Bakery,Supplier_4,7,383,17,42.77,26.62,5,28.1,1,1,6,290,101,Rainy,19,Overstock
120,Product_120,Frozen,Supplier_13,2,154,24,42.54,35.24,20,28.7,1,0,7,348,65,Summer,21,Normal
121,Product_121,Frozen,Supplier_3,3,514,56,46.48,26.12,15,30.4,0,1,5,238,99,Winter,65,Overstock
122,Product_122,Beverages,Supplier_9,7,259,69,46.77,30.67,0,39,1,0,2,177,61,Spring,78,Overstock
123,Product_123,Frozen,Supplier_2,9,569,59,47.86,41.08,10,19.6,1,1,10,204,73,Summer,66,Overstock
124,Product_124,Household,Supplier_9,7,193,43,16.19,11.88,5,19.1,1,0,2,152,102,Winter,48,Normal
125,Product_125,Bakery,Supplier_6,1,320,80,48.55,42.28,20,32.5,1,0,10,191,51,Spring,78,Overstock
126,Product_126,Bakery,Supplier_3,6,279,40,20.15,11.28,15,16.9,1,0,3,155,66,Rainy,51,Overstock
127,Product_127,Household,Supplier_10,5,473,95,15.22,11.86,25,36.8,0,0,7,242,110,Summer,96,Overstock
128,Product_128,Beverages,Supplier_10,8,570,24,14.71,10.89,0,34.4,0,1,9,89,135,Winter,24,Overstock
129,Product_129,Meat,Supplier_4,3,467,25,13.65,8.58,10,35.9,0,1,2,347,123,Summer,32,Overstock
130,Product_130,Grains,Supplier_8,7,330,7,18,11.57,0,33.1,0,1,7,98,111,Summer,8,Normal
131,Product_131,Fruits,Supplier_10,5,433,49,19.81,17.67,15,31.4,1,0,10,180,143,Rainy,58,Overstock
132,Product_132,Bakery,Supplier_8,10,61,68,44.87,27.74,15,18,0,0,6,308,59,Rainy,78,Normal
133,Product_133,Beverages,Supplier_5,2,412,56,45.89,30.2,25,34.5,1,1,6,179,94,Winter,53,Overstock
134,Product_134,Frozen,Supplier_3,2,267,46,40.64,30.69,25,35.6,1,0,9,343,63,Spring,43,Overstock
135,Product_135,Dairy,Supplier_13,10,247,46,46.95,37.74,25,39,0,1,10,259,94,Winter,48,Normal
136,Product_136,Grains,Supplier_11,3,82,50,4.76,3.51,25,15.4,1,0,5,47,57,Summer,50,Normal
137,Product_137,Vegetables,Supplier_2,2,338,95,42.69,32.34,15,30.4,0,1,4,230,40,Rainy,102,Overstock
138,Product_138,Snacks,Supplier_2,10,496,97,40.43,27.01,5,37.8,0,1,9,149,144,Winter,99,Overstock
139,Product_139,Frozen,Supplier_8,3,504,11,11.38,8.87,25,21.3,0,1,9,37,48,Spring,16,Overstock
140,Product_140,Fruits,Supplier_14,2,497,60,3.34,2.23,20,24.6,0,1,8,274,68,Winter,61,Overstock
141,Product_141,Beverages,Supplier_4,8,353,87,5.91,4.32,20,25.6,1,0,2,118,78,Summer,91,Overstock
142,Product_142,Meat,Supplier_2,1,306,58,37.97,30.97,15,19.2,1,0,7,127,91,Summer,58,Overstock
143,Product_143,Snacks,Supplier_9,5,285,95,35.47,22.91,0,23.7,0,0,9,133,80,Spring,95,Overstock
144,Product_144,Fruits,Supplier_9,1,258,75,23.25,14.22,0,34.4,0,0,3,341,136,Summer,79,Normal
145,Product_145,Meat,Supplier_9,5,566,37,12.89,7.18,20,15.6,0,1,3,284,127,Spring,45,Overstock
146,Product_146,Meat,Supplier_1,6,386,49,48.93,35.73,25,32.5,1,0,5,297,54,Summer,60,Overstock
147,Product_147,Meat,Supplier_9,1,474,18,49.56,29.62,0,35.9,1,0,6,116,136,Summer,22,Overstock
148,Product_148,Frozen,Supplier_3,6,495,35,37.53,23.69,15,36.1,0,1,5,205,63,Rainy,46,Overstock
149,Product_149,Vegetables,Supplier_9,10,484,50,4.7,4.09,0,39.5,1,1,9,247,107,Summer,52,Overstock
150,Product_150,Grains,Supplier_4,7,83,97,24.46,20.88,10,18.8,1,1,10,278,132,Summer,95,Low Stock
151,Product_151,Bakery,Supplier_15,2,56,65,9.84,6.42,5,18.9,0,1,2,314,142,Rainy,74,Low Stock
152,Product_152,Grains,Supplier_14,2,127,49,18.9,11.84,0,25.9,0,1,10,133,101,Summer,54,Normal
153,Product_153,Household,Supplier_13,5,195,64,13.74,9.41,0,30.2,1,0,2,183,104,Spring,71,Normal
154,Product_154,Bakery,Supplier_8,4,384,33,44.99,27.63,10,34.8,0,1,1,311,127,Rainy,29,Overstock
155,Product_155,Frozen,Supplier_2,8,313,85,29.85,17.89,25,23.7,0,1,3,49,98,Rainy,91,Overstock
156,Product_156,Dairy,Supplier_13,8,448,43,32.66,23.88,10,34.3,0,1,4,167,97,Winter,51,Overstock
157,Product_157,Household,Supplier_11,4,68,27,23.55,20.81,0,24.1,0,0,3,162,146,Winter,29,Low Stock
158,Product_158,Household,Supplier_4,5,241,12,17.89,13.26,15,36.9,1,1,6,20,94,Summer,10,Normal
159,Product_159,Beverages,Supplier_1,7,255,5,1.4,1.22,15,27.3,1,1,8,292,143,Winter,11,Normal
160,Product_160,Meat,Supplier_7,6,457,41,39.23,26.96,0,37.5,0,0,10,173,136,Summer,41,Overstock
161,Product_161,Meat,Supplier_9,1,405,1,44.2,25.57,0,33.9,1,0,4,274,67,Spring,1,Overstock
162,Product_162,Grains,Supplier_8,4,381,85,6.85,5.65,15,29.4,1,1,1,159,133,Summer,88,Normal
163,Product_163,Beverages,Supplier_9,8,96,82,11.88,10.5,15,24.9,0,1,8,291,47,Spring,87,Normal
164,Product_164,Household,Supplier_9,3,355,76,8.6,6.63,15,39.4,0,0,9,211,102,Summer,71,Overstock
165,Product_165,Frozen,Supplier_5,5,492,36,47.14,39.3,0,32.8,1,1,7,89,40,Spring,34,Overstock
166,Product_166,Dairy,Supplier_13,8,401,88,5.59,4.42,20,28.8,0,1,9,303,130,Rainy,97,Overstock
167,Product_167,Grains,Supplier_8,8,574,75,44.51,29.62,10,30.9,0,0,3,80,40,Summer,74,Overstock
168,Product_168,Meat,Supplier_3,3,581,12,5.18,4.49,25,33.2,0,0,2,338,86,Winter,24,Overstock
169,Product_169,Vegetables,Supplier_14,6,273,69,37.15,30.54,25,26,0,0,7,27,40,Spring,69,Overstock
170,Product_170,Grains,Supplier_11,6,166,51,12.67,10.1,15,37,1,1,10,41,99,Rainy,61,Normal
171,Product_171,Meat,Supplier_1,10,326,49,46.35,33.92,0,30.4,1,0,3,364,125,Winter,59,Normal
172,Product_172,Dairy,Supplier_15,10,106,23,32.15,18.53,25,27.1,1,0,10,55,86,Summer,21,Normal
173,Product_173,Grains,Supplier_6,8,402,36,25.96,16.46,20,31.9,1,1,4,147,100,Winter,39,Overstock
174,Product_174,Vegetables,Supplier_13,2,249,35,14.29,10.88,5,26.7,1,0,10,75,65,Rainy,44,Overstock
175,Product_175,Meat,Supplier_8,7,354,62,47.99,42.69,25,29.6,0,1,2,276,96,Summer,69,Overstock
176,Product_176,Bakery,Supplier_4,5,461,38,29.52,16.68,25,35.9,1,1,7,344,119,Summer,49,Overstock
177,Product_177,Household,Supplier_10,6,330,93,23.95,19.06,20,16.4,1,1,1,31,69,Winter,101,Overstock
178,Product_178,Snacks,Supplier_13,4,246,55,19.59,11.28,0,16.4,0,0,3,10,56,Summer,56,Overstock
179,Product_179,Dairy,Supplier_6,2,198,97,27.84,17.27,25,17.9,0,0,4,176,106,Rainy,98,Normal
180,Product_180,Snacks,Supplier_15,5,146,55,23.97,16.65,20,18.8,1,0,8,57,54,Rainy,62,Normal
181,Product_181,Snacks,Supplier_14,5,482,54,42.78,29.43,10,18.4,0,0,8,130,89,Rainy,66,Overstock
182,Product_182,Meat,Supplier_4,5,540,37,17.71,15.8,25,22,0,1,3,163,102,Summer,47,Overstock
183,Product_183,Meat,Supplier_4,9,416,82,39.63,30.42,10,17.4,0,1,5,222,67,Summer,83,Overstock
184,Product_184,Bakery,Supplier_2,3,477,71,12.64,10.98,15,27.3,0,0,4,20,96,Rainy,81,Overstock
185,Product_185,Bakery,Supplier_5,6,196,31,11.5,8.46,10,28.5,0,0,7,355,116,Spring,28,Normal
186,Product_186,Vegetables,Supplier_9,4,488,8,11.78,8.19,15,17.6,0,1,10,263,66,Spring,15,Overstock
187,Product_187,Grains,Supplier_7,2,131,53,22.13,16.09,0,19.1,1,0,8,27,56,Summer,63,Normal
188,Product_188,Meat,Supplier_9,7,138,63,24.2,20.29,20,25.5,1,1,9,32,104,Rainy,58,Normal
189,Product_189,Grains,Supplier_3,8,499,65,39.74,34.99,0,21.6,0,0,9,355,80,Winter,76,Overstock
190,Product_190,Dairy,Supplier_11,1,94,7,20.66,13.34,0,26.4,0,1,4,281,92,Rainy,11,Normal
191,Product_191,Dairy,Supplier_2,5,38,63,13.16,10.06,25,33.2,0,0,4,261,59,Winter,73,Low Stock
192,Product_192,Frozen,Supplier_1,3,185,46,41.56,26.03,15,34.6,1,1,9,275,148,Winter,52,Normal
193,Product_193,Bakery,Supplier_6,1,225,22,21.09,14.05,10,17,1,1,10,3,102,Rainy,33,Normal
194,Product_194,Dairy,Supplier_4,1,429,76,5.96,5.35,5,23,0,0,6,262,88,Spring,80,Overstock
195,Product_195,Vegetables,Supplier_13,5,367,37,3.98,2.41,25,18.4,1,1,5,279,93,Rainy,32,Overstock
196,Product_196,Fruits,Supplier_8,9,314,5,32.63,21.75,5,39.1,1,1,6,289,97,Summer,10,Overstock
197,Product_197,Household,Supplier_15,3,206,75,9.06,5.44,25,29.1,0,1,7,95,95,Spring,82,Normal
198,Product_198,Beverages,Supplier_5,2,264,57,1.6,1.4,15,39.9,1,1,7,104,52,Spring,57,Overstock
199,Product_199,Grains,Supplier_14,5,369,30,10.93,9.21,20,18.5,0,0,4,15,118,Rainy,39,Overstock
200,Product_200,Fruits,Supplier_5,7,265,40,3.28,2.52,0,35.8,1,1,9,118,50,Summer,46,Overstock
1,Product_001,Meat,Supplier_7,2,41,41,29.95,21.51,15,22.3,1,1,3,190,120,Winter,37,Low Stock
2,Product_002,Snacks,Supplier_3,5,277,84,44.19,30.79,15,20.5,0,1,4,170,84,Winter,92,Overstock
3,Product_003,Frozen,Supplier_9,6,82,31,34.1,27.14,5,26.9,0,0,10,184,134,Summer,33,Low Stock
4,Product_004,Meat,Supplier_9,2,187,67,24.14,19.53,0,27.4,1,0,8,345,89,Rainy,74,Normal
5,Product_005,Meat,Supplier_4,10,499,86,23.26,18.23,25,30.4,1,0,3,313,130,Winter,94,Overstock
6,Product_006,Vegetables,Supplier_10,2,254,89,24.79,14.55,0,24.8,1,0,6,248,119,Winter,84,Normal
7,Product_007,Household,Supplier_13,7,294,87,35.78,29.1,0,33.8,0,1,7,57,114,Summer,86,Normal
8,Product_008,Frozen,Supplier_6,10,395,96,34.5,28.77,20,16.6,0,0,6,207,92,Spring,92,Overstock
9,Product_009,Fruits,Supplier_7,3,322,1,37.2,28.32,25,23.4,0,1,2,136,67,Winter,8,Overstock
10,Product_010,Frozen,Supplier_15,7,585,47,31.52,17.39,25,15.6,0,0,9,362,74,Winter,45,Overstock
11,Product_011,Vegetables,Supplier_14,2,297,55,15.82,11.09,20,29.3,1,0,10,237,61,Spring,63,Overstock
12,Product_012,Fruits,Supplier_11,6,257,97,11.86,8.33,0,29.4,0,1,8,206,107,Summer,103,Normal
13,Product_013,Grains,Supplier_4,7,89,62,4.67,3.36,15,37.9,0,1,8,92,117,Winter,68,Low Stock
14,Product_014,Grains,Supplier_14,9,530,66,17.35,11.03,10,26.4,0,0,7,289,127,Spring,68,Overstock
15,Product_015,Bakery,Supplier_3,9,343,26,16.04,12.85,5,15,1,1,1,82,150,Spring,34,Normal
16,Product_016,Grains,Supplier_9,4,318,36,24.92,14.03,0,17.3,0,0,2,104,98,Spring,42,Overstock
17,Product_017,Vegetables,Supplier_15,2,530,64,36.37,24.94,10,24.3,1,0,9,53,120,Spring,62,Overstock
18,Product_018,Beverages,Supplier_4,1,210,78,34.11,20.88,25,21.9,1,1,3,332,50,Summer,82,Overstock
19,Product_019,Bakery,Supplier_6,10,270,90,8.26,6.65,25,21.4,1,1,7,139,115,Winter,92,Normal
20,Product_020,Dairy,Supplier_6,5,343,100,4.56,3.16,10,26.9,0,1,6,183,57,Summer,103,Overstock
21,Product_021,Bakery,Supplier_13,3,502,20,14.45,10.93,0,19,1,1,10,208,124,Winter,21,Overstock
22,Product_022,Beverages,Supplier_4,4,283,51,48.28,32.87,15,16.6,0,0,3,35,111,Summer,58,Normal
23,Product_023,Bakery,Supplier_6,10,73,29,16.95,13.03,10,17.2,0,0,9,186,110,Winter,33,Low Stock
24,Product_024,Household,Supplier_12,4,466,74,34.61,23.5,15,24.4,0,1,3,318,115,Rainy,71,Overstock
25,Product_025,Vegetables,Supplier_10,1,544,91,36.95,27.33,20,25,1,0,2,345,98,Spring,87,Overstock
26,Product_026,Vegetables,Supplier_7,3,112,99,20.25,16.61,10,29,0,1,9,156,107,Rainy,111,Normal
27,Product_027,Fruits,Supplier_13,2,318,91,1.82,1.1,10,30.6,1,1,4,331,68,Spring,95,Overstock
28,Product_028,Meat,Supplier_7,10,238,9,40.35,24.43,0,24.4,1,0,1,258,137,Winter,16,Normal
29,Product_029,Snacks,Supplier_8,1,386,92,28.97,21.11,15,35.6,1,0,3,106,40,Summer,101,Overstock
30,Product_030,Household,Supplier_6,8,402,76,27.62,23.61,5,16.2,1,1,1,177,58,Winter,78,Overstock
31,Product_031,Vegetables,Supplier_4,10,583,42,40.69,25.23,5,29.2,0,1,7,139,101,Rainy,52,Overstock
32,Product_032,Dairy,Supplier_13,4,413,26,9.53,7.77,10,27.7,1,1,10,258,148,Summer,33,Normal
33,Product_033,Household,Supplier_6,9,166,76,47.42,40.96,20,18.5,1,1,3,346,50,Summer,71,Overstock
34,Product_034,Vegetables,Supplier_3,9,271,43,7.58,4.77,0,38,0,1,1,111,103,Spring,39,Normal
35,Product_035,Fruits,Supplier_14,7,136,51,28.98,21.21,25,16.4,0,1,5,358,47,Rainy,52,Normal
36,Product_036,Frozen,Supplier_7,9,83,90,40.77,27.05,25,21.6,0,0,9,318,41,Summer,85,Normal
37,Product_037,Household,Supplier_8,3,167,2,1.23,1.1,20,30.3,1,0,1,133,93,Rainy,1,Normal
38,Product_038,Vegetables,Supplier_2,9,166,9,36.13,31.35,20,26.2,1,1,10,104,102,Rainy,16,Normal
39,Product_039,Fruits,Supplier_1,3,277,78,19.23,15.29,0,34.3,0,0,5,248,64,Rainy,74,Overstock
40,Product_040,Fruits,Supplier_3,2,552,10,34.28,22.46,20,30,1,1,5,25,111,Spring,8,Overstock
41,Product_041,Meat,Supplier_9,9,501,88,24.62,15.78,20,16,1,1,1,88,104,Summer,85,Overstock
42,Product_042,Household,Supplier_11,7,486,50,24.55,14.2,0,34.6,0,1,9,224,118,Winter,49,Overstock
43,Product_043,Frozen,Supplier_11,9,334,18,19.16,16.52,25,33.5,1,0,3,139,149,Spring,13,Normal
44,Product_044,Household,Supplier_14,1,214,50,10.62,7.95,0,17.9,0,1,8,248,101,Spring,56,Normal
45,Product_045,Grains,Supplier_3,2,503,44,27.76,23.49,5,19,0,1,2,241,105,Winter,51,Overstock
46,Product_046,Snacks,Supplier_6,3,85,100,22.52,17.93,10,38.7,1,0,7,330,136,Rainy,99,Low Stock
47,Product_047,Household,Supplier_11,3,402,19,43.54,28.7,0,23.2,0,1,4,157,143,Winter,22,Normal
48,Product_048,Snacks,Supplier_3,9,353,20,2.76,1.56,15,24.1,0,0,10,96,132,Summer,15,Normal
49,Product_049,Grains,Supplier_3,4,284,29,36.3,31.49,15,16.1,1,1,6,270,49,Winter,26,Overstock
50,Product_050,Grains,Supplier_14,1,351,8,42.51,33.13,25,21,0,0,8,198,62,Winter,14,Overstock
51,Product_051,Snacks,Supplier_14,5,591,21,21.34,16.6,15,17.8,1,0,6,99,129,Spring,33,Overstock
52,Product_052,Frozen,Supplier_13,10,304,64,33.09,18.3,20,36.4,1,0,1,228,85,Rainy,75,Overstock
53,Product_053,Vegetables,Supplier_1,2,173,82,29.01,23.26,0,30.1,0,1,9,298,89,Summer,88,Normal
54,Product_054,Meat,Supplier_15,2,305,67,13.77,9.8,5,31.9,0,0,10,245,129,Rainy,71,Normal
55,Product_055,Fruits,Supplier_1,6,437,16,17.04,12.79,25,32.3,0,1,2,193,106,Winter,25,Overstock
56,Product_056,Fruits,Supplier_6,6,266,84,1.91,1.66,10,28,0,0,2,86,103,Summer,83,Normal
57,Product_057,Snacks,Supplier_9,3,293,49,30.75,22.86,10,35.8,0,0,2,165,96,Spring,55,Overstock
58,Product_058,Snacks,Supplier_13,6,316,32,13.25,11.87,15,19.7,0,0,4,53,95,Winter,27,Overstock
59,Product_059,Snacks,Supplier_3,4,110,28,39.14,28.9,10,38,0,0,6,275,40,Spring,35,Normal
60,Product_060,Meat,Supplier_10,2,299,69,18.64,13.6,10,39.1,0,0,6,133,118,Summer,77,Normal
61,Product_061,Dairy,Supplier_3,6,323,33,29.25,24.82,20,19.8,0,0,5,284,52,Summer,32,Overstock
62,Product_062,Frozen,Supplier_5,5,38,68,10.89,7.58,5,18.5,0,1,9,249,94,Summer,78,Low Stock
63,Product_063,Meat,Supplier_15,2,295,49,38.99,25.85,5,27.3,1,1,1,50,139,Spring,46,Normal
64,Product_064,Frozen,Supplier_12,8,420,36,43.11,29.15,0,33.6,0,0,1,56,82,Spring,31,Overstock
65,Product_065,Snacks,Supplier_3,1,208,74,5.26,3.51,5,32.8,0,0,7,311,47,Rainy,79,Overstock
66,Product_066,Beverages,Supplier_11,6,357,81,9.46,5.46,10,18.8,0,0,1,110,62,Summer,88,Overstock
67,Product_067,Meat,Supplier_9,9,530,29,46.88,30.4,10,22.1,1,1,2,180,135,Summer,34,Overstock
68,Product_068,Bakery,Supplier_13,1,391,47,22.95,17.01,10,36.9,1,0,7,183,127,Summer,49,Overstock
69,Product_069,Vegetables,Supplier_4,1,333,22,39.04,22.69,5,23.1,1,0,2,322,63,Summer,17,Overstock
70,Product_070,Frozen,Supplier_11,10,357,100,38.44,32.45,10,34.7,1,1,2,291,94,Rainy,100,Overstock
71,Product_071,Frozen,Supplier_6,6,263,18,40.54,35.99,25,39.5,0,1,8,113,149,Winter,22,Normal
72,Product_072,Frozen,Supplier_12,5,289,85,31.2,17.42,5,17.6,1,1,8,66,123,Spring,97,Normal
73,Product_073,Beverages,Supplier_14,5,193,17,23.42,15.01,10,22.8,0,0,9,88,119,Winter,17,Normal
74,Product_074,Bakery,Supplier_6,4,53,1,26.11,18.77,10,31.7,0,1,7,347,145,Summer,11,Low Stock
75,Product_075,Meat,Supplier_2,2,209,1,17.06,10.96,10,25.7,0,0,6,73,102,Summer,12,Normal
76,Product_076,Snacks,Supplier_14,3,193,80,4.93,4.31,20,24.5,0,0,2,103,80,Rainy,76,Normal
77,Product_077,Meat,Supplier_12,10,210,31,33.36,26.48,25,28.4,1,1,8,109,49,Spring,43,Overstock
78,Product_078,Bakery,Supplier_3,7,200,35,7.64,5.13,0,17.6,1,1,2,226,62,Winter,43,Overstock
79,Product_079,Vegetables,Supplier_11,10,543,75,17.07,10.12,25,25.7,1,1,4,182,89,Spring,86,Overstock
80,Product_080,Snacks,Supplier_14,1,363,15,10.83,9.51,5,26.4,0,0,7,242,139,Spring,23,Normal
81,Product_081,Dairy,Supplier_10,9,73,12,30.3,25.69,10,28.7,0,0,8,105,53,Summer,13,Normal
82,Product_082,Meat,Supplier_1,4,348,94,37.47,29.35,10,38,0,1,2,71,58,Summer,106,Overstock
83,Product_083,Bakery,Supplier_3,1,453,56,25.47,20.22,10,17,1,1,9,356,72,Winter,59,Overstock
84,Product_084,Frozen,Supplier_11,2,543,23,43.75,34.49,15,16.8,0,1,1,201,63,Spring,27,Overstock
85,Product_085,Meat,Supplier_13,3,302,14,27.82,18.77,10,20.5,0,0,9,328,108,Rainy,22,Normal
86,Product_086,Meat,Supplier_12,6,496,35,12.07,10.11,5,38.1,0,1,10,145,90,Summer,33,Overstock
87,Product_087,Snacks,Supplier_4,10,75,27,25.48,17.15,25,22.9,0,0,8,237,142,Spring,26,Low Stock
88,Product_088,Beverages,Supplier_5,9,400,75,47.82,38.6,5,35,1,0,7,187,51,Summer,86,Overstock
89,Product_089,Household,Supplier_9,3,526,33,45.92,38.01,0,36.8,0,1,10,257,144,Spring,38,Overstock
90,Product_090,Dairy,Supplier_6,3,467,60,43.94,27.28,15,29.7,1,1,10,99,50,Rainy,65,Overstock
91,Product_091,Snacks,Supplier_2,4,489,57,4.25,3.77,10,36.7,0,1,4,161,121,Winter,67,Overstock
92,Product_092,Snacks,Supplier_2,5,591,79,17.43,13.76,25,31.5,1,0,1,360,47,Rainy,84,Overstock
93,Product_093,Meat,Supplier_10,7,239,25,41.24,30.14,5,30,1,0,1,338,138,Summer,35,Normal
94,Product_094,Grains,Supplier_3,8,430,37,46.87,40.14,10,16.9,1,0,7,59,65,Rainy,46,Overstock
95,Product_095,Grains,Supplier_11,2,38,11,9.18,6.07,20,29.3,1,1,3,54,82,Rainy,10,Low Stock
96,Product_096,Meat,Supplier_5,2,340,40,14.69,9.87,5,24.7,0,1,5,357,46,Spring,50,Overstock
97,Product_097,Meat,Supplier_15,8,437,3,2.69,1.89,25,39.4,0,1,2,279,111,Summer,1,Overstock
98,Product_098,Beverages,Supplier_5,2,282,13,40.36,34.65,20,25.5,1,0,7,187,57,Winter,18,Overstock
99,Product_099,Meat,Supplier_4,4,445,87,22.71,18.73,5,23.1,0,0,6,349,43,Summer,89,Overstock
100,Product_100,Vegetables,Supplier_5,9,235,63,10.2,6.66,15,32.2,1,1,4,363,129,Summer,59,Normal
101,Product_101,Vegetables,Supplier_1,6,49,89,6.86,5.78,20,22.1,0,0,1,109,149,Rainy,88,Low Stock
102,Product_102,Dairy,Supplier_10,7,532,22,34.02,26.88,10,34.4,0,1,5,244,117,Spring,22,Overstock
103,Product_103,Grains,Supplier_13,9,476,55,45.15,35.48,20,31.2,0,1,7,185,56,Rainy,66,Overstock
104,Product_104,Bakery,Supplier_11,3,547,42,23.05,14.58,20,19.9,1,1,9,233,134,Summer,37,Overstock
105,Product_105,Meat,Supplier_8,3,435,36,3.75,2.18,0,33.3,0,1,2,320,116,Winter,42,Overstock
106,Product_106,Dairy,Supplier_7,6,579,34,13.36,7.55,25,28.7,0,1,4,283,63,Rainy,39,Overstock
107,Product_107,Meat,Supplier_13,5,472,5,10.31,6.14,15,27.6,0,0,8,264,98,Winter,9,Overstock
108,Product_108,Beverages,Supplier_1,6,95,56,43.63,27.32,5,19.4,1,1,8,17,48,Winter,62,Normal
109,Product_109,Frozen,Supplier_6,9,472,93,43.9,32.54,20,20.3,0,1,5,190,126,Winter,98,Overstock
110,Product_110,Bakery,Supplier_15,4,249,67,42.33,37.23,20,26,1,1,6,139,55,Rainy,62,Overstock
111,Product_111,Household,Supplier_15,8,379,21,44.77,36.63,25,34.7,0,1,6,104,76,Spring,22,Overstock
112,Product_112,Fruits,Supplier_5,4,433,94,13.02,9.03,10,37.2,1,0,1,164,142,Summer,92,Overstock
113,Product_113,Vegetables,Supplier_1,2,309,7,44.66,32.13,10,24.8,1,0,10,266,108,Spring,5,Normal
114,Product_114,Household,Supplier_15,1,63,63,8.05,7,5,33.8,1,1,8,119,120,Winter,72,Low Stock
115,Product_115,Grains,Supplier_6,4,99,72,9.84,8.18,20,34,0,1,2,43,109,Spring,76,Low Stock
116,Product_116,Snacks,Supplier_10,1,597,58,20.51,14.74,25,39.9,1,0,5,260,72,Spring,63,Overstock
117,Product_117,Household,Supplier_1,10,548,35,2.49,1.59,0,30.5,1,0,3,72,114,Summer,37,Overstock
118,Product_118,Household,Supplier_5,4,284,98,3.98,2.36,25,19,1,0,3,160,118,Winter,94,Normal
119,Product_119,Bakery,Supplier_6,1,582,24,24.51,16.09,25,20.1,0,1,3,13,89,Winter,27,Overstock
120,Product_120,Frozen,Supplier_12,4,80,51,7.85,5.03,0,36.3,0,1,6,338,96,Rainy,47,Low Stock
121,Product_121,Frozen,Supplier_8,1,543,100,42.8,36.54,10,36.9,0,0,4,291,90,Rainy,100,Overstock
122,Product_122,Beverages,Supplier_1,2,522,41,41.71,32.05,5,39.3,1,0,3,217,84,Rainy,36,Overstock
123,Product_123,Frozen,Supplier_6,9,402,47,21.63,19.23,0,17.2,0,1,3,364,47,Summer,55,Overstock
124,Product_124,Household,Supplier_12,4,266,50,6.05,4.71,10,15.9,1,0,3,41,74,Summer,50,Overstock
125,Product_125,Bakery,Supplier_15,5,120,82,10.79,6.05,15,29.8,1,0,5,212,141,Summer,82,Low Stock
126,Product_126,Bakery,Supplier_5,8,345,24,30.72,20.58,20,21.9,1,0,9,157,40,Winter,23,Overstock
127,Product_127,Household,Supplier_11,2,553,51,34.96,26.57,25,31.6,0,1,6,195,112,Spring,48,Overstock
128,Product_128,Beverages,Supplier_3,4,388,77,16.2,9.33,10,20.7,1,0,8,177,73,Summer,83,Overstock
129,Product_129,Meat,Supplier_8,9,180,15,28.16,21.51,10,22.3,1,0,8,91,58,Winter,22,Overstock
130,Product_130,Grains,Supplier_1,4,36,40,14.15,9.4,10,24.9,0,1,2,107,104,Summer,47,Low Stock
131,Product_131,Fruits,Supplier_9,6,451,95,45.6,34.88,15,32.6,0,1,8,207,136,Winter,107,Overstock
132,Product_132,Bakery,Supplier_8,7,203,15,27.73,15.84,25,16.8,1,0,4,45,114,Spring,14,Normal
133,Product_133,Beverages,Supplier_8,10,402,39,9.25,5.54,25,37.4,0,0,1,56,92,Winter,45,Overstock
134,Product_134,Frozen,Supplier_2,10,312,91,37.14,28.01,10,24.5,0,1,9,199,74,Winter,93,Overstock
135,Product_135,Dairy,Supplier_1,8,123,18,23.79,16.51,15,33.4,1,0,10,270,74,Rainy,23,Normal
136,Product_136,Grains,Supplier_5,9,404,97,14.84,13.2,5,23.2,0,1,5,146,146,Spring,92,Normal
137,Product_137,Vegetables,Supplier_6,1,480,54,27.52,21.75,15,39.9,1,0,1,334,141,Rainy,54,Overstock
138,Product_138,Snacks,Supplier_8,8,230,52,20.49,18.32,25,24.9,1,1,1,176,146,Spring,64,Normal
139,Product_139,Frozen,Supplier_3,7,539,88,29.11,25.33,20,24.4,0,0,8,4,67,Winter,88,Overstock
140,Product_140,Fruits,Supplier_9,10,594,82,1.34,0.9,25,35.3,1,0,8,207,73,Rainy,91,Overstock
141,Product_141,Beverages,Supplier_10,5,505,36,10.08,9.03,25,39.8,1,1,5,305,98,Summer,32,Overstock
142,Product_142,Meat,Supplier_9,9,338,9,4.17,3.59,0,30.7,1,1,1,17,70,Summer,10,Overstock
143,Product_143,Snacks,Supplier_6,6,452,47,19.61,14.87,10,30.6,0,1,10,95,62,Winter,50,Overstock
144,Product_144,Fruits,Supplier_3,6,459,97,19.39,12.35,10,19,1,1,7,186,72,Spring,103,Overstock
145,Product_145,Meat,Supplier_2,5,468,60,10.53,5.94,10,37.5,1,0,5,74,43,Summer,71,Overstock
146,Product_146,Meat,Supplier_1,7,136,58,21.81,19.17,25,36.3,0,0,8,178,126,Summer,68,Normal
147,Product_147,Meat,Supplier_2,2,474,53,32.8,20.46,5,25.6,0,0,8,330,64,Winter,49,Overstock
148,Product_148,Frozen,Supplier_5,1,240,81,7.09,5.96,20,20.1,1,0,7,181,106,Summer,76,Normal
149,Product_149,Vegetables,Supplier_13,1,164,7,37.49,23.58,25,24.6,1,1,6,322,67,Summer,12,Normal
150,Product_150,Grains,Supplier_9,3,242,75,38.18,34.22,10,34,0,1,9,350,50,Spring,74,Overstock
151,Product_151,Bakery,Supplier_12,7,538,12,14.39,10.02,0,15.7,0,0,2,200,96,Spring,18,Overstock
152,Product_152,Grains,Supplier_5,3,337,90,37.24,21.34,15,30.3,0,1,4,48,73,Spring,88,Overstock
153,Product_153,Household,Supplier_4,2,371,86,16.78,11.08,0,28.7,0,1,2,261,121,Spring,85,Overstock
154,Product_154,Bakery,Supplier_5,10,477,46,46.16,37.81,15,37,0,0,7,151,72,Rainy,49,Overstock
155,Product_155,Frozen,Supplier_14,10,221,28,32.8,19.77,5,27.1,0,1,4,30,72,Summer,36,Overstock
156,Product_156,Dairy,Supplier_8,1,80,35,27.49,19.95,15,17.4,1,0,7,187,120,Winter,42,Low Stock
157,Product_157,Household,Supplier_7,5,289,46,39.98,26.45,25,27,0,1,1,220,133,Spring,52,Normal
158,Product_158,Household,Supplier_8,1,297,97,5.4,3.08,10,36.1,0,1,7,56,94,Winter,92,Overstock
159,Product_159,Beverages,Supplier_11,9,574,52,2.27,1.29,0,30.1,1,0,7,91,137,Rainy,64,Overstock
160,Product_160,Meat,Supplier_11,8,463,5,1.62,1.03,10,18.2,1,1,1,52,120,Rainy,10,Overstock
161,Product_161,Meat,Supplier_9,2,203,49,34.15,19.32,15,17.8,1,0,2,299,102,Spring,57,Normal
162,Product_162,Grains,Supplier_11,1,411,96,15.78,13.37,10,27.4,0,0,3,352,52,Spring,92,Overstock
163,Product_163,Beverages,Supplier_13,8,318,46,1.72,0.98,10,26.5,0,1,1,119,73,Rainy,46,Overstock
164,Product_164,Household,Supplier_11,3,263,88,26.92,20.27,20,24.2,0,1,7,66,58,Summer,87,Overstock
165,Product_165,Frozen,Supplier_2,1,333,49,15,11,25,24.5,0,1,5,341,127,Winter,46,Normal
166,Product_166,Dairy,Supplier_9,5,424,54,30.29,26.58,15,24.5,0,0,3,271,91,Rainy,57,Overstock
167,Product_167,Grains,Supplier_9,2,158,15,34.7,23.27,15,23.5,1,1,8,191,51,Summer,22,Overstock
168,Product_168,Meat,Supplier_6,2,77,36,37.89,33.31,20,25.3,0,0,10,334,125,Rainy,34,Low Stock
169,Product_169,Vegetables,Supplier_7,5,519,67,26.59,20.14,5,34,0,1,3,334,47,Summer,75,Overstock
170,Product_170,Grains,Supplier_1,3,391,5,11.52,6.57,15,24.3,1,1,9,39,103,Rainy,16,Overstock
171,Product_171,Meat,Supplier_6,4,587,42,19.59,14.56,0,29.7,0,1,7,228,107,Spring,49,Overstock
172,Product_172,Dairy,Supplier_6,1,323,57,7.43,4.73,25,20.8,1,0,1,55,72,Spring,68,Overstock
173,Product_173,Grains,Supplier_13,2,380,9,12.57,8.38,15,22.6,0,0,1,329,43,Spring,16,Overstock
174,Product_174,Vegetables,Supplier_5,6,317,49,36.07,24.07,20,33.6,0,0,10,119,63,Rainy,50,Overstock
175,Product_175,Meat,Supplier_4,3,394,65,33.74,23.3,5,19.7,0,1,3,216,112,Rainy,63,Overstock
176,Product_176,Bakery,Supplier_13,1,149,79,45.36,31.27,10,24.9,1,1,2,69,108,Winter,79,Normal
177,Product_177,Household,Supplier_11,9,450,28,33.33,25.86,0,39.8,0,0,8,28,112,Summer,38,Overstock
178,Product_178,Snacks,Supplier_8,1,57,88,2.96,1.86,15,36.7,0,0,5,338,134,Summer,89,Low Stock
179,Product_179,Dairy,Supplier_1,7,293,81,36.39,21.59,5,25.8,0,1,4,340,42,Summer,93,Overstock
180,Product_180,Snacks,Supplier_14,9,203,44,3.32,1.84,20,30.9,0,0,8,215,62,Spring,46,Overstock
181,Product_181,Snacks,Supplier_12,9,486,9,25.44,19.58,25,32.4,1,0,1,248,102,Winter,15,Overstock
182,Product_182,Meat,Supplier_1,1,141,70,23.47,15.12,25,26.8,1,1,1,32,116,Spring,80,Normal
183,Product_183,Meat,Supplier_5,4,163,91,12.76,7.38,0,27.1,1,1,2,287,77,Spring,95,Normal
184,Product_184,Bakery,Supplier_8,6,88,19,20.81,11.95,10,38.9,1,0,2,361,136,Winter,20,Low Stock
185,Product_185,Bakery,Supplier_13,3,325,89,30.02,20.23,15,20.4,0,1,8,335,47,Spring,90,Overstock
186,Product_186,Vegetables,Supplier_4,2,190,15,31.22,21.7,20,34.7,0,0,8,218,116,Winter,19,Normal
187,Product_187,Grains,Supplier_7,9,54,17,6.4,4.33,15,31.1,0,1,1,221,111,Rainy,16,Low Stock
188,Product_188,Meat,Supplier_1,10,550,53,21.05,12.12,10,29.7,0,0,2,17,46,Spring,55,Overstock
189,Product_189,Grains,Supplier_6,6,356,72,11.53,9.02,10,38.2,1,1,5,175,66,Rainy,84,Overstock
190,Product_190,Dairy,Supplier_13,7,252,22,10.4,9.13,5,39.7,0,1,4,213,113,Summer,34,Normal
191,Product_191,Dairy,Supplier_7,8,414,62,30.43,25.8,20,17.8,0,0,9,240,41,Rainy,71,Overstock
192,Product_192,Frozen,Supplier_4,6,315,56,32.84,20.74,15,32.5,0,1,9,329,67,Spring,58,Overstock
193,Product_193,Bakery,Supplier_5,5,294,91,46.99,38.48,0,30,0,1,9,56,67,Winter,89,Overstock
194,Product_194,Dairy,Supplier_3,9,331,19,5.75,4.57,10,31.8,1,0,8,79,138,Rainy,22,Normal
195,Product_195,Vegetables,Supplier_6,7,310,36,34,27.26,15,22.1,1,1,6,78,135,Rainy,35,Normal
196,Product_196,Fruits,Supplier_11,4,33,46,22.89,14.4,0,19.5,0,0,7,305,117,Rainy,52,Low Stock
197,Product_197,Household,Supplier_12,6,417,15,14.29,12.08,15,24.6,0,0,3,178,88,Rainy,22,Overstock
198,Product_198,Beverages,Supplier_8,6,105,86,25.87,21.11,15,28.4,0,0,2,279,109,Rainy,90,Low Stock
199,Product_199,Grains,Supplier_6,4,463,68,23.56,19.37,10,28,0,1,4,28,81,Rainy,63,Overstock
200,Product_200,Fruits,Supplier_15,8,100,100,31.55,19.27,10,30.9,1,1,3,43,105,Summer,99,Low Stock
1,Product_001,Meat,Supplier_6,4,51,80,1.67,0.97,15,20.6,1,0,2,8,67,Winter,84,Low Stock
2,Product_002,Snacks,Supplier_14,4,182,39,49.72,32.7,0,15.4,0,0,4,265,57,Rainy,47,Overstock
3,Product_003,Frozen,Supplier_5,3,414,74,49.81,28.7,0,21.3,0,1,1,245,99,Rainy,82,Overstock
4,Product_004,Meat,Supplier_3,3,393,53,13.03,8.18,25,30.3,1,0,1,268,63,Summer,57,Overstock
5,Product_005,Meat,Supplier_4,1,480,39,26.06,17.08,25,23,1,1,5,222,64,Summer,38,Overstock
6,Product_006,Vegetables,Supplier_14,10,290,92,7.46,4.8,10,22.1,1,1,3,228,51,Spring,98,Overstock
7,Product_007,Household,Supplier_11,8,221,1,34.5,20.13,10,26.8,0,0,6,349,133,Winter,6,Normal
8,Product_008,Frozen,Supplier_7,5,46,4,29.64,19.55,20,22.1,1,1,6,330,105,Rainy,13,Low Stock
9,Product_009,Fruits,Supplier_14,6,594,76,20.95,12.15,15,16.2,1,0,8,119,101,Spring,76,Overstock
10,Product_010,Frozen,Supplier_1,4,164,35,13.32,8.6,15,38.3,0,1,4,295,121,Spring,34,Normal
11,Product_011,Vegetables,Supplier_2,8,114,37,48.43,40.22,5,36.9,1,0,6,4,56,Rainy,47,Normal
12,Product_012,Fruits,Supplier_2,4,595,68,24.63,16.89,20,22.9,0,0,4,343,98,Winter,64,Overstock
13,Product_013,Grains,Supplier_6,10,249,25,44.34,33.47,15,34.2,1,1,8,204,54,Rainy,21,Overstock
14,Product_014,Grains,Supplier_15,4,456,20,39.61,35.08,0,19.9,0,0,6,11,51,Rainy,16,Overstock
15,Product_015,Bakery,Supplier_4,9,389,76,26.6,14.91,20,32.9,1,0,10,214,110,Summer,84,Overstock
16,Product_016,Grains,Supplier_1,2,599,42,8.51,7.21,10,20.7,1,0,3,283,43,Rainy,41,Overstock
17,Product_017,Vegetables,Supplier_8,10,204,20,13.26,9.28,20,31.5,1,0,8,58,76,Rainy,18,Normal
18,Product_018,Beverages,Supplier_8,10,593,38,32.12,24.19,10,31.8,1,0,4,289,60,Spring,40,Overstock
19,Product_019,Bakery,Supplier_5,1,282,8,39,22.08,0,33.8,1,1,7,299,56,Winter,17,Overstock
20,Product_020,Dairy,Supplier_12,10,362,72,43.02,27.79,25,20.1,1,0,10,182,122,Rainy,67,Normal
21,Product_021,Bakery,Supplier_14,6,518,22,12.79,10.48,15,38.2,0,1,9,233,84,Winter,21,Overstock
22,Product_022,Beverages,Supplier_7,10,449,32,4.71,2.65,20,19.3,1,0,5,176,97,Spring,35,Overstock
23,Product_023,Bakery,Supplier_5,4,320,45,32.85,23.06,25,20.3,1,0,2,330,88,Spring,42,Overstock
24,Product_024,Household,Supplier_1,4,582,1,42.85,26.58,0,17.8,1,0,9,132,92,Spring,1,Overstock
25,Product_025,Vegetables,Supplier_1,4,347,1,35.04,27.62,20,34.9,1,0,6,37,135,Rainy,12,Normal
26,Product_026,Vegetables,Supplier_2,2,508,37,21.72,16.41,25,32.7,0,1,2,240,145,Winter,33,Overstock
27,Product_027,Fruits,Supplier_9,10,432,31,9.47,8.35,15,27.3,0,1,3,347,114,Summer,27,Overstock
28,Product_028,Meat,Supplier_2,7,580,100,9.7,7.06,5,18.2,1,1,8,270,72,Rainy,97,Overstock
29,Product_029,Snacks,Supplier_12,2,112,27,21.44,16.43,15,30.1,1,1,2,318,145,Rainy,22,Low Stock
30,Product_030,Household,Supplier_2,7,452,75,33.7,25.26,5,39.8,1,1,6,93,129,Rainy,79,Overstock
31,Product_031,Vegetables,Supplier_6,8,179,93,12.65,7.61,10,38.7,1,1,8,175,86,Rainy,100,Normal
32,Product_032,Dairy,Supplier_2,4,377,89,25.64,21.61,15,38.8,0,1,7,66,94,Spring,99,Overstock
33,Product_033,Household,Supplier_7,1,63,45,26.97,21.27,5,31.3,1,1,5,71,145,Rainy,43,Low Stock
34,Product_034,Vegetables,Supplier_10,3,91,96,6.91,4.33,0,35.2,1,1,5,43,102,Rainy,98,Low Stock
35,Product_035,Fruits,Supplier_6,6,247,12,7.6,6.63,25,39.1,1,0,6,335,74,Rainy,9,Overstock
36,Product_036,Frozen,Supplier_4,3,155,56,23.8,19.64,10,33.7,1,0,3,216,140,Rainy,54,Normal
37,Product_037,Household,Supplier_1,1,429,39,31.99,28.41,0,21,0,0,1,23,128,Summer,51,Overstock
38,Product_038,Vegetables,Supplier_15,9,469,57,15.6,11.73,15,22.4,1,1,4,102,50,Rainy,57,Overstock
39,Product_039,Fruits,Supplier_3,4,133,61,43.99,37.53,15,25.5,0,0,1,349,106,Summer,69,Normal
40,Product_040,Fruits,Supplier_14,1,402,63,4.54,2.88,25,29,1,1,10,12,111,Summer,68,Overstock
41,Product_041,Meat,Supplier_15,5,529,11,18.81,16.6,0,27.3,0,0,2,248,106,Winter,14,Overstock
42,Product_042,Household,Supplier_3,6,465,51,42.26,25.14,15,16.6,0,1,7,197,118,Summer,48,Overstock
43,Product_043,Frozen,Supplier_14,3,282,98,46.14,35,20,37.1,1,0,8,285,129,Spring,104,Normal
44,Product_044,Household,Supplier_10,3,573,15,7.41,4.62,5,30,1,1,2,181,42,Spring,20,Overstock
45,Product_045,Grains,Supplier_1,6,389,57,30.49,20.72,0,38.5,0,0,8,308,64,Rainy,67,Overstock
46,Product_046,Snacks,Supplier_6,1,318,54,49.31,39,20,39.6,0,1,1,14,85,Winter,56,Overstock
47,Product_047,Household,Supplier_3,5,318,71,31.46,21.06,0,15.9,0,1,6,114,138,Summer,73,Normal
48,Product_048,Snacks,Supplier_13,9,495,48,43.66,27.3,25,28.9,1,1,8,226,78,Spring,52,Overstock
49,Product_049,Grains,Supplier_12,10,187,69,4.2,2.96,10,24.3,1,0,4,235,120,Spring,76,Normal
50,Product_050,Grains,Supplier_2,3,489,14,2.48,1.58,5,24.6,0,0,4,289,87,Winter,23,Overstock
51,Product_051,Snacks,Supplier_5,8,190,68,32.65,26.55,10,38.4,0,1,7,96,132,Winter,70,Normal
52,Product_052,Frozen,Supplier_10,7,383,86,3.88,2.66,5,29.6,1,0,6,82,111,Winter,87,Overstock
53,Product_053,Vegetables,Supplier_2,5,503,19,28.99,18.99,0,24.1,0,0,7,35,44,Rainy,23,Overstock
54,Product_054,Meat,Supplier_15,9,456,82,33.21,26.73,20,24.6,0,0,9,145,103,Winter,94,Overstock
55,Product_055,Fruits,Supplier_13,8,243,98,14.32,9.34,25,17.1,1,0,6,231,86,Spring,101,Normal
56,Product_056,Fruits,Supplier_4,8,512,4,40.93,32.86,20,26,0,0,1,254,137,Summer,14,Overstock
57,Product_057,Snacks,Supplier_13,4,547,21,2.92,1.75,5,35.6,1,0,3,150,84,Winter,25,Overstock
58,Product_058,Snacks,Supplier_13,1,33,44,12.34,9.14,0,22.1,0,0,8,91,84,Winter,39,Low Stock
59,Product_059,Snacks,Supplier_3,5,486,39,46.45,41.49,5,16.6,0,1,3,198,83,Spring,48,Overstock
60,Product_060,Meat,Supplier_8,1,46,43,14.19,11.2,5,18.9,0,0,5,159,69,Rainy,54,Low Stock
61,Product_061,Dairy,Supplier_6,10,585,69,32.73,18.39,20,38.5,1,0,7,272,111,Winter,69,Overstock
62,Product_062,Frozen,Supplier_11,7,439,29,36.14,20.48,20,19.6,1,0,10,341,98,Summer,28,Overstock
63,Product_063,Meat,Supplier_8,6,238,20,30.64,27.22,25,25.2,0,0,5,22,132,Winter,17,Normal
64,Product_064,Frozen,Supplier_8,4,100,57,12.06,8.74,10,19.3,1,0,5,256,55,Summer,67,Normal
65,Product_065,Snacks,Supplier_3,1,448,68,23.97,20.71,0,30.9,0,1,1,356,73,Spring,65,Overstock
66,Product_066,Beverages,Supplier_15,6,424,21,9.96,8.68,5,29.1,1,0,4,335,145,Spring,23,Normal
67,Product_067,Meat,Supplier_8,1,95,68,29.68,18.6,10,21.7,0,0,9,89,66,Summer,64,Normal
68,Product_068,Bakery,Supplier_5,3,345,36,37.56,25.24,25,33.7,1,1,4,70,146,Winter,38,Normal
69,Product_069,Vegetables,Supplier_15,6,190,28,37.38,32.88,10,40,1,0,1,29,128,Rainy,34,Normal
70,Product_070,Frozen,Supplier_5,2,237,77,12.29,7.55,25,30.8,1,0,5,7,71,Summer,81,Overstock
71,Product_071,Frozen,Supplier_9,1,452,19,30.75,18.78,10,16.9,0,0,9,9,128,Spring,20,Overstock
72,Product_072,Frozen,Supplier_4,7,360,63,44.91,37.44,15,22.3,1,0,5,28,80,Spring,62,Overstock
73,Product_073,Beverages,Supplier_13,2,96,73,34.61,22.27,10,38.8,1,1,8,280,87,Spring,72,Normal
74,Product_074,Bakery,Supplier_12,3,250,50,41.55,34.21,15,21.5,1,1,9,195,73,Winter,55,Overstock
75,Product_075,Meat,Supplier_8,5,382,56,48.1,34.52,15,27.7,1,1,5,208,102,Summer,53,Overstock
76,Product_076,Snacks,Supplier_5,6,511,84,16.7,14.49,10,17.1,1,0,1,186,45,Winter,84,Overstock
77,Product_077,Meat,Supplier_14,4,46,71,25.95,14.53,15,29.3,1,0,4,29,149,Spring,70,Low Stock
78,Product_078,Bakery,Supplier_5,5,398,82,17.63,14.25,20,19.1,0,1,8,98,138,Winter,84,Normal
79,Product_079,Vegetables,Supplier_1,6,234,10,2.95,1.74,15,39,1,0,4,181,125,Summer,5,Normal
80,Product_080,Snacks,Supplier_10,4,527,50,35.36,23.6,15,17.4,1,1,1,346,99,Spring,59,Overstock
81,Product_081,Dairy,Supplier_3,9,414,73,34.39,20.69,15,37.5,0,1,1,352,48,Rainy,73,Overstock
82,Product_082,Meat,Supplier_8,8,375,69,8.04,5.76,25,36.8,1,1,7,81,107,Summer,70,Overstock
83,Product_083,Bakery,Supplier_5,6,51,99,45.23,39.73,20,20,1,0,7,272,60,Summer,105,Low Stock
84,Product_084,Frozen,Supplier_7,7,154,16,23,20.17,15,18.1,1,1,5,334,117,Spring,20,Normal
85,Product_085,Meat,Supplier_12,9,372,30,18.39,14.55,5,33.7,1,1,7,350,62,Spring,38,Overstock
86,Product_086,Meat,Supplier_4,6,99,23,49.89,42.18,15,25.6,1,0,1,73,150,Rainy,19,Low Stock
87,Product_087,Snacks,Supplier_6,5,571,14,47.65,41.35,10,32.4,0,1,9,6,67,Summer,13,Overstock
88,Product_088,Beverages,Supplier_4,1,180,60,34.64,30.81,20,29,1,1,4,196,89,Spring,57,Normal
89,Product_089,Household,Supplier_3,9,193,73,32.96,28.46,25,32.5,1,0,9,191,64,Summer,82,Overstock
90,Product_090,Dairy,Supplier_15,7,563,45,37.53,20.76,25,25.4,1,1,7,269,109,Winter,41,Overstock
91,Product_091,Snacks,Supplier_5,8,441,27,19.1,13.23,0,31.2,0,0,10,187,73,Spring,24,Overstock
92,Product_092,Snacks,Supplier_12,3,486,44,6.55,4.17,20,17.9,1,0,2,27,101,Summer,44,Overstock
93,Product_093,Meat,Supplier_10,3,444,10,5.81,4.13,10,15.8,1,1,8,10,142,Spring,6,Overstock
94,Product_094,Grains,Supplier_9,1,398,37,5.86,3.44,0,24.2,0,1,10,257,71,Rainy,46,Overstock
95,Product_095,Grains,Supplier_7,6,394,76,44.21,30.07,10,33.9,1,1,9,259,55,Winter,80,Overstock
96,Product_096,Meat,Supplier_1,4,599,98,39.85,24.45,0,25.9,0,0,1,231,48,Rainy,103,Overstock
97,Product_097,Meat,Supplier_12,7,215,56,5.07,4.46,0,36.4,0,0,8,360,56,Winter,66,Overstock
98,Product_098,Beverages,Supplier_1,9,180,49,5.89,4.95,5,17.8,0,1,4,241,48,Summer,52,Overstock
99,Product_099,Meat,Supplier_12,10,54,61,3.31,2.7,25,15.3,0,1,2,254,147,Rainy,64,Low Stock
100,Product_100,Vegetables,Supplier_7,4,533,56,44.05,39.06,25,33.6,1,0,10,351,86,Spring,56,Overstock
101,Product_101,Vegetables,Supplier_2,10,54,80,15.93,10.85,10,35.7,0,0,3,290,89,Winter,91,Low Stock
102,Product_102,Dairy,Supplier_6,10,322,99,16.52,11.19,15,27.5,1,1,2,51,45,Winter,100,Overstock
103,Product_103,Grains,Supplier_15,8,406,5,3.19,2.01,20,20.6,1,1,6,3,146,Rainy,3,Normal
104,Product_104,Bakery,Supplier_10,7,298,13,49.66,44.49,25,34.1,0,0,2,115,145,Winter,14,Normal
105,Product_105,Meat,Supplier_5,7,237,84,42.5,38.03,20,38.1,1,1,1,335,109,Summer,88,Normal
106,Product_106,Dairy,Supplier_1,6,384,91,26.96,21.82,10,33.8,0,0,6,215,123,Summer,98,Overstock
107,Product_107,Meat,Supplier_13,2,38,19,16.42,14.52,25,22.3,1,0,6,64,94,Rainy,17,Low Stock
108,Product_108,Beverages,Supplier_8,9,222,75,8.83,5.77,20,36.2,0,0,6,216,72,Spring,86,Overstock
109,Product_109,Frozen,Supplier_15,8,488,74,31.62,21.51,15,33.8,1,1,1,235,92,Winter,83,Overstock
110,Product_110,Bakery,Supplier_10,1,544,84,34.63,20.25,0,36.6,1,1,2,99,81,Rainy,96,Overstock
111,Product_111,Household,Supplier_4,9,403,82,13.89,8.54,10,16.5,0,0,2,292,45,Summer,85,Overstock
112,Product_112,Fruits,Supplier_11,3,502,54,37.91,28.33,0,38.9,0,0,4,189,112,Rainy,54,Overstock
113,Product_113,Vegetables,Supplier_9,2,233,33,34.06,27.34,20,19.4,0,0,1,301,109,Spring,45,Normal
114,Product_114,Household,Supplier_10,6,550,32,19.04,14.14,25,35,0,1,3,167,47,Spring,35,Overstock
115,Product_115,Grains,Supplier_7,1,452,81,27.25,18.04,10,36.4,0,0,4,330,146,Summer,78,Overstock
116,Product_116,Snacks,Supplier_4,8,444,100,36.68,21.11,20,20.4,1,1,4,261,104,Summer,104,Overstock
117,Product_117,Household,Supplier_3,5,105,90,34.76,21.35,25,22.8,1,0,1,134,70,Spring,88,Normal
118,Product_118,Household,Supplier_14,8,473,93,6.35,4.53,25,32.8,1,1,10,124,41,Rainy,104,Overstock
119,Product_119,Bakery,Supplier_9,2,540,17,41.04,26.16,0,16.6,0,0,9,208,117,Spring,16,Overstock
120,Product_120,Frozen,Supplier_10,2,228,84,15.85,9.2,15,35.8,0,0,2,104,121,Summer,79,Normal
121,Product_121,Frozen,Supplier_2,9,350,32,30.46,27.19,25,34.2,1,1,2,333,72,Rainy,32,Overstock
122,Product_122,Beverages,Supplier_5,3,427,54,7.26,5.16,25,35.6,0,1,6,223,126,Rainy,61,Overstock
123,Product_123,Frozen,Supplier_15,3,61,96,8.16,4.91,0,20.3,1,0,9,184,115,Rainy,95,Low Stock
124,Product_124,Household,Supplier_13,8,501,34,42.96,30.82,10,23.6,1,1,3,108,82,Summer,34,Overstock
125,Product_125,Bakery,Supplier_10,9,212,75,44.44,33.05,5,31.5,0,0,1,9,49,Rainy,71,Overstock
126,Product_126,Bakery,Supplier_10,2,536,72,18.99,13.68,15,15.9,1,1,3,262,81,Winter,79,Overstock
127,Product_127,Household,Supplier_4,4,572,52,2.27,2.04,0,16.4,0,0,8,106,137,Winter,60,Overstock
128,Product_128,Beverages,Supplier_11,8,220,34,35.82,20.86,25,22.2,1,1,4,176,67,Summer,30,Overstock
129,Product_129,Meat,Supplier_11,7,57,27,6.46,4.51,25,30.7,1,0,9,329,135,Spring,34,Low Stock
130,Product_130,Grains,Supplier_15,9,537,94,49.35,42.83,0,32.9,1,0,9,60,106,Summer,105,Overstock
131,Product_131,Fruits,Supplier_7,7,271,89,3.66,2.08,15,15.3,0,1,3,230,141,Summer,86,Normal
132,Product_132,Bakery,Supplier_4,4,521,87,37.87,28.9,5,21.9,1,1,2,188,83,Spring,86,Overstock
133,Product_133,Beverages,Supplier_9,6,482,41,11.98,7.51,10,33.9,0,0,4,231,145,Winter,37,Overstock
134,Product_134,Frozen,Supplier_2,8,573,2,48.19,29.66,0,21.8,1,0,7,83,91,Rainy,5,Overstock
135,Product_135,Dairy,Supplier_6,4,283,82,44.21,33.41,10,16.1,1,0,9,293,109,Winter,90,Normal
136,Product_136,Grains,Supplier_6,7,461,65,45.66,39.26,10,31,0,0,9,80,41,Rainy,70,Overstock
137,Product_137,Vegetables,Supplier_14,6,102,81,34.93,22.6,10,20.1,0,0,1,358,52,Summer,89,Normal
138,Product_138,Snacks,Supplier_14,3,234,33,33.76,18.81,10,31.7,0,0,1,3,74,Spring,44,Overstock
139,Product_139,Frozen,Supplier_3,10,73,58,1.83,1.06,10,30.3,0,0,2,356,123,Spring,67,Low Stock
140,Product_140,Fruits,Supplier_12,8,564,49,42.29,33.59,0,18,0,1,3,230,144,Winter,56,Overstock
141,Product_141,Beverages,Supplier_13,8,82,9,23.79,18.7,5,22.2,1,1,3,360,103,Summer,16,Low Stock
142,Product_142,Meat,Supplier_15,7,223,18,25.8,14.44,5,33.6,0,1,1,235,128,Spring,17,Normal
143,Product_143,Snacks,Supplier_14,7,598,45,41.14,28.81,15,19.8,0,0,6,68,114,Summer,41,Overstock
144,Product_144,Fruits,Supplier_4,4,327,80,38.17,28.65,15,37.7,1,0,9,41,125,Rainy,87,Normal
145,Product_145,Meat,Supplier_1,6,70,85,37.12,31.92,0,26.9,0,0,1,32,150,Spring,89,Low Stock
146,Product_146,Meat,Supplier_11,7,279,65,13.11,9.63,5,38.1,1,0,5,264,95,Spring,76,Normal
147,Product_147,Meat,Supplier_15,7,174,46,16.14,13.09,15,26,0,0,4,100,98,Spring,43,Normal
148,Product_148,Frozen,Supplier_14,5,532,22,16.39,12.63,15,31.4,0,1,4,236,146,Winter,25,Overstock
149,Product_149,Vegetables,Supplier_14,9,190,31,24.64,18.81,10,23.2,1,0,8,227,52,Winter,27,Overstock
150,Product_150,Grains,Supplier_1,10,377,27,44.22,37.57,25,19.9,1,1,7,275,124,Winter,29,Overstock
151,Product_151,Bakery,Supplier_14,4,82,84,47.09,29.9,0,34.5,0,1,9,74,90,Rainy,83,Low Stock
152,Product_152,Grains,Supplier_12,6,338,23,11.8,9.66,15,32.1,1,0,4,204,74,Rainy,29,Overstock
153,Product_153,Household,Supplier_11,6,59,61,25.58,16.32,20,17.5,0,0,7,248,126,Summer,68,Low Stock
154,Product_154,Bakery,Supplier_3,10,570,71,4.04,2.51,15,19.3,1,1,5,314,55,Spring,82,Overstock
155,Product_155,Frozen,Supplier_13,3,303,78,43.97,28.36,15,26.5,1,0,1,183,50,Summer,89,Overstock
156,Product_156,Dairy,Supplier_11,6,35,35,24.91,18.46,0,32.7,1,1,4,118,118,Rainy,43,Low Stock
157,Product_157,Household,Supplier_9,4,331,26,49.12,32.2,20,31.6,1,0,7,150,121,Spring,26,Normal
158,Product_158,Household,Supplier_6,5,362,5,11.42,6.4,10,36.3,1,0,10,106,103,Winter,14,Overstock
159,Product_159,Beverages,Supplier_2,5,149,61,32.34,22.74,15,28.3,1,1,10,110,148,Spring,66,Normal
160,Product_160,Meat,Supplier_7,10,468,49,38.56,30.72,20,20.3,0,0,8,127,131,Winter,58,Overstock
161,Product_161,Meat,Supplier_4,7,51,25,2.5,1.89,10,25.6,1,0,2,338,53,Spring,26,Low Stock
162,Product_162,Grains,Supplier_11,5,76,81,37.31,26.25,15,16.9,0,1,6,123,62,Summer,77,Normal
163,Product_163,Beverages,Supplier_1,2,388,15,3.95,3.16,0,39,0,0,6,43,73,Spring,18,Overstock
164,Product_164,Household,Supplier_8,2,105,57,15.62,9.71,0,18.4,0,1,1,27,97,Spring,62,Normal
165,Product_165,Frozen,Supplier_2,7,507,91,7.18,4.89,20,19.9,0,0,1,279,108,Summer,87,Overstock
166,Product_166,Dairy,Supplier_6,5,547,53,41.22,36.5,20,33.5,0,0,1,24,119,Winter,56,Overstock
167,Product_167,Grains,Supplier_10,6,407,64,13.7,9.4,25,21.8,0,0,7,85,136,Summer,59,Normal
168,Product_168,Meat,Supplier_8,6,64,68,40.55,29.46,5,25.8,1,1,4,188,86,Rainy,77,Low Stock
169,Product_169,Vegetables,Supplier_6,5,205,7,19.92,13.03,25,37.7,1,0,3,92,103,Summer,5,Normal
170,Product_170,Grains,Supplier_12,8,408,35,46.72,35.59,10,34,1,1,4,290,143,Winter,44,Normal
171,Product_171,Meat,Supplier_12,1,378,48,40.35,34.41,15,32.1,0,1,10,67,141,Summer,56,Normal
172,Product_172,Dairy,Supplier_11,1,239,17,19.13,11.26,0,28.3,1,0,2,40,135,Spring,25,Normal
173,Product_173,Grains,Supplier_1,5,293,47,32.46,25.74,20,34.8,1,0,3,33,87,Spring,46,Overstock
174,Product_174,Vegetables,Supplier_11,10,173,10,40.4,22.75,0,27.3,1,0,5,160,70,Summer,7,Normal
175,Product_175,Meat,Supplier_13,2,412,65,35.61,27.71,15,27.3,1,1,7,68,112,Rainy,61,Overstock
176,Product_176,Bakery,Supplier_7,1,501,58,33.22,25.85,25,26.9,1,0,3,67,92,Summer,56,Overstock
177,Product_177,Household,Supplier_5,9,70,90,25.48,21.36,20,20.8,0,0,8,117,134,Winter,102,Low Stock
178,Product_178,Snacks,Supplier_13,6,308,32,15,9.16,25,26.9,0,0,8,148,86,Spring,38,Overstock
179,Product_179,Dairy,Supplier_3,5,329,49,15.61,8.93,10,34.8,0,0,5,365,133,Summer,53,Normal
180,Product_180,Snacks,Supplier_6,5,590,74,21.82,13.31,25,29.4,0,0,3,309,103,Rainy,75,Overstock
181,Product_181,Snacks,Supplier_11,6,147,9,25.78,20.24,0,32.6,0,0,8,261,85,Winter,12,Normal
182,Product_182,Meat,Supplier_10,6,399,1,40.63,33.28,20,23.5,0,0,2,213,122,Summer,4,Overstock
183,Product_183,Meat,Supplier_14,3,254,49,15.12,13.2,15,19.9,0,0,10,200,55,Rainy,55,Overstock
184,Product_184,Bakery,Supplier_4,6,209,38,41.11,36.08,20,16.1,1,0,5,10,43,Spring,47,Overstock
185,Product_185,Bakery,Supplier_5,8,454,89,21.73,18.28,25,27.8,1,1,4,305,73,Summer,87,Overstock
186,Product_186,Vegetables,Supplier_3,10,177,95,45.79,39.82,25,22.2,0,1,2,282,119,Spring,94,Normal
187,Product_187,Grains,Supplier_6,2,269,46,40.31,31.76,20,24.1,1,0,6,174,115,Rainy,52,Normal
188,Product_188,Meat,Supplier_12,7,369,1,34.66,21.99,10,17.9,1,0,5,243,110,Winter,6,Overstock
189,Product_189,Grains,Supplier_14,3,246,56,41.87,32.41,10,39.1,0,0,3,33,90,Rainy,52,Normal
190,Product_190,Dairy,Supplier_13,7,328,65,43.04,38.03,15,39.5,0,0,2,114,137,Spring,75,Normal
191,Product_191,Dairy,Supplier_10,3,314,62,19.32,14.07,20,36.5,1,0,5,196,84,Winter,61,Overstock
192,Product_192,Frozen,Supplier_5,10,217,19,39.05,24.75,20,19.4,0,1,8,336,69,Summer,17,Overstock
193,Product_193,Bakery,Supplier_4,8,351,49,5.21,3.72,15,36.9,1,0,9,242,52,Rainy,55,Overstock
194,Product_194,Dairy,Supplier_15,5,210,91,47.59,36.86,25,30.2,1,0,3,128,134,Rainy,93,Normal
195,Product_195,Vegetables,Supplier_11,9,312,12,35.05,26.74,15,28.6,1,0,7,254,128,Spring,12,Normal
196,Product_196,Fruits,Supplier_5,2,594,7,8.33,5.85,15,36.1,0,0,10,265,97,Spring,9,Overstock
197,Product_197,Household,Supplier_13,7,588,36,19.67,17.41,20,36.3,0,0,2,120,131,Rainy,46,Overstock
198,Product_198,Beverages,Supplier_5,3,510,20,29.83,16.42,10,18.4,1,0,1,130,129,Summer,17,Overstock
199,Product_199,Grains,Supplier_3,1,529,46,12.1,8.63,25,19.2,0,0,6,246,120,Winter,41,Overstock
200,Product_200,Fruits,Supplier_15,5,141,42,11.01,6.36,20,29.8,0,0,9,149,137,Summer,49,Normal
1,Product_001,Meat,Supplier_6,9,524,91,20.15,15.69,20,28.5,1,0,2,8,118,Winter,87,Overstock
2,Product_002,Snacks,Supplier_2,6,401,50,20.24,16.61,10,38.9,1,0,8,183,95,Spring,62,Overstock
3,Product_003,Frozen,Supplier_3,8,304,4,24.53,17.98,20,15.5,0,0,6,249,83,Summer,8,Overstock
4,Product_004,Meat,Supplier_12,4,540,64,27.16,19.41,0,31.3,1,0,5,350,43,Rainy,61,Overstock
5,Product_005,Meat,Supplier_5,6,339,9,37.48,29.41,25,22.8,0,0,10,193,49,Summer,7,Overstock
6,Product_006,Vegetables,Supplier_8,6,266,96,21.86,14.07,0,35.3,1,1,4,283,97,Spring,108,Normal
7,Product_007,Household,Supplier_2,9,176,70,1.76,1.51,20,31.7,1,1,4,313,58,Rainy,80,Overstock
8,Product_008,Frozen,Supplier_13,1,111,31,33.52,25.44,15,36.7,0,0,3,143,87,Winter,41,Normal
9,Product_009,Fruits,Supplier_8,9,188,37,12.93,11.01,0,22.5,1,1,5,64,56,Spring,36,Overstock
10,Product_010,Frozen,Supplier_5,6,417,1,41.97,30.83,10,39.8,1,1,6,15,64,Rainy,4,Overstock
11,Product_011,Vegetables,Supplier_1,10,287,100,22.18,17.61,0,16.6,0,1,5,88,81,Spring,105,Overstock
12,Product_012,Fruits,Supplier_8,3,583,78,8.64,5.68,10,18.8,1,1,4,83,129,Rainy,84,Overstock
13,Product_013,Grains,Supplier_10,10,287,89,20.5,14.95,15,32.5,1,1,8,157,126,Winter,84,Normal
14,Product_014,Grains,Supplier_14,3,472,52,7.28,6.4,15,28.3,1,1,10,311,137,Summer,61,Overstock
15,Product_015,Bakery,Supplier_1,2,393,81,34.87,28.25,5,18,0,1,7,197,126,Winter,88,Overstock
16,Product_016,Grains,Supplier_5,8,250,32,37.42,33.03,15,18.9,1,1,8,212,77,Rainy,42,Overstock
17,Product_017,Vegetables,Supplier_3,3,408,89,44.18,36.13,5,18.4,1,0,7,295,108,Winter,95,Overstock
18,Product_018,Beverages,Supplier_14,1,177,79,8.28,4.91,5,17.5,1,0,8,190,133,Winter,75,Normal
19,Product_019,Bakery,Supplier_4,3,388,74,4.34,3.32,0,39.4,1,1,4,12,130,Summer,69,Normal
20,Product_020,Dairy,Supplier_8,2,514,56,22.25,17.78,25,30.8,0,1,10,21,104,Winter,55,Overstock
21,Product_021,Bakery,Supplier_7,2,69,18,49.17,33.97,0,37.1,0,1,5,51,103,Spring,13,Low Stock
22,Product_022,Beverages,Supplier_9,1,388,92,33.98,30.04,25,27.9,1,0,4,186,82,Winter,103,Overstock
23,Product_023,Bakery,Supplier_2,3,350,5,39.47,29.45,25,25.4,1,0,5,178,139,Spring,3,Normal
24,Product_024,Household,Supplier_11,4,383,38,36.77,31.05,5,26.5,0,1,9,93,90,Rainy,42,Overstock
25,Product_025,Vegetables,Supplier_15,8,296,11,5.47,4.63,5,34,1,0,10,112,58,Spring,15,Overstock
26,Product_026,Vegetables,Supplier_14,3,515,28,1.44,0.89,15,33.6,1,1,1,204,109,Winter,29,Overstock
27,Product_027,Fruits,Supplier_3,4,486,5,9.42,5.68,25,22.9,0,0,7,330,133,Summer,13,Overstock
28,Product_028,Meat,Supplier_4,1,478,88,7.22,5.22,0,32.4,1,0,3,183,133,Summer,95,Overstock
29,Product_029,Snacks,Supplier_1,1,102,61,8.52,7.3,25,19.6,1,1,1,364,93,Summer,56,Normal
30,Product_030,Household,Supplier_3,9,455,31,47.49,38.2,25,17.6,1,0,10,216,71,Spring,31,Overstock
31,Product_031,Vegetables,Supplier_2,8,31,19,5.95,4.04,15,24.9,1,0,8,107,129,Rainy,25,Low Stock
32,Product_032,Dairy,Supplier_2,3,249,97,1.19,0.67,10,23.8,0,0,7,6,101,Rainy,95,Normal
33,Product_033,Household,Supplier_11,6,56,57,20.04,13.14,5,24.8,1,0,10,347,87,Summer,60,Low Stock
34,Product_034,Vegetables,Supplier_3,3,550,88,44.13,35.71,10,17.4,0,1,3,25,131,Spring,97,Overstock
35,Product_035,Fruits,Supplier_10,5,436,86,30.22,22.85,5,35.4,0,1,7,307,142,Spring,81,Overstock
36,Product_036,Frozen,Supplier_14,5,72,24,7.43,5.2,25,22.8,0,0,3,304,85,Rainy,21,Low Stock
37,Product_037,Household,Supplier_9,9,176,50,32.52,22.41,5,26.9,0,1,10,198,129,Summer,57,Normal
38,Product_038,Vegetables,Supplier_14,7,240,50,9.21,7.62,25,35,0,0,9,348,128,Spring,45,Normal
39,Product_039,Fruits,Supplier_11,3,580,38,8,5.54,10,17,1,0,10,182,96,Summer,49,Overstock
40,Product_040,Fruits,Supplier_10,7,77,13,18.52,13.6,15,32.8,0,1,7,180,80,Rainy,23,Low Stock
41,Product_041,Meat,Supplier_1,9,153,73,48.91,28.62,20,33.6,1,1,7,25,115,Summer,82,Normal
42,Product_042,Household,Supplier_15,9,231,64,33.47,29.82,5,28.8,1,1,5,219,119,Rainy,60,Normal
43,Product_043,Frozen,Supplier_12,4,534,81,19.49,13.98,20,31.4,0,1,7,69,93,Rainy,82,Overstock
44,Product_044,Household,Supplier_13,7,575,94,10.36,6.25,15,27,1,0,8,335,66,Spring,99,Overstock
45,Product_045,Grains,Supplier_6,4,410,42,24.15,16.99,25,19.8,0,1,3,183,121,Summer,49,Overstock
46,Product_046,Snacks,Supplier_11,4,518,48,40.51,25.19,0,35.2,1,1,5,228,112,Winter,44,Overstock
47,Product_047,Household,Supplier_8,5,355,43,24.35,21.56,0,36.7,1,0,8,60,57,Summer,53,Overstock
48,Product_048,Snacks,Supplier_2,2,522,97,13.88,8.6,15,33.8,1,1,3,34,112,Spring,101,Overstock
49,Product_049,Grains,Supplier_4,1,558,39,19.99,15.37,10,26.7,1,1,8,322,74,Rainy,44,Overstock
50,Product_050,Grains,Supplier_2,4,473,53,36.41,26.54,10,34.5,0,0,8,329,112,Winter,61,Overstock
51,Product_051,Snacks,Supplier_12,1,354,73,2.89,2.38,15,19.5,1,0,9,211,61,Rainy,82,Overstock
52,Product_052,Frozen,Supplier_12,9,353,6,22.15,16.56,10,35.4,1,1,3,155,135,Rainy,12,Normal
53,Product_053,Vegetables,Supplier_9,2,384,46,29.13,23,15,36.8,0,0,3,98,72,Summer,49,Overstock
54,Product_054,Meat,Supplier_3,8,255,76,33.69,27.88,10,37.7,0,0,8,246,148,Rainy,88,Normal
55,Product_055,Fruits,Supplier_13,5,476,43,49.48,30.9,5,27.7,1,0,2,39,113,Spring,49,Overstock
56,Product_056,Fruits,Supplier_5,5,187,45,36.59,23.69,5,31.3,1,1,8,359,70,Rainy,45,Normal
57,Product_057,Snacks,Supplier_15,6,74,60,12.15,10.84,20,37,0,1,5,360,96,Rainy,64,Low Stock
58,Product_058,Snacks,Supplier_12,1,124,82,32.27,28.26,15,26.5,0,0,4,22,132,Spring,92,Low Stock
59,Product_059,Snacks,Supplier_14,4,299,39,44.23,32.84,10,30.3,0,0,1,270,136,Winter,35,Normal
60,Product_060,Meat,Supplier_11,4,562,22,28.48,23.65,20,26.8,1,1,4,7,85,Spring,17,Overstock
61,Product_061,Dairy,Supplier_4,9,569,94,6.94,5.76,15,26.6,1,1,3,159,56,Rainy,106,Overstock
62,Product_062,Frozen,Supplier_8,8,101,29,2.31,1.31,0,21.5,1,1,3,279,59,Winter,25,Normal
63,Product_063,Meat,Supplier_10,9,434,86,12.84,10.95,15,26.2,1,0,6,167,40,Summer,96,Overstock
64,Product_064,Frozen,Supplier_14,3,155,1,39.22,27.44,5,30.8,0,0,5,113,147,Summer,8,Normal
65,Product_065,Snacks,Supplier_6,5,557,10,18.75,15.87,10,27.8,1,1,10,174,60,Spring,18,Overstock
66,Product_066,Beverages,Supplier_12,2,110,1,10.98,7.21,5,34.9,1,1,9,333,132,Spring,9,Low Stock
67,Product_067,Meat,Supplier_3,9,257,1,39.62,34.43,25,19.3,1,1,2,219,114,Rainy,1,Normal
68,Product_068,Bakery,Supplier_10,7,567,98,34.2,21.93,10,25.5,1,1,9,223,68,Rainy,107,Overstock
69,Product_069,Vegetables,Supplier_10,4,38,61,43.59,29.68,0,21.1,1,1,8,68,44,Rainy,59,Low Stock
70,Product_070,Frozen,Supplier_6,8,331,96,45.29,37.15,5,38.6,0,1,8,66,149,Summer,100,Normal
71,Product_071,Frozen,Supplier_9,5,30,50,12.97,10.76,25,33.5,1,1,9,210,125,Winter,49,Low Stock
72,Product_072,Frozen,Supplier_12,3,291,87,21.05,12.55,0,28.7,1,1,1,328,61,Summer,95,Overstock
73,Product_073,Beverages,Supplier_3,8,301,45,41.01,36.68,20,23.3,1,1,4,33,82,Rainy,53,Overstock
74,Product_074,Bakery,Supplier_2,2,37,98,25.21,15.72,15,18.8,1,0,10,23,80,Spring,108,Low Stock
75,Product_075,Meat,Supplier_14,7,304,10,5.45,3.95,25,29.2,0,0,3,247,56,Summer,16,Overstock
76,Product_076,Snacks,Supplier_11,6,408,73,8.39,6.11,15,26,1,1,10,240,106,Summer,71,Overstock
77,Product_077,Meat,Supplier_12,2,267,29,23.41,18.48,15,15.5,0,1,4,145,133,Spring,40,Normal
78,Product_078,Bakery,Supplier_7,9,144,85,10.66,5.91,0,35.5,1,1,7,10,65,Spring,89,Normal
79,Product_079,Vegetables,Supplier_4,1,212,17,41.62,27.99,20,34.8,1,1,9,90,130,Winter,29,Normal
80,Product_080,Snacks,Supplier_4,3,510,20,4.91,4.21,25,23.4,1,0,8,62,127,Summer,27,Overstock
81,Product_081,Dairy,Supplier_5,2,514,73,27.87,22.75,0,28.8,1,0,4,90,127,Summer,82,Overstock
82,Product_082,Meat,Supplier_3,9,398,50,46,34.66,5,29,0,0,2,176,41,Rainy,61,Overstock
83,Product_083,Bakery,Supplier_11,4,370,25,27.44,18.92,0,20.7,0,0,4,75,130,Spring,33,Normal
84,Product_084,Frozen,Supplier_15,6,311,39,38.69,25.38,0,37.6,0,1,6,312,79,Summer,41,Overstock
85,Product_085,Meat,Supplier_8,6,515,100,11.33,9.43,10,23.2,0,0,6,33,62,Rainy,105,Overstock
86,Product_086,Meat,Supplier_3,8,457,45,35,29.04,15,22,0,1,4,146,87,Rainy,56,Overstock
87,Product_087,Snacks,Supplier_8,2,575,85,41.86,36.7,5,25.3,1,0,5,232,62,Spring,88,Overstock
88,Product_088,Beverages,Supplier_5,6,232,39,24.1,13.93,5,24.7,1,1,5,27,136,Summer,42,Normal
89,Product_089,Household,Supplier_9,7,306,23,6.3,3.6,20,37.1,0,1,3,286,136,Winter,31,Normal
90,Product_090,Dairy,Supplier_1,3,333,3,37.03,24.69,15,38.7,1,1,4,248,69,Spring,10,Overstock
91,Product_091,Snacks,Supplier_12,9,171,59,20.43,17.16,0,31.2,0,0,9,156,137,Rainy,58,Normal
92,Product_092,Snacks,Supplier_6,9,514,33,28.67,22.03,0,28.6,0,1,3,330,136,Winter,32,Overstock
93,Product_093,Meat,Supplier_15,2,144,12,14.66,10.51,25,28,1,1,5,194,111,Rainy,22,Normal
94,Product_094,Grains,Supplier_3,1,392,23,5.54,4.91,5,20.3,0,0,6,291,42,Rainy,21,Overstock
95,Product_095,Grains,Supplier_4,9,313,46,25.97,20.54,15,36.4,0,1,7,17,75,Winter,42,Overstock
96,Product_096,Meat,Supplier_13,10,282,30,45.12,34.79,25,23.3,1,1,7,69,60,Summer,28,Overstock
97,Product_097,Meat,Supplier_14,1,239,16,43.38,37.8,15,31.5,0,0,5,170,123,Summer,16,Normal
98,Product_098,Beverages,Supplier_10,5,218,60,39.94,27.63,0,32.1,1,1,5,328,79,Winter,69,Normal
99,Product_099,Meat,Supplier_7,4,587,64,40.52,30.91,10,35.5,1,1,6,57,73,Winter,76,Overstock
100,Product_100,Vegetables,Supplier_1,10,363,91,10.63,5.9,10,35.8,1,1,6,341,117,Spring,86,Overstock
101,Product_101,Vegetables,Supplier_11,5,310,26,12.06,8.7,5,22.4,0,0,1,148,143,Summer,23,Normal
102,Product_102,Dairy,Supplier_8,4,140,55,5.62,4.15,0,37.5,0,0,4,82,82,Spring,65,Normal
103,Product_103,Grains,Supplier_7,7,79,45,23.02,15.82,0,31.2,1,0,8,261,135,Summer,54,Low Stock
104,Product_104,Bakery,Supplier_1,2,204,99,38.7,22.24,20,31.1,0,1,1,204,141,Spring,110,Normal
105,Product_105,Meat,Supplier_5,2,421,81,42.85,23.96,10,32.8,1,0,6,173,139,Spring,85,Overstock
106,Product_106,Dairy,Supplier_11,7,248,98,46.44,33.92,5,15,0,0,1,84,148,Rainy,94,Normal
107,Product_107,Meat,Supplier_8,2,577,56,24.97,13.87,10,32.9,1,1,3,40,94,Summer,53,Overstock
108,Product_108,Beverages,Supplier_11,7,112,35,23.05,19.81,10,35.5,1,1,5,63,82,Winter,34,Normal
109,Product_109,Frozen,Supplier_13,10,294,99,26.19,21.56,25,30.2,1,1,8,334,68,Spring,94,Overstock
110,Product_110,Bakery,Supplier_7,4,426,71,46.01,25.49,10,22.1,1,0,6,258,106,Summer,82,Overstock
111,Product_111,Household,Supplier_9,3,427,96,41.85,31.6,10,16.6,1,1,2,185,59,Spring,102,Overstock
112,Product_112,Fruits,Supplier_2,7,388,89,9.73,7.68,15,31.9,1,1,2,236,73,Rainy,99,Overstock
113,Product_113,Vegetables,Supplier_3,9,356,58,27.42,15.61,0,36.1,0,1,4,102,65,Spring,66,Overstock
114,Product_114,Household,Supplier_7,9,483,97,31.69,27.38,25,36.4,1,0,1,338,149,Summer,100,Overstock
115,Product_115,Grains,Supplier_4,9,225,74,44.01,28.42,5,22.2,0,0,6,177,69,Spring,69,Overstock
116,Product_116,Snacks,Supplier_14,5,353,67,48.06,38.2,5,17.1,1,0,4,117,109,Rainy,77,Overstock
117,Product_117,Household,Supplier_7,8,138,100,43.47,36.95,5,24.2,0,1,7,142,85,Summer,112,Normal
118,Product_118,Household,Supplier_6,8,106,92,45.68,27.1,20,38.1,0,1,1,315,71,Rainy,97,Normal
119,Product_119,Bakery,Supplier_8,7,215,43,36.23,24.02,5,28.3,1,0,2,62,59,Summer,45,Overstock
120,Product_120,Frozen,Supplier_9,8,66,36,42.58,26.85,20,17.9,1,0,6,164,145,Spring,35,Low Stock
121,Product_121,Frozen,Supplier_3,7,526,14,14.27,8.67,25,33.4,0,1,4,6,49,Winter,12,Overstock
122,Product_122,Beverages,Supplier_14,6,375,31,2.77,2.25,0,38,0,1,4,355,85,Spring,26,Overstock
123,Product_123,Frozen,Supplier_2,6,61,17,7.07,4.1,10,22.2,1,0,9,358,84,Rainy,22,Low Stock
124,Product_124,Household,Supplier_11,3,577,81,38.24,31.8,10,39.3,0,0,2,248,89,Summer,88,Overstock
125,Product_125,Bakery,Supplier_8,5,108,40,12.77,9.26,15,25,1,0,3,166,85,Winter,35,Normal
126,Product_126,Bakery,Supplier_12,6,350,75,21.15,13.43,20,28,0,0,8,179,63,Winter,74,Overstock
127,Product_127,Household,Supplier_3,10,145,37,33.52,23.52,10,23.9,0,1,1,159,64,Winter,46,Normal
128,Product_128,Beverages,Supplier_11,4,583,21,24.75,18.23,5,37,0,0,3,162,55,Winter,28,Overstock
129,Product_129,Meat,Supplier_7,9,321,69,21.34,15.69,5,27,0,1,2,78,79,Spring,73,Overstock
130,Product_130,Grains,Supplier_13,4,87,33,19.76,17.12,5,30.1,1,0,7,63,105,Rainy,28,Low Stock
131,Product_131,Fruits,Supplier_7,9,447,91,15.43,8.59,10,39.9,0,0,5,117,78,Winter,86,Overstock
132,Product_132,Bakery,Supplier_2,2,559,84,1.95,1.43,0,28.8,0,1,2,146,66,Spring,83,Overstock
133,Product_133,Beverages,Supplier_5,3,501,62,37.65,31.64,15,26.8,1,0,6,354,90,Summer,72,Overstock
134,Product_134,Frozen,Supplier_11,4,452,10,23.92,21.44,10,37,0,0,7,108,99,Spring,11,Overstock
135,Product_135,Dairy,Supplier_2,5,479,55,49.22,33.88,5,18.8,1,0,2,160,145,Winter,50,Overstock
136,Product_136,Grains,Supplier_7,4,32,4,44.43,39.5,5,34,0,1,4,263,129,Spring,9,Low Stock
137,Product_137,Vegetables,Supplier_14,4,242,20,22.57,15.03,20,28.1,1,0,6,322,83,Spring,29,Normal
138,Product_138,Snacks,Supplier_11,3,447,67,30.72,27.3,10,15.8,0,1,7,250,71,Winter,79,Overstock
139,Product_139,Frozen,Supplier_10,3,373,32,40.9,29.5,25,37.2,1,0,3,173,139,Winter,35,Normal
140,Product_140,Fruits,Supplier_12,5,340,87,29.11,21.66,0,33.5,0,0,8,258,81,Rainy,83,Overstock
141,Product_141,Beverages,Supplier_6,4,121,93,25.45,14.65,5,34.7,0,1,10,242,117,Spring,99,Normal
142,Product_142,Meat,Supplier_2,6,112,50,32.43,25.8,5,19.1,1,1,5,91,66,Rainy,62,Normal
143,Product_143,Snacks,Supplier_5,8,95,43,25.4,17.83,25,32,1,0,6,190,122,Summer,47,Low Stock
144,Product_144,Fruits,Supplier_14,2,505,11,48.75,32.19,25,38.3,1,1,7,360,64,Summer,10,Overstock
145,Product_145,Meat,Supplier_11,6,415,89,31.83,23,5,24.9,0,0,6,236,82,Spring,95,Overstock
146,Product_146,Meat,Supplier_12,5,478,20,49.43,28.66,5,32.7,0,0,9,186,133,Winter,20,Overstock
147,Product_147,Meat,Supplier_9,6,411,4,26.09,19.54,15,15.4,0,0,8,109,114,Winter,8,Overstock
148,Product_148,Frozen,Supplier_1,3,338,34,27.05,15.14,5,29.9,0,0,7,229,136,Summer,34,Normal
149,Product_149,Vegetables,Supplier_8,10,201,61,14.1,8.35,10,23.7,0,0,5,148,123,Winter,58,Normal
150,Product_150,Grains,Supplier_15,5,326,76,48.95,33.06,15,39.1,1,1,9,9,63,Rainy,82,Overstock
151,Product_151,Bakery,Supplier_15,10,51,99,33.92,22.12,0,20.2,0,0,1,178,49,Winter,103,Normal
152,Product_152,Grains,Supplier_13,10,246,30,28.34,23.47,15,15.3,0,1,1,139,110,Spring,41,Normal
153,Product_153,Household,Supplier_8,1,410,6,27.15,24.14,20,29.9,0,0,2,10,51,Summer,11,Overstock
154,Product_154,Bakery,Supplier_1,5,228,58,45.04,36.84,20,32.6,1,0,1,23,72,Rainy,62,Overstock
155,Product_155,Frozen,Supplier_5,7,124,23,8.66,5.08,20,24.9,1,0,10,206,83,Summer,24,Normal
156,Product_156,Dairy,Supplier_7,1,550,68,18.03,12.2,25,33.7,1,1,5,101,103,Rainy,76,Overstock
157,Product_157,Household,Supplier_6,9,295,71,37.35,23.05,5,19.2,0,1,10,262,108,Rainy,76,Normal
158,Product_158,Household,Supplier_11,4,501,87,21.16,11.8,0,36.3,1,0,3,160,63,Spring,95,Overstock
159,Product_159,Beverages,Supplier_8,3,155,31,37.45,27.62,25,15.9,0,0,8,11,67,Rainy,35,Normal
160,Product_160,Meat,Supplier_14,9,351,99,9.06,7.12,15,17.8,0,1,8,333,54,Summer,100,Overstock
161,Product_161,Meat,Supplier_13,4,86,50,28.32,17.56,15,30,1,0,2,269,64,Rainy,52,Normal
162,Product_162,Grains,Supplier_13,9,91,10,17.96,13.87,20,33.4,0,1,8,146,66,Rainy,7,Normal
163,Product_163,Beverages,Supplier_5,8,93,45,4.1,3.11,5,16,1,1,4,320,98,Rainy,45,Low Stock
164,Product_164,Household,Supplier_11,2,377,67,19.29,14.54,0,21,1,1,10,35,76,Summer,69,Overstock
165,Product_165,Frozen,Supplier_4,4,418,33,23.33,19.85,20,26.1,0,1,7,5,150,Summer,38,Normal
166,Product_166,Dairy,Supplier_7,9,296,31,26.1,18.08,10,25.7,0,1,3,318,134,Winter,29,Normal
167,Product_167,Grains,Supplier_15,1,460,31,35.22,30.13,10,22,0,0,7,296,61,Winter,26,Overstock
168,Product_168,Meat,Supplier_2,2,374,88,15.41,11.61,20,37,0,0,9,70,114,Rainy,99,Overstock
169,Product_169,Vegetables,Supplier_2,10,167,93,13.35,11.01,0,18.5,1,1,3,344,119,Winter,101,Normal
170,Product_170,Grains,Supplier_11,6,328,46,37.48,33.5,20,28.4,0,0,8,47,123,Summer,46,Normal
171,Product_171,Meat,Supplier_13,8,439,51,19.31,15.85,0,36.8,1,0,1,69,105,Spring,46,Overstock
172,Product_172,Dairy,Supplier_6,1,370,7,47.73,27.11,0,35.6,0,1,4,339,90,Summer,16,Overstock
173,Product_173,Grains,Supplier_5,9,177,9,7.42,5.78,15,35.2,1,1,1,258,40,Spring,14,Overstock
174,Product_174,Vegetables,Supplier_7,2,320,10,36.72,31.14,15,25.1,0,1,10,291,128,Winter,8,Normal
175,Product_175,Meat,Supplier_4,2,148,31,8.23,6,15,32.9,1,1,8,276,65,Spring,40,Normal
176,Product_176,Bakery,Supplier_7,1,456,20,16.29,10.96,20,21,1,1,9,95,80,Winter,17,Overstock
177,Product_177,Household,Supplier_6,7,248,65,10.36,7.47,10,21.5,0,0,2,262,50,Summer,60,Overstock
178,Product_178,Snacks,Supplier_1,8,49,12,7.76,5.57,15,15.6,1,1,3,246,61,Rainy,16,Low Stock
179,Product_179,Dairy,Supplier_1,5,287,30,10,7.4,20,16.8,1,1,3,264,57,Summer,25,Overstock
180,Product_180,Snacks,Supplier_4,3,93,92,42.19,35.46,10,20.4,0,0,7,143,112,Rainy,94,Low Stock
181,Product_181,Snacks,Supplier_1,6,73,95,6.49,5.08,0,35.2,0,0,2,60,102,Rainy,107,Low Stock
182,Product_182,Meat,Supplier_9,1,565,54,15.58,11.77,25,27.4,0,1,6,92,68,Rainy,62,Overstock
183,Product_183,Meat,Supplier_14,6,356,23,4.31,3.42,25,25.4,0,1,8,58,60,Spring,21,Overstock
184,Product_184,Bakery,Supplier_8,6,151,75,15.43,13.8,25,20.5,1,1,9,102,89,Summer,74,Normal
185,Product_185,Bakery,Supplier_11,6,132,22,7.86,4.48,10,25.1,1,0,8,143,134,Summer,24,Low Stock
186,Product_186,Vegetables,Supplier_7,3,232,87,30.32,23.84,5,19.7,0,1,10,195,101,Winter,84,Normal
187,Product_187,Grains,Supplier_5,6,73,60,20.74,17.92,20,21.5,1,1,2,274,81,Rainy,60,Low Stock
188,Product_188,Meat,Supplier_14,8,447,57,26.97,24.01,5,21.5,1,0,7,153,41,Summer,66,Overstock
189,Product_189,Grains,Supplier_7,4,566,66,12.36,10.14,0,21.3,0,0,1,328,104,Rainy,71,Overstock
190,Product_190,Dairy,Supplier_11,3,87,38,8.1,6.5,10,18.6,1,0,10,212,118,Spring,41,Low Stock
191,Product_191,Dairy,Supplier_5,8,73,13,43.5,37.8,20,27.9,1,0,5,152,138,Rainy,17,Low Stock
192,Product_192,Frozen,Supplier_3,5,447,22,49.85,42.53,25,38.3,0,1,10,202,44,Spring,19,Overstock
193,Product_193,Bakery,Supplier_2,9,99,55,49.25,37.03,10,36.1,0,1,4,141,72,Rainy,54,Normal
194,Product_194,Dairy,Supplier_11,5,458,84,35.48,25.71,15,25.1,0,0,7,277,113,Spring,87,Overstock
195,Product_195,Vegetables,Supplier_15,3,43,25,1.44,1.1,15,21.4,1,0,7,103,45,Spring,28,Low Stock
196,Product_196,Fruits,Supplier_13,6,300,56,37.57,29.72,25,39.9,0,0,5,153,89,Rainy,51,Overstock
197,Product_197,Household,Supplier_7,7,118,19,3.63,3.2,5,37.6,0,1,5,259,93,Winter,24,Normal
198,Product_198,Beverages,Supplier_5,6,580,41,46.69,41.55,25,34,0,1,3,145,94,Spring,49,Overstock
199,Product_199,Grains,Supplier_5,5,33,26,20.73,11.95,15,19.3,0,0,9,363,111,Summer,38,Low Stock
200,Product_200,Fruits,Supplier_6,10,356,2,42.06,31.56,0,37.1,1,1,1,226,126,Winter,8,Normal
1,Product_001,Meat,Supplier_12,5,431,36,9.04,6.61,20,17.6,1,1,2,34,78,Rainy,47,Overstock
2,Product_002,Snacks,Supplier_14,9,350,29,7.92,6.37,10,38.2,0,1,6,316,135,Spring,37,Normal
3,Product_003,Frozen,Supplier_12,8,297,45,24.18,21.13,15,34.8,1,1,7,352,115,Rainy,54,Normal
4,Product_004,Meat,Supplier_13,2,368,77,18.59,12.96,25,18.5,0,1,1,62,149,Summer,79,Normal
5,Product_005,Meat,Supplier_10,9,425,18,38.03,27.83,25,28.5,0,1,3,132,118,Winter,21,Overstock
6,Product_006,Vegetables,Supplier_6,7,476,90,2.26,1.58,15,18.4,0,1,10,122,64,Rainy,89,Overstock
7,Product_007,Household,Supplier_1,8,472,43,30.65,25.39,10,26.8,0,0,1,255,99,Spring,41,Overstock
8,Product_008,Frozen,Supplier_1,6,162,12,6.17,5.13,15,22.4,1,0,6,39,45,Winter,7,Overstock
9,Product_009,Fruits,Supplier_4,5,109,91,19.52,11.24,5,25.4,0,0,2,74,145,Summer,97,Low Stock
10,Product_010,Frozen,Supplier_13,7,346,49,38.19,32.43,25,31.6,0,0,5,336,114,Rainy,59,Overstock
11,Product_011,Vegetables,Supplier_11,5,509,44,47.05,41.96,10,19.3,1,0,3,138,121,Spring,43,Overstock
12,Product_012,Fruits,Supplier_10,9,589,75,26.05,19.27,5,30.6,0,0,4,166,49,Spring,81,Overstock
13,Product_013,Grains,Supplier_10,9,473,29,28.71,17.99,0,16.5,1,0,1,221,77,Spring,41,Overstock
14,Product_014,Grains,Supplier_6,1,422,58,7.23,4.56,25,20.5,0,0,4,361,59,Spring,55,Overstock
15,Product_015,Bakery,Supplier_6,8,153,48,36.57,28.84,5,17.2,0,0,6,197,106,Summer,53,Normal
16,Product_016,Grains,Supplier_6,4,297,31,44.89,34.05,5,37.8,1,1,5,179,74,Summer,33,Overstock
17,Product_017,Vegetables,Supplier_14,8,186,70,17.34,11.56,10,18.8,1,0,10,137,80,Winter,72,Normal
18,Product_018,Beverages,Supplier_1,9,191,7,18.79,15.73,0,18,1,1,8,142,105,Spring,8,Normal
19,Product_019,Bakery,Supplier_10,7,278,27,9.78,5.39,0,25.7,0,0,8,181,123,Rainy,39,Normal
20,Product_020,Dairy,Supplier_4,6,516,50,29.6,18.16,10,32.6,1,1,1,191,99,Winter,52,Overstock
21,Product_021,Bakery,Supplier_5,9,449,69,11.58,10.15,0,26.2,0,1,8,98,48,Winter,76,Overstock
22,Product_022,Beverages,Supplier_8,10,289,85,18.2,13.05,25,15.4,1,0,6,310,77,Summer,96,Overstock
23,Product_023,Bakery,Supplier_3,2,206,78,6.66,4.83,0,35.7,0,0,8,261,57,Summer,87,Overstock
24,Product_024,Household,Supplier_3,6,514,99,26.1,20.98,15,26.2,1,0,1,184,78,Spring,103,Overstock
25,Product_025,Vegetables,Supplier_12,3,201,7,26.79,22.89,0,37,0,1,10,61,118,Winter,11,Normal
26,Product_026,Vegetables,Supplier_5,8,162,18,31.69,25.92,20,29.2,0,0,3,186,117,Summer,27,Normal
27,Product_027,Fruits,Supplier_1,2,324,30,14.87,9.03,25,24.3,0,0,8,11,62,Spring,36,Overstock
28,Product_028,Meat,Supplier_1,2,354,61,11.93,9.57,25,18.7,1,1,2,323,76,Rainy,71,Overstock
29,Product_029,Snacks,Supplier_5,8,578,1,8.99,6.74,25,19.3,1,1,2,296,71,Rainy,5,Overstock
30,Product_030,Household,Supplier_12,6,87,40,38.46,24.24,20,35.8,1,1,6,81,47,Summer,35,Normal
31,Product_031,Vegetables,Supplier_6,4,189,44,40.7,33.76,10,30.1,0,0,3,318,138,Rainy,46,Normal
32,Product_032,Dairy,Supplier_14,5,306,44,39.67,25.09,25,32.6,0,0,2,185,149,Winter,39,Normal
33,Product_033,Household,Supplier_10,7,185,91,45.85,25.58,5,34.3,0,0,9,13,126,Rainy,101,Normal
34,Product_034,Vegetables,Supplier_7,1,541,35,26.85,23.78,0,20.6,0,0,5,253,75,Rainy,31,Overstock
35,Product_035,Fruits,Supplier_14,2,488,95,27.83,19.99,10,19.6,1,1,2,245,95,Summer,97,Overstock
36,Product_036,Frozen,Supplier_12,4,159,52,44.95,39.11,0,22.2,0,0,7,122,83,Rainy,50,Normal
37,Product_037,Household,Supplier_1,3,369,26,24.57,19.52,20,30.4,1,0,2,291,101,Summer,34,Overstock
38,Product_038,Vegetables,Supplier_10,4,197,76,9.36,7.39,25,36.6,1,1,10,210,116,Winter,71,Normal
39,Product_039,Fruits,Supplier_8,10,355,47,17.06,12.68,5,19.9,1,1,6,318,136,Winter,50,Normal
40,Product_040,Fruits,Supplier_14,4,136,70,2,1.35,5,27.4,0,1,3,234,71,Spring,67,Normal
41,Product_041,Meat,Supplier_13,7,565,26,22.37,17.5,5,15.3,1,1,2,31,51,Spring,27,Overstock
42,Product_042,Household,Supplier_4,9,227,89,46.45,38.11,20,39.8,1,0,9,353,149,Summer,96,Normal
43,Product_043,Frozen,Supplier_10,2,194,74,27.79,23.29,20,18.5,0,0,5,169,88,Winter,76,Normal
44,Product_044,Household,Supplier_15,5,308,62,28.56,25.15,20,24.6,0,0,1,217,96,Winter,66,Overstock
45,Product_045,Grains,Supplier_6,9,351,100,41.38,28.49,0,37.9,1,0,6,154,104,Spring,110,Overstock
46,Product_046,Snacks,Supplier_2,5,257,10,19.57,14.53,10,21.2,1,0,1,105,124,Rainy,8,Normal
47,Product_047,Household,Supplier_15,1,265,12,40.95,31.82,25,26.2,0,0,4,307,125,Winter,18,Normal
48,Product_048,Snacks,Supplier_15,2,323,22,31.2,26.94,20,32.6,0,0,9,159,51,Winter,29,Overstock
49,Product_049,Grains,Supplier_8,5,404,56,14.61,11.17,10,37.4,1,0,6,180,52,Winter,68,Overstock
50,Product_050,Grains,Supplier_2,8,74,50,17.75,10.15,5,27.6,0,1,9,161,135,Winter,53,Low Stock
51,Product_051,Snacks,Supplier_14,5,56,34,5.13,2.98,10,17.1,1,0,8,135,124,Rainy,32,Low Stock
52,Product_052,Frozen,Supplier_3,3,563,10,48.78,32.64,20,34.6,1,1,5,116,101,Summer,14,Overstock
53,Product_053,Vegetables,Supplier_5,5,280,55,49.81,38.99,10,36.6,0,1,10,217,92,Rainy,54,Overstock
54,Product_054,Meat,Supplier_9,1,258,86,31.44,18.96,25,38,0,1,10,107,81,Rainy,83,Overstock
55,Product_055,Fruits,Supplier_3,9,282,9,12.85,9.52,0,29.2,1,1,5,261,43,Rainy,7,Overstock
56,Product_056,Fruits,Supplier_11,8,593,99,34.14,22.98,0,15.8,1,0,10,217,117,Spring,99,Overstock
57,Product_057,Snacks,Supplier_15,4,328,4,31.04,22.75,0,18.9,0,0,8,81,61,Rainy,7,Overstock
58,Product_058,Snacks,Supplier_9,3,360,6,31.15,26.17,0,27,0,0,1,9,93,Summer,4,Overstock
59,Product_059,Snacks,Supplier_8,10,339,90,27.74,20,15,15.3,0,0,9,250,55,Summer,91,Overstock
60,Product_060,Meat,Supplier_14,5,206,82,40.68,23.94,0,28.2,0,0,1,207,60,Winter,79,Overstock
61,Product_061,Dairy,Supplier_8,3,58,80,35.09,25.86,0,19.9,1,1,4,41,75,Spring,77,Low Stock
62,Product_062,Frozen,Supplier_14,4,593,83,37.47,27.46,10,20.4,0,0,4,68,103,Winter,81,Overstock
63,Product_063,Meat,Supplier_9,7,344,17,44.63,37.3,0,22.2,1,0,4,316,56,Rainy,23,Overstock
64,Product_064,Frozen,Supplier_10,4,196,76,32.94,24.04,10,34.5,1,0,2,27,94,Spring,86,Normal
65,Product_065,Snacks,Supplier_2,6,120,25,29.39,25.67,10,18.7,1,1,4,353,126,Summer,34,Low Stock
66,Product_066,Beverages,Supplier_6,7,476,53,49.49,35.17,10,17.8,0,0,6,251,71,Rainy,64,Overstock
67,Product_067,Meat,Supplier_13,2,202,5,3.96,2.74,15,17.2,0,0,2,343,126,Rainy,3,Normal
68,Product_068,Bakery,Supplier_12,8,313,52,46.58,30.41,5,39.7,1,0,4,99,61,Summer,60,Overstock
69,Product_069,Vegetables,Supplier_5,5,435,89,46.94,38.04,20,37.4,1,1,2,65,98,Summer,84,Overstock
70,Product_070,Frozen,Supplier_6,1,199,30,8.94,5.55,10,38.3,1,0,9,355,72,Winter,41,Normal
71,Product_071,Frozen,Supplier_11,6,379,69,2.05,1.82,15,22.8,1,1,6,205,84,Winter,67,Overstock
72,Product_072,Frozen,Supplier_5,9,32,88,29.18,19.99,20,29.6,1,0,1,208,87,Winter,96,Low Stock
73,Product_073,Beverages,Supplier_10,9,283,38,45.33,31.51,15,24.5,0,0,1,257,126,Spring,41,Normal
74,Product_074,Bakery,Supplier_15,9,312,19,9.25,7,10,28,0,0,4,235,47,Spring,29,Overstock
75,Product_075,Meat,Supplier_12,1,275,73,49.85,41.63,25,29.4,1,0,10,324,77,Winter,72,Overstock
76,Product_076,Snacks,Supplier_15,9,582,98,35.1,25.27,5,37.3,1,0,5,187,44,Rainy,102,Overstock
77,Product_077,Meat,Supplier_14,6,453,90,38.17,30.91,5,17.3,0,0,4,335,95,Rainy,92,Overstock
78,Product_078,Bakery,Supplier_2,9,470,36,42.02,32.53,20,27.1,1,0,4,174,71,Winter,33,Overstock
79,Product_079,Vegetables,Supplier_15,3,560,44,16.51,12.4,0,34.6,0,1,9,137,114,Summer,41,Overstock
80,Product_080,Snacks,Supplier_9,4,361,39,40.75,27.79,5,24.4,1,1,3,169,71,Summer,44,Overstock
81,Product_081,Dairy,Supplier_10,1,199,96,43.52,24.26,20,23.4,0,1,4,117,114,Spring,97,Normal
82,Product_082,Meat,Supplier_6,4,282,79,48.86,34.45,20,28.5,0,1,3,246,114,Rainy,75,Normal
83,Product_083,Bakery,Supplier_9,4,249,60,11.55,9.22,10,31.7,0,0,6,179,76,Winter,60,Overstock
84,Product_084,Frozen,Supplier_15,10,83,31,49.82,33.61,20,26.3,0,1,4,8,136,Winter,36,Low Stock
85,Product_085,Meat,Supplier_5,6,30,57,4.69,4.18,15,35.6,1,1,6,43,56,Rainy,67,Low Stock
86,Product_086,Meat,Supplier_6,3,255,31,40.52,34.64,0,33.8,0,1,10,280,92,Spring,40,Normal
87,Product_087,Snacks,Supplier_1,7,379,44,42.85,36.33,0,28.7,0,0,2,46,94,Winter,45,Overstock
88,Product_088,Beverages,Supplier_11,8,517,95,28.48,23.91,20,29.7,1,1,3,62,41,Summer,97,Overstock
89,Product_089,Household,Supplier_2,1,92,35,6.25,3.72,10,20.7,1,1,1,208,119,Spring,40,Low Stock
90,Product_090,Dairy,Supplier_1,5,44,42,10.74,6.96,25,27.5,1,0,10,209,76,Winter,46,Low Stock
91,Product_091,Snacks,Supplier_15,7,153,28,47.19,31.74,15,36.7,1,0,5,44,93,Winter,33,Normal
92,Product_092,Snacks,Supplier_13,3,286,13,48.78,42.37,20,28.1,1,1,8,224,130,Summer,16,Normal
93,Product_093,Meat,Supplier_8,6,543,86,34.63,31,15,38.6,0,1,2,132,63,Spring,94,Overstock
94,Product_094,Grains,Supplier_13,1,227,69,12.83,10.76,5,23.5,0,0,9,5,81,Summer,66,Normal
95,Product_095,Grains,Supplier_9,2,576,81,44.15,28.33,5,20.9,0,0,4,252,55,Rainy,92,Overstock
96,Product_096,Meat,Supplier_11,6,120,80,12.32,8.76,5,34.3,1,1,10,304,60,Summer,92,Normal
97,Product_097,Meat,Supplier_15,3,577,96,45.17,25.77,25,26.5,1,0,4,258,132,Winter,108,Overstock
98,Product_098,Beverages,Supplier_2,9,528,33,43.3,28.09,25,19.2,0,1,9,313,46,Winter,45,Overstock
99,Product_099,Meat,Supplier_8,1,409,83,40.82,23.62,10,18.4,0,0,8,101,76,Summer,93,Overstock
100,Product_100,Vegetables,Supplier_8,2,581,46,42.06,32.18,20,23.3,1,1,3,249,102,Spring,52,Overstock
101,Product_101,Vegetables,Supplier_12,8,545,78,29.37,17.73,25,37,1,0,9,296,86,Summer,86,Overstock
102,Product_102,Dairy,Supplier_6,10,421,80,2.68,1.58,0,26.1,1,1,8,191,129,Summer,90,Overstock
103,Product_103,Grains,Supplier_3,4,599,10,37.85,23.95,15,22.6,1,1,3,336,47,Spring,9,Overstock
104,Product_104,Bakery,Supplier_15,3,38,18,18.78,10.9,5,22.5,1,1,7,5,40,Spring,19,Low Stock
105,Product_105,Meat,Supplier_9,5,363,87,43.02,33.49,15,37.2,1,0,2,333,73,Winter,83,Overstock
106,Product_106,Dairy,Supplier_15,2,502,95,7.44,4.19,0,30.4,1,0,9,218,91,Rainy,90,Overstock
107,Product_107,Meat,Supplier_9,7,540,29,20.8,16.78,10,38.6,0,0,9,128,41,Winter,31,Overstock
108,Product_108,Beverages,Supplier_9,4,361,65,11.7,6.97,5,31.5,0,1,7,133,62,Summer,60,Overstock
109,Product_109,Frozen,Supplier_12,5,232,44,21.37,15.23,0,23.6,0,0,2,133,112,Winter,44,Normal
110,Product_110,Bakery,Supplier_6,8,491,66,9.8,6.41,10,38.7,1,0,3,244,108,Rainy,76,Overstock
111,Product_111,Household,Supplier_3,10,290,37,33.57,28.44,20,15.6,1,1,4,231,136,Rainy,44,Normal
112,Product_112,Fruits,Supplier_2,4,300,28,17.4,9.89,0,23.8,0,1,1,65,55,Spring,37,Overstock
113,Product_113,Vegetables,Supplier_1,6,56,23,11.6,7.94,10,28.7,0,0,9,35,56,Spring,19,Normal
114,Product_114,Household,Supplier_3,10,599,8,2.73,1.65,5,22.4,1,1,9,182,68,Summer,3,Overstock
115,Product_115,Grains,Supplier_4,6,532,83,42.64,27.16,25,38.5,0,0,3,349,145,Winter,87,Overstock
116,Product_116,Snacks,Supplier_3,7,57,26,40.75,29.31,25,34.3,1,0,6,207,76,Summer,29,Low Stock
117,Product_117,Household,Supplier_10,7,40,81,21.13,16.36,20,27.6,1,0,5,277,90,Winter,80,Low Stock
118,Product_118,Household,Supplier_8,6,261,25,32.11,27.38,0,22.7,0,1,4,271,138,Spring,36,Normal
119,Product_119,Bakery,Supplier_6,1,470,54,11.34,8.86,25,34.9,1,0,4,10,126,Summer,65,Overstock
120,Product_120,Frozen,Supplier_15,6,139,31,24.21,13.44,0,21.5,1,1,2,337,53,Summer,40,Normal
121,Product_121,Frozen,Supplier_13,8,488,97,5.86,4.39,20,27,1,1,1,90,44,Spring,104,Overstock
122,Product_122,Beverages,Supplier_7,6,403,36,49.21,36.13,20,29.2,1,1,6,94,49,Summer,44,Overstock
123,Product_123,Frozen,Supplier_12,10,450,48,5.77,4.78,10,34.7,1,0,10,21,118,Rainy,52,Overstock
124,Product_124,Household,Supplier_15,7,563,12,17.79,13.24,25,38.9,1,1,5,147,50,Summer,23,Overstock
125,Product_125,Bakery,Supplier_8,1,207,74,37.92,22.45,5,19.7,1,1,8,99,75,Spring,78,Normal
126,Product_126,Bakery,Supplier_14,4,514,3,42.3,29.4,15,22.6,1,1,6,360,84,Winter,13,Overstock
127,Product_127,Household,Supplier_12,8,549,12,16.51,11.84,15,21.1,0,0,4,237,81,Summer,17,Overstock
128,Product_128,Beverages,Supplier_14,5,133,41,26.29,17.02,5,32.5,0,0,1,276,99,Rainy,46,Normal
129,Product_129,Meat,Supplier_14,2,230,94,27.18,21.04,10,17.1,0,0,6,139,102,Spring,92,Normal
130,Product_130,Grains,Supplier_1,7,499,79,26.09,17,5,23,1,1,7,132,122,Rainy,75,Overstock
131,Product_131,Fruits,Supplier_6,4,446,12,36.21,28.09,10,36.9,0,1,1,38,110,Winter,13,Overstock
132,Product_132,Bakery,Supplier_13,1,151,39,40.78,25.58,5,16.3,0,0,4,280,50,Summer,51,Overstock
133,Product_133,Beverages,Supplier_6,5,446,34,32.26,20.96,10,27.1,0,0,2,219,53,Spring,37,Overstock
134,Product_134,Frozen,Supplier_12,7,464,5,4.6,2.62,10,24.3,0,0,8,287,81,Spring,17,Overstock
135,Product_135,Dairy,Supplier_3,5,561,71,26.64,15.01,0,22.9,0,0,10,267,93,Spring,79,Overstock
136,Product_136,Grains,Supplier_7,2,576,52,37.88,24.46,10,38.7,1,0,1,152,100,Summer,56,Overstock
137,Product_137,Vegetables,Supplier_9,2,274,92,6.14,4.98,5,37.7,0,1,7,344,148,Winter,91,Normal
138,Product_138,Snacks,Supplier_7,9,161,77,12.08,10.72,10,30.3,1,1,4,315,53,Winter,78,Overstock
139,Product_139,Frozen,Supplier_2,9,366,80,12.21,9.32,15,23.5,1,0,6,240,52,Rainy,89,Overstock
140,Product_140,Fruits,Supplier_1,4,535,22,43.03,35.99,20,31.1,0,0,8,177,80,Winter,18,Overstock
141,Product_141,Beverages,Supplier_9,3,38,85,37.98,34.07,0,18.6,1,0,1,247,99,Summer,92,Low Stock
142,Product_142,Meat,Supplier_4,6,591,18,12.18,8.46,0,15.5,0,0,7,68,117,Rainy,25,Overstock
143,Product_143,Snacks,Supplier_6,3,324,21,40.04,29.54,25,33.8,1,1,8,257,47,Winter,27,Overstock
144,Product_144,Fruits,Supplier_15,2,267,14,35.2,20.57,10,24.4,1,1,2,259,91,Spring,23,Normal
145,Product_145,Meat,Supplier_5,3,499,40,2.65,1.59,10,17.7,0,0,8,309,54,Spring,35,Overstock
146,Product_146,Meat,Supplier_9,6,565,72,49.54,42.93,15,29.9,0,0,3,257,122,Winter,72,Overstock
147,Product_147,Meat,Supplier_5,10,475,27,44.45,26.62,10,29,1,0,10,336,138,Summer,22,Overstock
148,Product_148,Frozen,Supplier_7,3,462,28,9.66,8.55,25,31.7,0,1,3,62,141,Rainy,30,Overstock
149,Product_149,Vegetables,Supplier_11,5,496,20,43.87,38.31,10,39.2,1,1,1,248,139,Summer,31,Overstock
150,Product_150,Grains,Supplier_3,5,88,33,10.95,8.53,15,36.5,1,1,5,287,88,Spring,31,Normal
151,Product_151,Bakery,Supplier_10,5,396,53,12.06,10.67,15,18.8,1,0,3,170,61,Winter,55,Overstock
152,Product_152,Grains,Supplier_12,10,79,64,18,10.13,25,20.9,1,0,3,257,67,Summer,61,Normal
153,Product_153,Household,Supplier_12,4,167,41,21.32,12.01,10,39.8,0,0,8,327,77,Rainy,49,Normal
154,Product_154,Bakery,Supplier_5,1,147,38,11.14,6.73,0,22.6,1,1,8,148,68,Summer,35,Normal
155,Product_155,Frozen,Supplier_5,1,246,77,24.32,14.94,15,19.7,1,0,4,161,127,Rainy,88,Normal
156,Product_156,Dairy,Supplier_13,6,595,70,1.02,0.82,0,26.9,0,1,9,185,43,Spring,77,Overstock
157,Product_157,Household,Supplier_11,7,179,58,12.6,10.16,10,17.2,1,0,1,316,123,Rainy,61,Normal
158,Product_158,Household,Supplier_5,7,211,13,31.66,26.22,5,32.4,0,1,5,131,40,Summer,17,Overstock
159,Product_159,Beverages,Supplier_12,9,382,6,28.24,23.39,15,34.1,1,0,2,363,105,Spring,15,Overstock
160,Product_160,Meat,Supplier_3,5,409,49,47.21,37.93,25,39.8,0,1,9,33,64,Rainy,56,Overstock
161,Product_161,Meat,Supplier_11,7,146,30,47.53,41.99,20,32.1,0,1,10,115,40,Spring,32,Overstock
162,Product_162,Grains,Supplier_12,4,482,53,13.23,8.59,10,16.7,0,1,8,27,111,Winter,55,Overstock
163,Product_163,Beverages,Supplier_2,5,185,55,41.13,33.7,20,30.6,1,1,10,114,48,Spring,51,Overstock
164,Product_164,Household,Supplier_5,5,126,9,49.64,28.6,25,21.1,0,0,2,142,86,Winter,13,Normal
165,Product_165,Frozen,Supplier_7,6,213,1,46.14,34.06,5,18.5,0,0,9,279,51,Rainy,6,Overstock
166,Product_166,Dairy,Supplier_12,6,96,92,14.38,10.38,5,26.6,0,1,1,97,46,Winter,91,Normal
167,Product_167,Grains,Supplier_9,7,347,14,48.24,28.2,20,20,1,0,2,91,97,Spring,14,Overstock
168,Product_168,Meat,Supplier_13,6,260,32,27.19,16.69,0,35,1,1,7,293,146,Summer,42,Normal
169,Product_169,Vegetables,Supplier_1,9,546,79,42.86,29.44,15,31.3,0,1,5,291,73,Spring,74,Overstock
170,Product_170,Grains,Supplier_9,4,404,55,22.69,18.13,5,23.9,0,0,3,333,85,Winter,56,Overstock
171,Product_171,Meat,Supplier_3,4,291,2,30.32,23.54,15,20.2,1,1,4,212,106,Rainy,8,Normal
172,Product_172,Dairy,Supplier_8,10,173,72,7.53,4.39,25,19,1,1,3,54,125,Rainy,71,Normal
173,Product_173,Grains,Supplier_3,5,576,60,14.45,9.61,20,36,1,1,3,164,95,Summer,56,Overstock
174,Product_174,Vegetables,Supplier_5,3,203,76,45.55,30.16,5,26,1,1,5,46,90,Summer,72,Normal
175,Product_175,Meat,Supplier_11,7,436,9,24.23,21.27,20,17.4,1,0,9,328,101,Winter,13,Overstock
176,Product_176,Bakery,Supplier_14,2,357,82,2.57,1.55,20,25.6,1,0,2,234,53,Rainy,78,Overstock
177,Product_177,Household,Supplier_11,4,223,53,19.9,14.49,10,28.8,1,0,7,192,106,Spring,57,Normal
178,Product_178,Snacks,Supplier_7,4,181,50,17.5,15.75,5,30.9,1,1,3,60,74,Spring,60,Normal
179,Product_179,Dairy,Supplier_1,7,231,14,24.84,22.13,20,19.4,1,1,3,315,142,Summer,21,Normal
180,Product_180,Snacks,Supplier_9,1,89,58,3.19,2.68,25,35.5,1,0,9,257,120,Spring,56,Low Stock
181,Product_181,Snacks,Supplier_10,4,477,46,43.05,38.62,25,32,0,1,1,10,127,Winter,51,Overstock
182,Product_182,Meat,Supplier_10,9,428,66,7.13,5.98,20,15.4,0,1,2,155,42,Winter,70,Overstock
183,Product_183,Meat,Supplier_14,2,469,48,22.46,17.01,0,15.2,1,0,8,281,135,Rainy,53,Overstock
184,Product_184,Bakery,Supplier_7,6,144,20,49.87,32.68,20,27.2,1,1,4,48,68,Rainy,16,Normal
185,Product_185,Bakery,Supplier_10,6,102,44,38.65,24.31,0,38.6,0,1,9,119,138,Summer,42,Low Stock
186,Product_186,Vegetables,Supplier_13,3,576,68,44.88,34.54,5,35.9,1,0,3,100,55,Winter,64,Overstock
187,Product_187,Grains,Supplier_1,4,161,96,28.44,19.65,5,26.7,1,1,1,25,147,Spring,106,Normal
188,Product_188,Meat,Supplier_7,8,400,28,22.61,15.69,0,27.9,1,1,6,146,42,Winter,27,Overstock
189,Product_189,Grains,Supplier_5,6,74,6,30.37,24.98,10,32.1,0,1,7,187,56,Winter,15,Normal
190,Product_190,Dairy,Supplier_6,7,413,74,22.84,16.93,15,21.4,1,0,4,306,70,Winter,80,Overstock
191,Product_191,Dairy,Supplier_3,2,338,67,32.06,20.67,0,28.7,0,1,3,290,62,Spring,74,Overstock
192,Product_192,Frozen,Supplier_8,1,533,79,25.72,14.18,25,16.2,0,0,3,70,146,Spring,76,Overstock
193,Product_193,Bakery,Supplier_7,1,192,6,37.84,29.47,25,35.5,1,0,1,20,42,Rainy,11,Overstock
194,Product_194,Dairy,Supplier_8,9,576,3,14.9,9.28,5,16.5,0,1,9,120,40,Winter,4,Overstock
195,Product_195,Vegetables,Supplier_15,6,427,53,49.13,41.8,25,24.6,1,0,2,362,51,Rainy,58,Overstock
196,Product_196,Fruits,Supplier_7,7,353,55,12.75,10.48,10,29.2,0,1,4,30,90,Winter,54,Overstock
197,Product_197,Household,Supplier_9,2,527,48,32.73,19.44,25,33.9,0,1,7,338,126,Spring,53,Overstock
198,Product_198,Beverages,Supplier_3,10,399,55,31.48,18.35,25,21.6,1,0,4,20,148,Rainy,58,Normal
199,Product_199,Grains,Supplier_6,5,397,49,20.5,12.2,5,17.1,1,0,8,7,77,Summer,51,Overstock
200,Product_200,Fruits,Supplier_6,3,85,96,45.99,40.48,5,19.2,1,0,7,149,48,Spring,105,Normal
1,Product_001,Meat,Supplier_3,8,226,93,6.01,3.8,20,29.9,0,1,8,64,124,Winter,96,Normal
2,Product_002,Snacks,Supplier_13,3,453,5,11.79,10.08,5,30.6,0,1,4,337,91,Spring,16,Overstock
3,Product_003,Frozen,Supplier_4,6,273,35,27.03,23.5,15,18.2,1,1,8,155,85,Spring,37,Overstock
4,Product_004,Meat,Supplier_4,3,528,47,31.98,24.14,0,19.6,1,0,6,214,129,Winter,55,Overstock
5,Product_005,Meat,Supplier_3,9,389,97,2.14,1.36,15,32.3,0,1,9,242,129,Winter,100,Overstock
6,Product_006,Vegetables,Supplier_7,3,172,70,49.01,35.97,25,35.3,0,1,10,58,116,Winter,69,Normal
7,Product_007,Household,Supplier_13,10,140,66,25.93,23.01,15,20.6,1,0,5,268,40,Rainy,70,Overstock
8,Product_008,Frozen,Supplier_1,6,512,71,33.67,22.98,20,33,1,1,6,319,79,Winter,71,Overstock
9,Product_009,Fruits,Supplier_14,9,284,16,35.26,27.71,15,17.6,0,1,8,231,92,Spring,24,Overstock
10,Product_010,Frozen,Supplier_12,3,84,22,43.13,34.56,15,27.3,1,1,10,21,90,Summer,24,Low Stock
11,Product_011,Vegetables,Supplier_3,4,470,57,32.6,25.98,25,17.5,0,1,7,127,74,Rainy,57,Overstock
12,Product_012,Fruits,Supplier_4,5,48,91,29.06,23.84,0,27,0,0,2,241,115,Summer,102,Low Stock
13,Product_013,Grains,Supplier_2,6,133,56,21.46,15.97,10,24.4,1,0,10,200,89,Winter,58,Normal
14,Product_014,Grains,Supplier_11,2,256,3,29.8,21.62,0,37.8,0,1,9,107,121,Spring,1,Normal
15,Product_015,Bakery,Supplier_14,3,436,95,20.92,13.35,25,25.3,1,1,8,122,149,Spring,105,Normal
16,Product_016,Grains,Supplier_14,10,589,60,14.28,11.06,25,36.6,0,0,1,6,93,Winter,69,Overstock
17,Product_017,Vegetables,Supplier_13,3,121,56,28.13,19.52,0,15.4,0,1,7,71,146,Summer,65,Low Stock
18,Product_018,Beverages,Supplier_13,3,92,52,4.81,2.85,25,39,1,1,8,264,128,Winter,61,Low Stock
19,Product_019,Bakery,Supplier_14,7,524,68,11.29,7.33,10,35.8,1,0,9,146,81,Winter,67,Overstock
20,Product_020,Dairy,Supplier_13,9,345,14,1.05,0.59,20,20.9,1,0,1,105,143,Winter,26,Normal
21,Product_021,Bakery,Supplier_5,7,535,48,47.06,41.07,15,18,0,1,1,203,57,Winter,53,Overstock
22,Product_022,Beverages,Supplier_3,4,135,30,4.47,2.96,15,15.6,1,0,3,284,66,Spring,41,Normal
23,Product_023,Bakery,Supplier_3,5,118,31,18.13,13.48,15,18.1,1,1,5,60,148,Rainy,29,Low Stock
24,Product_024,Household,Supplier_15,8,590,21,2.71,2.06,25,17.5,1,1,2,312,48,Winter,30,Overstock
25,Product_025,Vegetables,Supplier_14,1,43,73,32.51,19.46,25,19.6,1,1,3,14,105,Winter,82,Low Stock
26,Product_026,Vegetables,Supplier_7,4,226,58,28.14,17.36,20,25.7,0,1,4,305,95,Rainy,57,Normal
27,Product_027,Fruits,Supplier_5,10,418,47,35.79,25.68,15,39.6,1,0,10,166,130,Spring,46,Overstock
28,Product_028,Meat,Supplier_8,4,256,4,48.1,38.94,5,22.2,1,0,5,106,121,Spring,1,Normal
29,Product_029,Snacks,Supplier_11,8,433,45,8.68,6.59,10,19.5,0,1,2,40,59,Rainy,50,Overstock
30,Product_030,Household,Supplier_5,2,130,11,18.77,13.72,20,31.6,1,0,7,185,144,Rainy,22,Low Stock
31,Product_031,Vegetables,Supplier_2,6,197,43,40.24,24.98,5,32.4,0,0,2,304,113,Rainy,55,Normal
32,Product_032,Dairy,Supplier_6,4,199,73,17.37,10.72,10,29.6,1,0,8,291,53,Rainy,74,Overstock
33,Product_033,Household,Supplier_5,8,282,66,48,34.22,25,34.1,1,1,8,225,122,Winter,61,Normal
34,Product_034,Vegetables,Supplier_15,7,241,41,30.11,24.79,20,35.8,1,1,4,174,58,Rainy,50,Overstock
35,Product_035,Fruits,Supplier_9,7,151,10,44.24,26.92,20,30.1,0,0,8,202,44,Summer,6,Overstock
36,Product_036,Frozen,Supplier_13,3,80,89,48.98,33.06,5,28.3,0,0,1,325,40,Rainy,101,Normal
37,Product_037,Household,Supplier_6,3,225,16,10.2,8.86,25,20.6,0,1,6,252,51,Winter,17,Overstock
38,Product_038,Vegetables,Supplier_10,1,58,29,34.19,30.25,10,20.4,1,1,7,23,81,Summer,37,Low Stock
39,Product_039,Fruits,Supplier_1,4,235,94,33.84,22.57,0,40,0,0,2,216,136,Winter,106,Normal
40,Product_040,Fruits,Supplier_5,6,282,22,41.08,36.06,20,25.7,1,1,9,7,147,Rainy,21,Normal
41,Product_041,Meat,Supplier_12,8,591,27,31.21,19.18,25,39.8,1,0,6,24,57,Winter,35,Overstock
42,Product_042,Household,Supplier_5,1,190,38,37.39,27.72,5,23.2,0,0,10,50,53,Spring,36,Overstock
43,Product_043,Frozen,Supplier_8,4,377,33,45.87,40.45,0,35.4,1,1,9,100,108,Winter,39,Overstock
44,Product_044,Household,Supplier_10,10,144,82,28.11,19.04,20,32.8,0,1,1,45,43,Spring,83,Overstock
45,Product_045,Grains,Supplier_7,3,295,1,40.75,32.32,25,16.2,1,0,7,84,104,Rainy,2,Normal
46,Product_046,Snacks,Supplier_14,5,212,90,17.58,9.7,10,39.2,0,1,8,25,68,Spring,93,Overstock
47,Product_047,Household,Supplier_5,10,456,62,33.87,23.64,0,34.3,1,1,2,329,50,Rainy,71,Overstock
48,Product_048,Snacks,Supplier_6,9,411,91,1.3,0.86,20,20.8,0,0,10,310,144,Rainy,101,Normal
49,Product_049,Grains,Supplier_11,8,311,54,18.71,16.41,15,16.4,0,0,8,186,102,Winter,53,Overstock
50,Product_050,Grains,Supplier_1,5,412,45,32.21,21.56,0,32.6,1,0,1,334,93,Rainy,42,Overstock
51,Product_051,Snacks,Supplier_7,3,513,97,24.3,21.19,15,37.6,1,1,3,359,67,Summer,102,Overstock
52,Product_052,Frozen,Supplier_9,4,154,2,25.33,17.38,15,32.2,0,1,8,257,121,Winter,1,Normal
53,Product_053,Vegetables,Supplier_9,6,388,54,43.35,38.31,15,33.2,0,1,4,245,116,Summer,55,Overstock
54,Product_054,Meat,Supplier_8,10,282,55,5.81,4.18,15,33.2,1,0,8,143,79,Summer,59,Overstock
55,Product_055,Fruits,Supplier_13,8,156,42,20.11,15.3,10,24.8,0,1,8,57,64,Winter,43,Normal
56,Product_056,Fruits,Supplier_12,1,276,95,29.5,19.5,0,16.9,0,0,2,333,120,Winter,103,Normal
57,Product_057,Snacks,Supplier_7,10,306,32,30.25,23.41,0,16.1,0,0,8,290,119,Spring,27,Normal
58,Product_058,Snacks,Supplier_12,1,486,75,33.02,27.17,0,17,1,0,6,181,86,Summer,83,Overstock
59,Product_059,Snacks,Supplier_6,9,249,54,7.93,5.48,25,17.8,1,1,5,69,128,Rainy,58,Normal
60,Product_060,Meat,Supplier_7,7,304,62,46.39,40.38,10,18.8,0,1,2,213,134,Rainy,68,Normal
61,Product_061,Dairy,Supplier_9,2,92,58,33.7,20.07,0,27.3,0,0,4,228,139,Winter,56,Low Stock
62,Product_062,Frozen,Supplier_13,3,284,74,20.1,13.38,20,22.3,1,0,2,257,141,Rainy,81,Normal
63,Product_063,Meat,Supplier_12,5,202,63,16.01,9.06,5,39.1,0,0,8,255,93,Spring,70,Normal
64,Product_064,Frozen,Supplier_5,3,358,61,31.6,23.77,25,18,0,1,2,74,103,Summer,68,Overstock
65,Product_065,Snacks,Supplier_14,8,595,39,4.94,2.92,5,31.3,0,1,3,124,97,Rainy,46,Overstock
66,Product_066,Beverages,Supplier_9,5,45,70,19.08,13.9,25,17.2,1,1,2,129,91,Winter,76,Low Stock
67,Product_067,Meat,Supplier_15,2,327,2,37.15,29.76,15,32.8,0,1,9,190,96,Winter,1,Overstock
68,Product_068,Bakery,Supplier_7,2,360,50,48.28,33.99,5,25.5,0,1,5,77,137,Spring,55,Normal
69,Product_069,Vegetables,Supplier_3,6,304,23,16.86,11.07,15,24.4,1,0,8,260,104,Spring,25,Normal
70,Product_070,Frozen,Supplier_2,7,227,22,20.25,14.78,25,34.4,0,0,9,338,105,Spring,17,Normal
71,Product_071,Frozen,Supplier_3,10,338,14,28.02,18.12,15,26.4,0,0,9,323,43,Rainy,13,Overstock
72,Product_072,Frozen,Supplier_4,5,281,96,31.1,27.01,10,15.4,0,1,3,359,111,Rainy,108,Normal
73,Product_073,Beverages,Supplier_14,1,111,25,13.02,7.84,10,19.1,0,0,7,173,123,Winter,34,Low Stock
74,Product_074,Bakery,Supplier_13,8,44,33,38.19,27.82,10,26.1,1,1,7,350,49,Rainy,32,Low Stock
75,Product_075,Meat,Supplier_3,3,262,10,26.45,19.72,5,37.6,0,1,4,333,142,Winter,18,Normal
76,Product_076,Snacks,Supplier_13,5,319,76,40.64,34.17,15,35.7,1,0,1,183,48,Summer,80,Overstock
77,Product_077,Meat,Supplier_10,4,558,71,49.61,31.27,15,29,1,0,5,96,135,Summer,70,Overstock
78,Product_078,Bakery,Supplier_2,4,251,11,10.64,8.93,20,25.2,1,0,6,289,88,Spring,14,Normal
79,Product_079,Vegetables,Supplier_7,1,498,89,42.14,33.53,10,29.5,1,1,2,304,115,Rainy,99,Overstock
80,Product_080,Snacks,Supplier_4,2,509,54,21.18,12.48,20,33.3,0,0,9,353,133,Summer,53,Overstock
81,Product_081,Dairy,Supplier_3,5,262,55,2.98,2.53,20,27,1,1,4,232,56,Rainy,56,Overstock
82,Product_082,Meat,Supplier_14,7,359,88,2.2,1.61,25,34.6,0,1,2,118,42,Summer,94,Overstock
83,Product_083,Bakery,Supplier_6,1,490,76,32.95,22.04,25,35.5,1,1,4,92,61,Rainy,80,Overstock
84,Product_084,Frozen,Supplier_1,4,523,10,44.31,26.38,15,36.7,1,0,2,157,144,Rainy,8,Overstock
85,Product_085,Meat,Supplier_14,2,581,33,47.52,29.42,0,31.4,0,1,7,208,142,Rainy,43,Overstock
86,Product_086,Meat,Supplier_8,5,224,96,27.93,15.43,10,27.9,0,1,4,53,116,Summer,108,Normal
87,Product_087,Snacks,Supplier_14,7,174,43,8.73,5.47,15,22.3,0,1,7,337,125,Spring,44,Normal
88,Product_088,Beverages,Supplier_5,2,565,30,40.95,35.33,5,33.4,0,1,8,100,79,Spring,29,Overstock
89,Product_089,Household,Supplier_7,8,206,58,33.79,19.96,0,20.1,1,1,1,310,49,Winter,54,Overstock
90,Product_090,Dairy,Supplier_4,2,78,24,8.17,6.96,15,17,1,0,7,220,53,Summer,30,Normal
91,Product_091,Snacks,Supplier_15,9,518,59,34.59,21.32,25,15.4,1,1,3,84,114,Summer,58,Overstock
92,Product_092,Snacks,Supplier_11,8,447,34,3.22,2.63,0,39.1,1,0,7,151,93,Summer,34,Overstock
93,Product_093,Meat,Supplier_3,2,125,11,34.81,23.73,0,23.8,0,0,2,217,121,Spring,9,Normal
94,Product_094,Grains,Supplier_11,1,529,29,2.91,2.4,10,36.9,0,0,7,28,109,Winter,36,Overstock
95,Product_095,Grains,Supplier_12,10,476,2,6,4,20,33.8,1,1,4,138,119,Summer,11,Overstock
96,Product_096,Meat,Supplier_7,5,537,82,45.98,34.29,0,22.2,0,0,7,122,131,Winter,80,Overstock
97,Product_097,Meat,Supplier_1,5,232,100,26.46,22.27,10,29.5,1,1,4,241,98,Winter,100,Normal
98,Product_098,Beverages,Supplier_8,3,575,32,20.07,16.16,15,36,0,1,8,137,58,Rainy,40,Overstock
99,Product_099,Meat,Supplier_10,5,92,6,42.78,34.95,10,37.8,1,0,10,313,81,Rainy,10,Normal
100,Product_100,Vegetables,Supplier_13,7,263,12,49.04,44.06,15,26.5,1,0,9,51,65,Spring,13,Overstock
101,Product_101,Vegetables,Supplier_1,5,231,2,9.95,7.65,10,36.7,0,1,4,271,49,Summer,1,Overstock
102,Product_102,Dairy,Supplier_7,3,77,40,41.33,34.41,5,16.3,1,1,7,162,123,Rainy,49,Low Stock
103,Product_103,Grains,Supplier_2,2,140,58,12.18,7.84,25,28.3,1,1,4,287,71,Summer,53,Normal
104,Product_104,Bakery,Supplier_9,10,256,84,10.36,7.13,5,33,0,0,7,12,121,Summer,85,Normal
105,Product_105,Meat,Supplier_6,7,421,7,47.11,41.06,0,17.6,0,1,4,170,73,Winter,9,Overstock
106,Product_106,Dairy,Supplier_15,3,355,36,3.81,2.86,25,31.8,1,1,8,119,110,Rainy,37,Overstock
107,Product_107,Meat,Supplier_8,10,66,74,10.35,6.13,10,20.2,0,0,4,353,148,Summer,85,Low Stock
108,Product_108,Beverages,Supplier_10,1,59,27,24.18,16.07,10,30.1,0,0,6,6,145,Rainy,30,Low Stock
109,Product_109,Frozen,Supplier_7,4,404,3,15.71,12.96,0,16,1,1,7,64,108,Spring,12,Overstock
110,Product_110,Bakery,Supplier_7,8,420,16,20.46,12.25,10,35.8,1,1,1,237,49,Spring,27,Overstock
111,Product_111,Household,Supplier_8,7,49,25,38.51,27.46,15,24.5,0,1,7,54,54,Winter,21,Low Stock
112,Product_112,Fruits,Supplier_11,3,357,64,46.32,33.61,20,30.4,0,0,1,146,42,Summer,74,Overstock
113,Product_113,Vegetables,Supplier_2,7,565,21,47.82,35.02,10,23.1,0,1,3,13,89,Spring,27,Overstock
114,Product_114,Household,Supplier_7,1,525,11,29.57,17.86,5,36.1,1,0,10,53,118,Winter,15,Overstock
115,Product_115,Grains,Supplier_14,6,598,83,46.49,27.05,10,30.8,1,0,8,19,77,Winter,90,Overstock
116,Product_116,Snacks,Supplier_12,1,340,57,46.12,41.24,25,15,0,1,3,37,58,Winter,68,Overstock
117,Product_117,Household,Supplier_14,2,530,51,30.02,20.6,0,18.6,1,1,9,109,135,Rainy,58,Overstock
118,Product_118,Household,Supplier_15,7,483,89,12.16,8.22,25,23.9,1,1,9,64,92,Rainy,96,Overstock
119,Product_119,Bakery,Supplier_15,3,61,81,10.6,9.5,25,20.3,0,1,5,331,50,Rainy,78,Normal
120,Product_120,Frozen,Supplier_14,1,373,30,39.99,27.72,10,32.4,0,0,5,151,144,Summer,35,Normal
121,Product_121,Frozen,Supplier_5,8,174,46,20.9,16.34,10,30.9,0,0,8,79,61,Rainy,49,Normal
122,Product_122,Beverages,Supplier_5,6,155,10,28.24,24.83,20,28.6,0,1,1,56,47,Spring,14,Overstock
123,Product_123,Frozen,Supplier_10,7,260,73,42.26,37.08,10,39.7,0,1,7,41,42,Spring,77,Overstock
124,Product_124,Household,Supplier_2,8,93,57,40.46,33.65,0,32.8,1,1,6,113,71,Rainy,68,Normal
125,Product_125,Bakery,Supplier_1,4,377,27,37.98,31,15,35.2,0,1,8,214,129,Summer,38,Normal
126,Product_126,Bakery,Supplier_6,3,452,39,44.76,36.88,5,17.6,0,1,2,98,79,Winter,45,Overstock
127,Product_127,Household,Supplier_1,10,102,10,5.98,5.19,10,19.4,1,0,4,262,72,Winter,22,Normal
128,Product_128,Beverages,Supplier_7,3,157,60,45.9,32.2,10,36.4,1,0,2,288,148,Rainy,59,Normal
129,Product_129,Meat,Supplier_4,9,195,70,10.35,6.27,10,18.8,1,1,4,318,70,Rainy,79,Normal
130,Product_130,Grains,Supplier_1,9,75,90,3.49,2.55,20,18.3,0,1,10,31,73,Spring,98,Normal
131,Product_131,Fruits,Supplier_14,10,361,98,43.36,31,0,21.5,0,0,8,304,59,Summer,107,Overstock
132,Product_132,Bakery,Supplier_1,8,155,38,35.54,20.34,20,23.1,1,0,8,84,140,Rainy,48,Normal
133,Product_133,Beverages,Supplier_5,2,303,79,22.33,19.41,20,39.7,1,1,3,316,112,Summer,86,Normal
134,Product_134,Frozen,Supplier_5,8,240,67,8.94,6.87,10,16.3,0,1,3,294,118,Summer,70,Normal
135,Product_135,Dairy,Supplier_4,5,491,79,19.73,12.22,5,17.1,0,0,1,81,76,Spring,78,Overstock
136,Product_136,Grains,Supplier_8,6,54,100,5.49,3.55,20,34.2,1,0,8,284,59,Summer,101,Low Stock
137,Product_137,Vegetables,Supplier_4,10,527,91,13.39,9.52,5,19.1,1,0,4,266,94,Rainy,89,Overstock
138,Product_138,Snacks,Supplier_13,10,515,82,12.38,8.16,15,29.1,0,0,5,289,114,Spring,78,Overstock
139,Product_139,Frozen,Supplier_6,2,355,65,15.94,12.76,10,34.5,1,1,3,211,84,Winter,68,Overstock
140,Product_140,Fruits,Supplier_7,3,216,89,10.76,7.68,10,34.7,0,0,3,90,70,Rainy,84,Overstock
141,Product_141,Beverages,Supplier_11,7,158,6,18.52,15.47,5,15.3,0,1,1,113,128,Spring,10,Normal
142,Product_142,Meat,Supplier_15,7,408,39,5.36,3.37,10,28.5,1,0,2,206,128,Rainy,43,Overstock
143,Product_143,Snacks,Supplier_2,8,527,35,44.25,36.03,0,24.3,1,0,5,12,44,Spring,30,Overstock
144,Product_144,Fruits,Supplier_15,8,280,11,39.43,28.59,10,17.1,0,0,8,13,148,Rainy,16,Normal
145,Product_145,Meat,Supplier_3,9,410,91,8.85,5.52,15,33.5,0,1,2,17,126,Winter,95,Overstock
146,Product_146,Meat,Supplier_7,2,395,84,3.58,2.16,5,21.6,1,0,5,44,45,Summer,87,Overstock
147,Product_147,Meat,Supplier_14,1,156,90,45.09,30.82,15,16.1,1,1,9,127,46,Summer,99,Overstock
148,Product_148,Frozen,Supplier_2,6,137,40,36.4,28.73,15,27,0,0,7,189,116,Rainy,37,Normal
149,Product_149,Vegetables,Supplier_3,5,326,60,22.81,18.01,20,21.8,0,0,10,202,51,Spring,64,Overstock
150,Product_150,Grains,Supplier_10,10,460,65,31.15,17.83,25,31.2,0,0,8,157,95,Winter,63,Overstock
151,Product_151,Bakery,Supplier_10,3,101,99,18.52,11.52,20,24,0,1,7,5,134,Summer,109,Low Stock
152,Product_152,Grains,Supplier_9,8,455,8,4.19,3.45,10,24.6,0,0,10,136,107,Winter,6,Overstock
153,Product_153,Household,Supplier_12,7,311,52,1.71,1.43,15,36.3,0,0,4,314,95,Winter,54,Overstock
154,Product_154,Bakery,Supplier_13,9,588,90,28.93,19.89,20,15.2,1,0,4,326,66,Spring,89,Overstock
155,Product_155,Frozen,Supplier_10,5,379,16,47.99,28,25,24.2,0,0,4,305,41,Rainy,20,Overstock
156,Product_156,Dairy,Supplier_8,10,112,24,5.02,4.3,10,35,0,1,4,145,134,Winter,23,Low Stock
157,Product_157,Household,Supplier_5,7,311,61,39.46,23.95,20,33.2,1,0,3,180,69,Spring,68,Overstock
158,Product_158,Household,Supplier_3,7,83,64,37.44,23.24,5,25.6,0,0,7,72,69,Winter,69,Normal
159,Product_159,Beverages,Supplier_2,8,378,79,24.13,14.69,5,27,0,0,1,259,79,Summer,74,Overstock
160,Product_160,Meat,Supplier_7,10,284,58,48.52,38.49,15,17.9,1,0,1,129,43,Spring,69,Overstock
161,Product_161,Meat,Supplier_5,10,294,78,18.01,10.72,15,30.2,0,0,1,313,113,Rainy,88,Normal
162,Product_162,Grains,Supplier_10,6,486,64,41.56,30.84,10,38.5,0,1,5,18,126,Spring,62,Overstock
163,Product_163,Beverages,Supplier_13,2,226,73,44,34.56,20,19.1,0,1,3,329,95,Rainy,83,Normal
164,Product_164,Household,Supplier_8,9,355,91,34.1,25.02,15,39.1,0,0,9,258,88,Spring,94,Overstock
165,Product_165,Frozen,Supplier_9,4,367,100,40.02,30.35,0,36.8,1,0,3,212,78,Spring,95,Overstock
166,Product_166,Dairy,Supplier_9,9,286,3,37.79,31.84,5,38.6,0,0,1,36,114,Winter,1,Normal
167,Product_167,Grains,Supplier_7,8,101,28,22.26,12.44,0,19.3,1,1,2,267,58,Rainy,25,Normal
168,Product_168,Meat,Supplier_11,10,156,33,1.37,0.92,5,17.9,0,1,5,183,144,Spring,40,Normal
169,Product_169,Vegetables,Supplier_10,1,314,54,35.14,29.8,25,22.8,1,0,6,335,91,Spring,58,Overstock
170,Product_170,Grains,Supplier_11,3,199,86,20.46,15.17,10,38.6,0,0,9,90,64,Spring,92,Overstock
171,Product_171,Meat,Supplier_5,6,166,16,45.65,33.68,15,37.7,1,1,6,128,47,Winter,28,Overstock
172,Product_172,Dairy,Supplier_1,1,492,47,11.47,7.53,10,29.3,1,1,9,242,53,Summer,59,Overstock
173,Product_173,Grains,Supplier_12,5,147,69,22.03,15.34,25,31.9,0,1,3,345,64,Spring,76,Normal
174,Product_174,Vegetables,Supplier_14,1,454,39,36.89,27.45,0,22.1,0,1,7,351,113,Summer,39,Overstock
175,Product_175,Meat,Supplier_2,3,44,9,9.51,6.71,15,20.7,0,0,3,3,134,Winter,10,Low Stock
176,Product_176,Bakery,Supplier_10,9,323,10,48.71,27.66,5,25.3,1,0,8,17,104,Winter,12,Overstock
177,Product_177,Household,Supplier_12,1,373,25,2.46,1.85,20,20.7,0,1,2,149,144,Spring,29,Normal
178,Product_178,Snacks,Supplier_6,8,501,57,46.39,40.58,10,36.9,1,1,4,291,60,Rainy,61,Overstock
179,Product_179,Dairy,Supplier_15,1,456,52,44.96,35.07,10,38,1,0,6,97,53,Winter,58,Overstock
180,Product_180,Snacks,Supplier_1,2,254,58,49.5,31.79,25,26.8,1,1,10,64,54,Summer,56,Overstock
181,Product_181,Snacks,Supplier_11,10,323,80,4.43,3.29,15,33.3,1,1,4,64,146,Winter,86,Normal
182,Product_182,Meat,Supplier_9,9,57,39,49.46,40.21,5,17.8,0,1,6,279,122,Winter,39,Low Stock
183,Product_183,Meat,Supplier_9,3,276,21,16.8,9.95,0,15.3,0,0,8,8,50,Rainy,28,Overstock
184,Product_184,Bakery,Supplier_15,1,78,75,27.81,23.33,0,15.8,1,0,8,78,101,Summer,72,Low Stock
185,Product_185,Bakery,Supplier_7,7,175,38,13.22,10.39,0,24.9,0,0,3,72,89,Spring,44,Normal
186,Product_186,Vegetables,Supplier_14,4,166,48,18.87,11.17,25,21.6,0,0,1,193,114,Summer,58,Normal
187,Product_187,Grains,Supplier_10,7,313,65,38.87,25.81,0,25.3,1,1,3,239,70,Summer,64,Overstock
188,Product_188,Meat,Supplier_13,3,193,55,31.32,19.57,15,38.7,1,1,2,244,149,Summer,51,Normal
189,Product_189,Grains,Supplier_5,3,490,76,44.21,37.73,25,25.2,1,1,2,156,83,Summer,79,Overstock
190,Product_190,Dairy,Supplier_13,2,408,20,11.17,8.64,5,19.3,0,1,6,183,76,Rainy,28,Overstock
191,Product_191,Dairy,Supplier_5,1,152,51,48.41,27.67,10,28.1,1,0,4,163,143,Winter,59,Normal
192,Product_192,Frozen,Supplier_5,5,495,16,12.73,11.03,0,17.7,1,1,7,203,147,Spring,19,Overstock
193,Product_193,Bakery,Supplier_1,10,142,39,34.47,27.85,5,37.4,1,0,10,300,99,Spring,50,Normal
194,Product_194,Dairy,Supplier_15,3,247,34,12.18,10.71,20,17.3,0,0,10,340,86,Rainy,31,Normal
195,Product_195,Vegetables,Supplier_9,4,272,38,26.21,20.15,15,20.6,0,1,5,138,66,Spring,45,Overstock
196,Product_196,Fruits,Supplier_7,9,126,85,3.53,2.92,25,29,1,0,10,172,146,Rainy,87,Low Stock
197,Product_197,Household,Supplier_15,1,94,46,23.02,12.82,0,18.8,1,1,7,14,56,Winter,52,Normal
198,Product_198,Beverages,Supplier_15,2,367,3,32.37,24.62,0,37.1,0,1,7,166,42,Rainy,1,Overstock
199,Product_199,Grains,Supplier_6,3,399,36,14.63,12.24,10,33.6,1,1,6,240,119,Summer,41,Overstock
200,Product_200,Fruits,Supplier_14,5,511,23,10.25,7.06,25,21.1,1,1,6,68,62,Summer,18,Overstock
1,Product_001,Meat,Supplier_10,5,47,89,6.42,4.26,25,33.7,0,0,9,126,55,Summer,93,Low Stock
2,Product_002,Snacks,Supplier_7,6,44,94,26.16,21.99,20,39,1,1,3,54,133,Summer,96,Low Stock
3,Product_003,Frozen,Supplier_2,2,138,35,34.74,24.09,15,17.4,0,0,6,61,105,Rainy,38,Normal
4,Product_004,Meat,Supplier_13,4,489,60,35.01,25.46,10,36.5,0,1,4,362,82,Spring,57,Overstock
5,Product_005,Meat,Supplier_14,9,541,22,32.77,20.42,20,27,1,1,8,362,124,Summer,31,Overstock
6,Product_006,Vegetables,Supplier_9,4,213,56,13.59,11.62,10,20.3,1,1,10,25,107,Spring,60,Normal
7,Product_007,Household,Supplier_7,5,267,39,30.5,27.35,15,26.1,1,1,3,108,142,Winter,36,Normal
8,Product_008,Frozen,Supplier_13,5,451,85,37.71,27.47,20,15.1,1,1,6,158,103,Rainy,82,Overstock
9,Product_009,Fruits,Supplier_6,1,146,71,30.61,25.79,0,27.3,1,1,4,46,74,Spring,70,Normal
10,Product_010,Frozen,Supplier_10,8,506,11,37.96,31.89,15,18.2,0,1,4,161,104,Rainy,19,Overstock
11,Product_011,Vegetables,Supplier_15,4,332,81,43.46,32.85,25,38.5,0,1,4,347,79,Summer,77,Overstock
12,Product_012,Fruits,Supplier_15,10,486,47,37.92,22.74,10,32.8,1,0,2,133,68,Rainy,54,Overstock
13,Product_013,Grains,Supplier_11,7,554,2,47.75,28.15,5,15.8,0,1,6,33,113,Spring,1,Overstock
14,Product_014,Grains,Supplier_4,7,451,17,9.16,6.36,5,32.7,0,1,8,346,76,Spring,27,Overstock
15,Product_015,Bakery,Supplier_2,3,414,39,24.39,18.12,25,36.6,1,0,5,91,67,Spring,50,Overstock
16,Product_016,Grains,Supplier_1,9,79,33,25.95,18.18,20,15.5,0,0,1,358,132,Spring,32,Low Stock
17,Product_017,Vegetables,Supplier_14,1,321,27,40.63,32.83,0,20,0,0,4,159,42,Summer,31,Overstock
18,Product_018,Beverages,Supplier_9,4,313,74,42.3,26.88,20,19.2,1,0,4,269,52,Spring,71,Overstock
19,Product_019,Bakery,Supplier_14,7,323,28,28.96,18.79,10,15.2,0,1,2,106,91,Summer,27,Overstock
20,Product_020,Dairy,Supplier_9,5,431,22,33.28,27.78,0,32.5,1,1,3,267,128,Summer,25,Overstock
21,Product_021,Bakery,Supplier_7,2,496,58,28.13,24.48,5,38.7,0,0,3,362,71,Spring,63,Overstock
22,Product_022,Beverages,Supplier_7,8,44,49,12.28,8.04,15,20.3,1,1,9,201,43,Spring,52,Normal
23,Product_023,Bakery,Supplier_9,10,331,46,47.96,41.82,25,37.5,1,0,7,68,51,Spring,57,Overstock
24,Product_024,Household,Supplier_9,9,524,29,46.55,38.86,25,32.5,0,0,1,164,120,Spring,26,Overstock
25,Product_025,Vegetables,Supplier_9,3,506,61,5.53,4.03,15,15.4,1,1,5,119,58,Winter,70,Overstock
26,Product_026,Vegetables,Supplier_12,10,54,29,48.02,34.4,25,39.6,0,0,8,306,128,Spring,32,Low Stock
27,Product_027,Fruits,Supplier_3,5,372,71,2.72,1.95,0,36,0,0,4,72,83,Spring,70,Overstock
28,Product_028,Meat,Supplier_9,8,255,21,46.44,29.57,0,37.1,1,1,10,278,90,Winter,18,Normal
29,Product_029,Snacks,Supplier_14,5,550,92,19.41,12.17,20,22.1,1,0,6,21,50,Summer,100,Overstock
30,Product_030,Household,Supplier_1,1,178,1,32.73,28.61,15,16.7,0,1,4,6,84,Spring,5,Normal
31,Product_031,Vegetables,Supplier_7,9,355,94,29.82,20.98,0,37.4,1,1,6,178,118,Rainy,95,Overstock
32,Product_032,Dairy,Supplier_3,10,393,1,19.4,12.33,20,30.8,1,1,9,158,150,Summer,2,Normal
33,Product_033,Household,Supplier_11,3,317,47,32.94,22.26,0,36.4,0,1,10,320,41,Summer,59,Overstock
34,Product_034,Vegetables,Supplier_13,6,391,19,13.94,9.39,20,34.8,1,0,1,184,54,Winter,22,Overstock
35,Product_035,Fruits,Supplier_7,2,292,35,11.55,6.42,5,35.4,1,0,2,172,135,Rainy,37,Normal
36,Product_036,Frozen,Supplier_13,1,119,37,46.12,26.02,0,27.2,1,1,4,220,63,Summer,37,Normal
37,Product_037,Household,Supplier_2,7,280,60,30.55,22.45,0,26.8,1,1,3,17,114,Spring,65,Normal
38,Product_038,Vegetables,Supplier_9,10,232,55,41.57,35.4,10,32.7,1,1,7,101,119,Rainy,58,Normal
39,Product_039,Fruits,Supplier_14,8,50,73,9.23,8.08,20,19.9,0,0,3,192,78,Spring,71,Low Stock
40,Product_040,Fruits,Supplier_14,8,462,75,6.39,4.07,25,39.5,0,1,5,339,110,Spring,73,Overstock
41,Product_041,Meat,Supplier_3,6,414,41,8.08,5.4,15,15.4,1,1,3,132,140,Winter,48,Normal
42,Product_042,Household,Supplier_5,9,300,52,31.09,19.86,25,39.4,0,0,8,241,89,Summer,47,Overstock
43,Product_043,Frozen,Supplier_11,9,319,60,38.96,32.39,0,31,1,1,1,121,133,Winter,66,Normal
44,Product_044,Household,Supplier_1,1,35,13,21.22,17.93,10,25.3,1,0,2,187,48,Spring,14,Low Stock
45,Product_045,Grains,Supplier_4,3,528,35,37.71,25.49,15,39.7,1,0,8,68,140,Summer,42,Overstock
46,Product_046,Snacks,Supplier_8,4,158,56,48.02,41.52,0,19.5,1,1,7,228,68,Spring,51,Normal
47,Product_047,Household,Supplier_1,2,533,95,45.2,30.78,5,37.1,0,1,2,101,61,Rainy,100,Overstock
48,Product_048,Snacks,Supplier_6,7,431,34,47.17,40.89,5,33.6,0,0,3,76,97,Summer,34,Overstock
49,Product_049,Grains,Supplier_12,8,426,84,2.88,1.97,5,29.2,0,0,4,273,56,Spring,90,Overstock
50,Product_050,Grains,Supplier_4,1,225,76,39.29,24.24,25,27.4,0,0,7,157,128,Winter,72,Normal
51,Product_051,Snacks,Supplier_11,5,196,27,32.41,24.62,20,36.7,0,0,5,322,138,Winter,29,Normal
52,Product_052,Frozen,Supplier_8,7,147,33,5.3,4.18,15,31.6,0,1,2,226,149,Summer,39,Low Stock
53,Product_053,Vegetables,Supplier_8,5,84,33,7.74,5.98,20,21.7,1,1,10,247,108,Spring,37,Low Stock
54,Product_054,Meat,Supplier_8,3,67,81,23.49,13.75,25,25.3,1,1,8,169,79,Rainy,87,Low Stock
55,Product_055,Fruits,Supplier_10,2,425,7,23.58,19.34,25,22.9,1,0,3,13,51,Summer,14,Overstock
56,Product_056,Fruits,Supplier_8,4,523,79,41.18,28.3,15,36.4,1,0,5,355,49,Spring,85,Overstock
57,Product_057,Snacks,Supplier_4,6,506,62,9.78,6.38,5,37,0,1,1,308,104,Summer,57,Overstock
58,Product_058,Snacks,Supplier_6,2,211,5,2.44,1.35,5,18.7,1,0,9,254,40,Summer,13,Overstock
59,Product_059,Snacks,Supplier_13,8,391,29,9.5,7.85,15,27.9,0,1,9,103,108,Winter,25,Overstock
60,Product_060,Meat,Supplier_3,6,52,4,27.66,22.91,20,35.7,1,0,1,55,92,Rainy,1,Low Stock
61,Product_061,Dairy,Supplier_15,2,437,80,4.86,4.36,0,21.1,0,1,5,19,114,Spring,89,Overstock
62,Product_062,Frozen,Supplier_8,4,565,62,39.66,33.76,15,17.5,1,0,6,342,100,Winter,68,Overstock
63,Product_063,Meat,Supplier_8,7,189,86,19.88,12.33,20,28.6,0,0,4,308,145,Summer,90,Normal
64,Product_064,Frozen,Supplier_7,10,273,17,49.63,38.48,15,30.9,0,1,7,347,70,Rainy,16,Overstock
65,Product_065,Snacks,Supplier_9,8,72,62,49.21,31.13,15,31.2,1,1,3,273,143,Summer,63,Low Stock
66,Product_066,Beverages,Supplier_8,8,72,89,49.9,42.67,15,36.9,0,1,7,325,53,Winter,99,Normal
67,Product_067,Meat,Supplier_14,1,548,14,30.88,25.89,0,36.4,1,0,9,187,118,Spring,24,Overstock
68,Product_068,Bakery,Supplier_15,5,127,83,46.75,37.62,25,35.1,1,1,5,81,74,Winter,91,Normal
69,Product_069,Vegetables,Supplier_13,3,399,80,20.74,12.43,20,33.3,1,0,1,234,113,Spring,76,Overstock
70,Product_070,Frozen,Supplier_13,6,192,66,40.04,26.13,20,23.2,0,0,9,182,109,Summer,76,Normal
71,Product_071,Frozen,Supplier_1,3,280,66,15.1,12.75,20,29.5,1,0,10,356,135,Rainy,76,Normal
72,Product_072,Frozen,Supplier_11,3,227,70,17.37,13.98,10,35.9,1,1,2,23,69,Spring,67,Overstock
73,Product_073,Beverages,Supplier_10,10,395,37,31.34,25.39,0,20.7,0,1,1,214,81,Spring,47,Overstock
74,Product_074,Bakery,Supplier_5,10,241,78,8.74,7.03,5,16.4,0,1,5,309,61,Spring,82,Overstock
75,Product_075,Meat,Supplier_2,9,254,61,49.4,37.95,25,24,1,1,8,142,108,Summer,63,Normal
76,Product_076,Snacks,Supplier_10,8,265,80,6.36,5.67,0,29.1,1,0,8,38,78,Rainy,80,Overstock
77,Product_077,Meat,Supplier_3,6,396,24,18.59,10.35,0,28,1,0,10,343,62,Summer,19,Overstock
78,Product_078,Bakery,Supplier_7,8,583,86,44.27,26.63,0,34,1,0,10,274,101,Summer,94,Overstock
79,Product_079,Vegetables,Supplier_4,8,274,14,13.64,8.62,20,22.3,1,1,8,49,88,Winter,12,Overstock
80,Product_080,Snacks,Supplier_15,9,272,98,22.88,18.1,20,15.9,0,1,10,293,103,Summer,99,Normal
81,Product_081,Dairy,Supplier_4,9,563,24,26.44,20.69,25,37.1,1,0,3,75,136,Winter,28,Overstock
82,Product_082,Meat,Supplier_8,4,210,13,30.85,26.28,20,35.7,0,1,8,13,66,Spring,24,Overstock
83,Product_083,Bakery,Supplier_3,2,443,22,22.72,15.75,0,20.5,1,0,2,271,77,Spring,17,Overstock
84,Product_084,Frozen,Supplier_12,10,108,34,24.6,13.84,10,26.9,0,1,10,291,82,Winter,33,Normal
85,Product_085,Meat,Supplier_3,10,238,54,1.83,1.27,0,16.2,0,1,10,229,106,Rainy,56,Normal
86,Product_086,Meat,Supplier_13,9,155,20,46.35,38.16,25,25.6,0,0,4,256,112,Rainy,28,Normal
87,Product_087,Snacks,Supplier_13,9,47,89,29.62,24.78,0,17.9,1,0,5,127,132,Summer,91,Low Stock
88,Product_088,Beverages,Supplier_5,7,238,32,23.8,13.27,20,27.2,0,1,8,237,145,Rainy,33,Normal
89,Product_089,Household,Supplier_4,7,463,13,45.33,31,20,25.4,0,1,4,246,62,Summer,12,Overstock
90,Product_090,Dairy,Supplier_6,3,174,71,23.67,20.12,5,17,0,0,4,344,102,Rainy,78,Normal
91,Product_091,Snacks,Supplier_13,7,371,24,25.79,21.18,15,31.4,1,0,2,193,67,Spring,34,Overstock
92,Product_092,Snacks,Supplier_3,10,319,99,28.8,19.48,25,23.9,1,0,6,197,42,Summer,111,Overstock
93,Product_093,Meat,Supplier_10,6,290,48,6.9,6.21,20,18,1,1,5,250,110,Summer,44,Normal
94,Product_094,Grains,Supplier_7,10,438,96,7.81,5.71,15,25.6,0,1,2,178,69,Winter,98,Overstock
95,Product_095,Grains,Supplier_1,5,103,53,39.35,29.2,15,16.1,0,1,3,287,134,Summer,63,Low Stock
96,Product_096,Meat,Supplier_6,1,43,44,24.61,19.23,15,32.5,0,1,4,58,60,Winter,47,Low Stock
97,Product_097,Meat,Supplier_14,7,330,5,2.88,1.59,10,25.6,0,1,9,221,73,Summer,1,Overstock
98,Product_098,Beverages,Supplier_14,9,505,73,23.12,16.2,0,33.5,0,1,2,192,90,Rainy,69,Overstock
99,Product_099,Meat,Supplier_14,8,369,36,10.28,6.22,5,30.2,0,1,2,332,128,Rainy,38,Normal
100,Product_100,Vegetables,Supplier_3,2,309,64,41.96,28.17,15,23.3,1,1,4,77,118,Winter,73,Normal
101,Product_101,Vegetables,Supplier_1,5,500,81,39.36,31.02,10,26.8,0,0,6,186,119,Winter,84,Overstock
102,Product_102,Dairy,Supplier_3,8,72,50,13.95,8.79,20,15.8,0,1,2,232,117,Winter,45,Low Stock
103,Product_103,Grains,Supplier_4,6,128,57,43.12,34.12,25,23,1,1,8,321,105,Summer,66,Normal
104,Product_104,Bakery,Supplier_9,7,255,68,3.85,3.1,25,16.7,1,0,8,61,43,Winter,74,Overstock
105,Product_105,Meat,Supplier_12,9,579,98,38.23,31.26,10,34.7,0,1,6,43,148,Winter,100,Overstock
106,Product_106,Dairy,Supplier_3,10,175,18,29.62,19,5,36.1,1,1,5,270,55,Spring,29,Overstock
107,Product_107,Meat,Supplier_6,9,379,9,34.62,20.15,25,20.5,0,0,6,282,59,Winter,17,Overstock
108,Product_108,Beverages,Supplier_1,3,599,36,27.26,20.9,20,16.6,0,0,4,58,63,Winter,46,Overstock
109,Product_109,Frozen,Supplier_13,7,490,68,24.73,17.86,15,38.8,1,1,4,113,91,Spring,72,Overstock
110,Product_110,Bakery,Supplier_11,7,221,37,7.05,4.46,0,15.2,0,0,5,53,79,Summer,32,Normal
111,Product_111,Household,Supplier_7,6,499,43,32.11,22.56,10,23.2,0,1,3,44,102,Winter,48,Overstock
112,Product_112,Fruits,Supplier_3,6,98,46,31.89,20.13,0,27.6,0,1,6,307,108,Summer,55,Low Stock
113,Product_113,Vegetables,Supplier_3,10,184,22,16.7,11.45,10,27.5,1,1,8,316,107,Spring,30,Normal
114,Product_114,Household,Supplier_9,9,45,46,2.74,2.09,15,35.6,0,0,1,292,53,Summer,52,Low Stock
115,Product_115,Grains,Supplier_10,3,268,92,32.94,22.27,20,32.8,1,0,10,247,101,Winter,101,Normal
116,Product_116,Snacks,Supplier_13,9,89,18,19.73,12.47,20,33.4,0,1,6,13,120,Winter,17,Low Stock
117,Product_117,Household,Supplier_5,7,36,11,6.18,3.84,25,20.5,0,0,9,133,129,Winter,22,Low Stock
118,Product_118,Household,Supplier_4,1,110,100,15.49,11.71,5,22.4,1,1,6,342,49,Spring,112,Normal
119,Product_119,Bakery,Supplier_1,4,43,43,28.99,20.03,0,39.6,0,1,9,46,100,Winter,53,Low Stock
120,Product_120,Frozen,Supplier_7,3,177,12,32.92,22.14,5,35.4,0,1,2,10,46,Spring,24,Overstock
121,Product_121,Frozen,Supplier_15,10,54,78,15.86,11.25,0,18.5,1,1,1,112,47,Summer,85,Normal
122,Product_122,Beverages,Supplier_4,8,201,49,21.2,17.89,5,25.7,1,0,9,150,124,Winter,61,Normal
123,Product_123,Frozen,Supplier_10,3,120,20,14.33,12.2,5,32.4,1,0,6,148,50,Rainy,22,Normal
124,Product_124,Household,Supplier_2,5,318,25,20.39,14.19,0,24.2,1,1,9,337,64,Summer,30,Overstock
125,Product_125,Bakery,Supplier_6,6,563,16,33.04,26.71,25,15.5,0,1,10,66,137,Spring,17,Overstock
126,Product_126,Bakery,Supplier_7,10,218,10,7.79,6.43,25,25.9,0,1,5,9,75,Winter,9,Normal
127,Product_127,Household,Supplier_7,6,414,74,9.37,6.29,0,39.4,1,1,6,206,121,Summer,81,Overstock
128,Product_128,Beverages,Supplier_2,9,437,58,40.88,26.83,15,31.3,0,0,2,271,83,Summer,67,Overstock
129,Product_129,Meat,Supplier_3,1,405,41,5.58,3.23,10,34.1,1,1,10,164,77,Spring,53,Overstock
130,Product_130,Grains,Supplier_4,7,542,96,9.63,6.68,25,24,0,0,8,164,126,Rainy,104,Overstock
131,Product_131,Fruits,Supplier_6,6,78,78,3.88,2.72,25,15.1,1,1,6,17,117,Spring,78,Low Stock
132,Product_132,Bakery,Supplier_14,2,240,30,21.11,15.03,20,28.8,1,1,5,179,145,Rainy,40,Normal
133,Product_133,Beverages,Supplier_10,6,338,30,16.33,10.67,10,32.4,1,1,6,65,81,Winter,40,Overstock
134,Product_134,Frozen,Supplier_13,5,267,11,44.2,32.1,15,38.7,0,0,2,105,102,Rainy,17,Normal
135,Product_135,Dairy,Supplier_14,7,548,41,48.07,30.73,15,37.7,1,0,7,14,92,Summer,45,Overstock
136,Product_136,Grains,Supplier_14,8,144,99,12.24,10.63,25,39.7,0,0,3,78,110,Rainy,102,Normal
137,Product_137,Vegetables,Supplier_8,8,66,68,15.26,10.52,5,34.5,0,0,8,22,90,Winter,75,Low Stock
138,Product_138,Snacks,Supplier_9,10,219,50,30.83,24.22,10,27.6,0,0,8,21,114,Winter,59,Normal
139,Product_139,Frozen,Supplier_12,4,204,57,4.36,3.78,5,26.6,0,0,2,260,75,Summer,58,Normal
140,Product_140,Fruits,Supplier_8,3,54,36,24.36,17.37,25,21.3,0,0,3,104,77,Winter,38,Low Stock
141,Product_141,Beverages,Supplier_4,6,157,83,6.49,5.7,20,22.2,1,0,4,163,50,Winter,89,Overstock
142,Product_142,Meat,Supplier_6,6,265,19,45.61,29.5,5,28.8,1,0,2,217,124,Spring,30,Normal
143,Product_143,Snacks,Supplier_1,6,586,19,21.62,16.98,0,32.8,1,1,4,309,73,Summer,19,Overstock
144,Product_144,Fruits,Supplier_8,8,208,98,4.23,2.62,15,26.6,0,0,8,266,103,Rainy,94,Normal
145,Product_145,Meat,Supplier_5,6,246,14,41.96,35.16,25,17.1,1,1,5,351,131,Winter,16,Normal
146,Product_146,Meat,Supplier_8,7,221,82,3.61,2.15,5,18,0,0,5,184,85,Rainy,77,Normal
147,Product_147,Meat,Supplier_14,2,142,14,19.06,14.88,20,16.7,1,0,9,340,45,Spring,14,Overstock
148,Product_148,Frozen,Supplier_6,2,572,37,15.42,8.81,0,36.4,1,1,1,250,111,Rainy,35,Overstock
149,Product_149,Vegetables,Supplier_13,8,586,75,4.52,3.35,15,16.8,0,1,9,110,66,Winter,72,Overstock
150,Product_150,Grains,Supplier_4,7,537,34,2.04,1.81,10,23.6,0,1,5,137,106,Winter,42,Overstock
151,Product_151,Bakery,Supplier_15,7,357,82,7.76,6.62,0,34.9,1,1,4,357,46,Rainy,77,Overstock
152,Product_152,Grains,Supplier_1,2,364,37,29.54,18.37,10,29.2,0,0,5,151,135,Rainy,49,Normal
153,Product_153,Household,Supplier_9,10,590,20,13.74,9.52,10,36.2,0,0,3,327,58,Spring,19,Overstock
154,Product_154,Bakery,Supplier_10,5,235,2,39.76,34.14,20,20.7,0,0,2,257,104,Winter,6,Normal
155,Product_155,Frozen,Supplier_15,2,565,32,12.78,8.08,5,30.5,0,1,9,289,93,Winter,34,Overstock
156,Product_156,Dairy,Supplier_11,7,386,89,25.15,17.17,20,20.3,0,1,1,31,86,Winter,84,Overstock
157,Product_157,Household,Supplier_14,7,288,95,37.99,24.49,0,27.5,0,0,10,258,138,Spring,92,Normal
158,Product_158,Household,Supplier_6,1,472,7,19.6,16.63,15,21.8,0,0,2,181,122,Rainy,15,Overstock
159,Product_159,Beverages,Supplier_1,1,568,7,36.13,29.62,10,23,0,0,4,81,52,Summer,6,Overstock
160,Product_160,Meat,Supplier_2,6,448,81,9.05,5.02,5,31.1,1,1,10,114,86,Winter,82,Overstock
161,Product_161,Meat,Supplier_13,1,103,88,37.63,23.7,10,36,0,1,10,59,72,Winter,98,Normal
162,Product_162,Grains,Supplier_4,5,339,46,49.53,39.68,0,21.3,0,1,2,26,62,Summer,57,Overstock
163,Product_163,Beverages,Supplier_3,10,509,45,42.7,25.78,5,29.9,1,1,1,139,43,Rainy,44,Overstock
164,Product_164,Household,Supplier_15,7,242,97,3.27,1.89,10,28.1,0,0,6,228,136,Spring,97,Normal
165,Product_165,Frozen,Supplier_10,1,59,11,19.85,11.72,0,34.3,1,1,3,74,98,Rainy,18,Low Stock
166,Product_166,Dairy,Supplier_2,6,296,50,38.92,29.17,15,22.9,1,0,10,108,89,Winter,46,Overstock
167,Product_167,Grains,Supplier_6,9,294,59,8.74,6.91,10,31.5,0,1,5,137,103,Rainy,64,Normal
168,Product_168,Meat,Supplier_13,8,97,61,22.58,15.55,20,22.3,1,0,7,17,137,Spring,72,Low Stock
169,Product_169,Vegetables,Supplier_5,7,76,82,7.82,5.79,10,15.6,1,1,5,45,44,Spring,91,Normal
170,Product_170,Grains,Supplier_10,4,512,87,7.83,6.16,15,16.9,0,1,7,41,150,Rainy,91,Overstock
171,Product_171,Meat,Supplier_10,5,567,70,20.92,17.95,10,35.9,1,0,4,89,140,Summer,82,Overstock
172,Product_172,Dairy,Supplier_3,4,378,79,2.57,2.16,10,28.4,0,1,9,217,75,Winter,84,Overstock
173,Product_173,Grains,Supplier_5,4,575,94,21.86,19.47,25,16.6,0,0,4,272,87,Winter,97,Overstock
174,Product_174,Vegetables,Supplier_14,4,279,68,41.17,34.94,25,30.4,0,1,9,233,88,Rainy,78,Overstock
175,Product_175,Meat,Supplier_5,10,287,42,5.19,3.16,15,26.3,0,1,10,210,69,Spring,53,Overstock
176,Product_176,Bakery,Supplier_9,9,265,62,8.93,5.33,15,29.3,0,1,1,361,74,Rainy,63,Overstock
177,Product_177,Household,Supplier_9,3,254,99,26.23,17.39,5,22.5,1,0,1,295,66,Spring,98,Overstock
178,Product_178,Snacks,Supplier_5,9,284,78,15.73,11.47,5,32.2,1,1,10,269,134,Winter,89,Normal
179,Product_179,Dairy,Supplier_2,9,549,26,21.57,14.99,20,23.7,1,0,1,158,55,Spring,27,Overstock
180,Product_180,Snacks,Supplier_15,4,31,33,43.4,25.13,0,32,1,0,9,246,109,Rainy,43,Low Stock
181,Product_181,Snacks,Supplier_10,2,176,81,41.19,27.52,5,17.1,0,0,5,118,128,Spring,93,Normal
182,Product_182,Meat,Supplier_7,3,296,79,35.44,31.35,15,36,0,0,9,52,54,Rainy,83,Overstock
183,Product_183,Meat,Supplier_1,1,499,1,32.83,22.38,25,32.7,0,1,3,238,50,Rainy,11,Overstock
184,Product_184,Bakery,Supplier_6,7,475,42,37.46,29.61,20,35.9,1,1,6,363,46,Rainy,38,Overstock
185,Product_185,Bakery,Supplier_15,3,530,55,36.21,20.34,10,25,0,1,2,37,94,Summer,61,Overstock
186,Product_186,Vegetables,Supplier_8,7,553,9,49.99,31.42,5,25.8,0,1,8,241,138,Winter,16,Overstock
187,Product_187,Grains,Supplier_9,10,35,54,19.7,13.42,0,32.7,1,1,6,199,57,Winter,57,Low Stock
188,Product_188,Meat,Supplier_6,1,260,34,13.16,8.64,15,35.8,1,0,6,249,116,Winter,33,Normal
189,Product_189,Grains,Supplier_10,6,389,86,19.95,16.96,5,16.2,1,1,3,134,105,Rainy,87,Overstock
190,Product_190,Dairy,Supplier_12,4,265,92,4.03,2.95,15,34.9,1,0,8,283,93,Spring,88,Normal
191,Product_191,Dairy,Supplier_2,7,585,76,6.5,4.88,15,20.3,1,0,1,170,126,Spring,78,Overstock
192,Product_192,Frozen,Supplier_13,6,543,58,26.94,23.68,0,28.9,1,0,3,253,57,Winter,61,Overstock
193,Product_193,Bakery,Supplier_8,10,110,61,46.94,36.88,0,38.7,0,1,5,174,131,Rainy,59,Low Stock
194,Product_194,Dairy,Supplier_3,4,371,92,39.29,29.57,5,35.4,0,1,3,295,139,Summer,99,Normal
195,Product_195,Vegetables,Supplier_6,4,101,40,19.47,15.84,5,26.3,0,1,3,14,55,Rainy,35,Normal
196,Product_196,Fruits,Supplier_5,10,483,10,37.38,20.79,0,22.6,0,0,7,58,103,Summer,6,Overstock
197,Product_197,Household,Supplier_3,4,525,38,45.08,34.74,15,29.1,0,0,6,174,61,Spring,38,Overstock
198,Product_198,Beverages,Supplier_7,6,179,40,14.83,8.6,0,30.2,1,0,7,64,110,Rainy,45,Normal
199,Product_199,Grains,Supplier_3,9,288,96,42.05,34.62,10,23.7,0,0,3,313,83,Winter,100,Overstock
200,Product_200,Fruits,Supplier_14,2,266,23,45.36,27.52,0,34.5,1,0,2,333,122,Winter,22,Normal
1,Product_001,Meat,Supplier_4,6,347,46,3.13,2.14,10,19.3,0,1,8,97,63,Summer,42,Overstock
2,Product_002,Snacks,Supplier_13,5,249,18,27.59,16.98,20,19.6,0,1,5,51,147,Rainy,28,Normal
3,Product_003,Frozen,Supplier_9,4,264,13,39.61,27.4,0,36.1,0,0,7,28,101,Rainy,12,Normal
4,Product_004,Meat,Supplier_9,1,493,9,40.61,28.25,10,34.6,1,1,5,360,52,Rainy,19,Overstock
5,Product_005,Meat,Supplier_11,1,510,97,23.24,17.72,10,33.4,1,1,7,130,53,Rainy,96,Overstock
6,Product_006,Vegetables,Supplier_10,4,95,67,49.1,27.42,0,35.8,0,1,5,102,62,Rainy,63,Normal
7,Product_007,Household,Supplier_3,5,289,7,11.01,9.14,15,38.5,1,1,2,294,118,Winter,18,Normal
8,Product_008,Frozen,Supplier_4,5,364,60,30.85,21.11,0,39.4,0,0,8,75,107,Spring,69,Overstock
9,Product_009,Fruits,Supplier_8,3,127,46,33.47,23.85,25,23.7,0,0,8,158,91,Winter,56,Normal
10,Product_010,Frozen,Supplier_7,10,93,8,9.49,6.22,15,18.3,0,0,9,358,148,Winter,12,Low Stock
11,Product_011,Vegetables,Supplier_1,1,300,29,46.98,39.45,10,33.2,0,0,3,255,59,Winter,24,Overstock
12,Product_012,Fruits,Supplier_6,1,438,37,30.7,17.15,15,26.3,1,0,5,267,135,Winter,35,Overstock
13,Product_013,Grains,Supplier_3,3,272,14,22.98,17.19,10,16.9,0,1,5,87,145,Winter,25,Normal
14,Product_014,Grains,Supplier_10,7,209,61,28.53,22.84,20,28.4,1,1,9,23,68,Rainy,56,Overstock
15,Product_015,Bakery,Supplier_12,3,145,40,44.87,32.62,10,20.7,1,1,1,76,97,Winter,47,Normal
16,Product_016,Grains,Supplier_15,6,310,69,1.95,1.75,5,26.6,1,0,5,205,67,Spring,76,Overstock
17,Product_017,Vegetables,Supplier_7,8,125,17,48.17,30.14,20,28.3,0,1,8,342,60,Rainy,24,Normal
18,Product_018,Beverages,Supplier_11,8,487,55,28.85,25.77,20,39.1,0,0,2,261,100,Winter,67,Overstock
19,Product_019,Bakery,Supplier_11,2,124,48,43.17,27.19,5,25.5,0,1,1,227,70,Rainy,45,Normal
20,Product_020,Dairy,Supplier_9,10,249,11,6.29,3.82,25,29.1,1,0,2,308,72,Summer,17,Overstock
21,Product_021,Bakery,Supplier_13,8,43,93,1.46,0.99,25,34.8,1,0,7,205,40,Summer,94,Normal
22,Product_022,Beverages,Supplier_2,7,369,18,33.39,25.36,20,24.1,1,1,2,191,85,Winter,28,Overstock
23,Product_023,Bakery,Supplier_4,2,535,33,15.52,13.12,25,21.1,0,1,2,314,71,Spring,29,Overstock
24,Product_024,Household,Supplier_6,1,169,40,12.58,9.47,5,28.8,1,0,2,355,53,Winter,44,Overstock
25,Product_025,Vegetables,Supplier_13,5,365,2,17.15,14.13,0,26.8,1,0,4,236,127,Spring,9,Normal
26,Product_026,Vegetables,Supplier_2,6,98,23,14.48,11.95,0,18.1,1,0,2,130,132,Spring,30,Low Stock
27,Product_027,Fruits,Supplier_5,3,250,57,41.06,28.1,10,30.5,0,0,3,274,75,Summer,63,Overstock
28,Product_028,Meat,Supplier_2,5,153,87,39.59,24.53,0,15.1,1,0,3,125,76,Winter,92,Normal
29,Product_029,Snacks,Supplier_5,3,281,56,39.03,29.63,20,39.7,0,0,7,315,119,Spring,59,Normal
30,Product_030,Household,Supplier_13,4,346,5,41.07,30.02,10,17.9,0,1,5,357,130,Rainy,11,Normal
31,Product_031,Vegetables,Supplier_14,10,417,74,24.12,13.73,10,24.2,1,0,7,266,107,Spring,79,Overstock
32,Product_032,Dairy,Supplier_13,2,359,73,43.34,26.38,15,30,1,1,9,80,126,Winter,72,Normal
33,Product_033,Household,Supplier_12,9,256,80,8.82,5.59,5,20.2,1,0,4,277,97,Winter,86,Normal
34,Product_034,Vegetables,Supplier_10,10,424,38,33.44,22.92,15,38.1,1,1,6,277,114,Rainy,35,Overstock
35,Product_035,Fruits,Supplier_3,7,392,50,11.6,7.39,0,17.3,1,1,4,143,141,Spring,50,Normal
36,Product_036,Frozen,Supplier_3,9,533,13,41.19,31.81,0,38.3,0,1,9,294,143,Summer,23,Overstock
37,Product_037,Household,Supplier_13,4,62,87,34.64,22.29,20,22.8,1,0,2,68,94,Spring,95,Low Stock
38,Product_038,Vegetables,Supplier_5,3,441,42,49.97,43.69,25,26.8,1,0,1,133,136,Spring,47,Overstock
39,Product_039,Fruits,Supplier_4,9,565,92,36,22.01,20,37.7,0,1,9,151,101,Rainy,97,Overstock
40,Product_040,Fruits,Supplier_8,5,323,75,4.53,3.81,20,15.9,0,0,10,316,91,Winter,87,Overstock
41,Product_041,Meat,Supplier_8,6,292,21,36.32,29.1,15,22.3,1,0,1,333,133,Rainy,31,Normal
42,Product_042,Household,Supplier_12,4,124,23,21.76,17.47,25,16.5,1,0,8,322,72,Spring,21,Normal
43,Product_043,Frozen,Supplier_9,6,127,35,3.2,2.62,15,38.6,1,1,5,219,85,Rainy,46,Normal
44,Product_044,Household,Supplier_5,1,241,14,12.59,7.13,25,26.3,0,0,8,192,99,Winter,26,Normal
45,Product_045,Grains,Supplier_12,6,523,47,41.27,29.44,0,28.4,0,1,10,250,74,Winter,44,Overstock
46,Product_046,Snacks,Supplier_15,5,494,52,5.04,4.25,20,27.5,1,1,6,7,96,Summer,55,Overstock
47,Product_047,Household,Supplier_3,6,286,52,29.08,16.69,15,20.7,0,1,9,185,72,Summer,62,Overstock
48,Product_048,Snacks,Supplier_6,3,434,80,24.64,21.51,5,39.6,0,0,5,33,122,Summer,92,Overstock
49,Product_049,Grains,Supplier_8,10,101,65,48.86,39.31,25,31.1,0,0,1,23,146,Spring,74,Low Stock
50,Product_050,Grains,Supplier_10,1,359,70,27.67,23.39,5,19.4,1,0,6,98,139,Summer,80,Normal
51,Product_051,Snacks,Supplier_15,3,109,65,25.99,17.5,10,37.3,0,0,9,202,131,Winter,74,Low Stock
52,Product_052,Frozen,Supplier_2,6,95,33,26.93,22.42,0,34.9,1,1,9,253,148,Summer,36,Low Stock
53,Product_053,Vegetables,Supplier_11,8,405,60,35.7,22.22,25,32.8,0,1,2,307,123,Rainy,56,Overstock
54,Product_054,Meat,Supplier_4,3,580,74,16.89,12.15,10,22,1,0,2,288,49,Summer,73,Overstock
55,Product_055,Fruits,Supplier_8,9,375,86,31.92,23.85,0,24.1,0,1,8,155,85,Winter,89,Overstock
56,Product_056,Fruits,Supplier_4,4,146,11,35.58,23.64,25,24.2,0,1,7,8,147,Spring,20,Low Stock
57,Product_057,Snacks,Supplier_12,8,545,92,45.77,41.11,10,16,1,1,3,314,44,Winter,103,Overstock
58,Product_058,Snacks,Supplier_2,5,288,11,40.88,23.51,15,29.3,0,1,3,126,115,Rainy,6,Normal
59,Product_059,Snacks,Supplier_10,3,399,47,2.05,1.36,25,26.4,1,1,1,46,141,Rainy,46,Normal
60,Product_060,Meat,Supplier_4,8,570,91,34.43,26.06,10,28.8,0,0,10,210,49,Summer,96,Overstock
61,Product_061,Dairy,Supplier_15,4,152,12,6.11,3.63,0,15.7,1,0,3,129,128,Summer,10,Normal
62,Product_062,Frozen,Supplier_5,1,234,87,45.2,29.28,25,36,1,1,1,218,72,Spring,97,Overstock
63,Product_063,Meat,Supplier_2,9,111,48,18.25,16.29,0,39.6,0,1,10,309,138,Spring,52,Low Stock
64,Product_064,Frozen,Supplier_15,10,125,59,37.94,28.23,5,16.6,1,0,2,210,114,Winter,67,Normal
65,Product_065,Snacks,Supplier_6,5,245,29,41.9,31.7,10,28,1,0,8,191,117,Summer,37,Normal
66,Product_066,Beverages,Supplier_4,9,592,84,13.5,10.94,15,24.1,1,0,6,33,104,Winter,85,Overstock
67,Product_067,Meat,Supplier_9,9,215,78,6.08,3.58,15,32.3,1,1,6,279,96,Rainy,78,Normal
68,Product_068,Bakery,Supplier_7,10,357,91,18.29,12.93,15,16.8,0,1,10,268,42,Winter,99,Overstock
69,Product_069,Vegetables,Supplier_9,4,227,57,11.64,9.66,25,29.3,1,0,9,81,117,Rainy,65,Normal
70,Product_070,Frozen,Supplier_2,4,87,10,13.3,10.04,0,18.2,0,1,2,167,64,Spring,14,Normal
71,Product_071,Frozen,Supplier_8,2,124,24,9.49,5.34,25,22.4,1,1,10,44,50,Spring,30,Normal
72,Product_072,Frozen,Supplier_7,3,547,43,15.85,13.13,15,23.4,1,0,5,144,78,Winter,41,Overstock
73,Product_073,Beverages,Supplier_13,8,113,80,17.41,12.18,15,26.4,0,0,2,195,46,Spring,85,Normal
74,Product_074,Bakery,Supplier_8,6,145,77,40.35,29.82,15,16.3,1,1,8,248,129,Spring,77,Normal
75,Product_075,Meat,Supplier_13,10,246,96,21.01,12.45,25,19.5,0,0,3,141,114,Summer,94,Normal
76,Product_076,Snacks,Supplier_6,10,34,15,9.42,6.16,20,16.5,1,1,5,199,83,Winter,17,Low Stock
77,Product_077,Meat,Supplier_12,5,284,85,25.49,14.92,10,15.9,1,0,6,256,88,Rainy,80,Overstock
78,Product_078,Bakery,Supplier_15,8,209,32,39.53,30.23,10,26.4,0,1,6,82,48,Spring,39,Overstock
79,Product_079,Vegetables,Supplier_2,4,37,96,45.76,38.83,5,22.1,1,1,6,172,90,Rainy,94,Low Stock
80,Product_080,Snacks,Supplier_15,1,394,93,25.93,19.1,10,22.5,1,0,2,69,105,Winter,88,Overstock
81,Product_081,Dairy,Supplier_6,8,488,50,17.99,15.32,25,18.4,1,1,3,266,99,Winter,57,Overstock
82,Product_082,Meat,Supplier_5,4,502,27,46.06,25.51,15,22.3,0,0,8,56,97,Winter,34,Overstock
83,Product_083,Bakery,Supplier_12,4,433,66,33.94,19.16,10,39.9,1,1,9,216,64,Rainy,66,Overstock
84,Product_084,Frozen,Supplier_9,5,103,57,41.83,24.05,15,27.9,1,1,1,252,53,Summer,60,Normal
85,Product_085,Meat,Supplier_15,8,126,4,9.08,6.07,15,18,1,0,1,190,125,Winter,12,Normal
86,Product_086,Meat,Supplier_4,3,314,74,16.79,14.73,0,29.8,1,0,6,47,55,Summer,80,Overstock
87,Product_087,Snacks,Supplier_15,2,476,74,17.15,9.69,10,31.2,1,1,2,340,131,Summer,82,Overstock
88,Product_088,Beverages,Supplier_12,1,476,8,34.5,21.57,25,25.8,1,0,5,9,102,Summer,3,Overstock
89,Product_089,Household,Supplier_5,5,512,19,30.41,26.43,25,25.6,1,0,6,91,100,Rainy,20,Overstock
90,Product_090,Dairy,Supplier_4,9,311,41,31.76,25.02,15,16.8,1,0,5,32,88,Spring,38,Overstock
91,Product_091,Snacks,Supplier_7,5,323,73,19.35,16.92,10,16.4,0,0,3,88,129,Summer,77,Normal
92,Product_092,Snacks,Supplier_7,1,510,90,36.2,31.61,0,17.4,0,0,1,238,55,Winter,89,Overstock
93,Product_093,Meat,Supplier_5,4,382,15,18.94,15.31,25,23.8,0,1,9,203,61,Rainy,13,Overstock
94,Product_094,Grains,Supplier_5,7,376,30,46.82,34.95,15,19.7,0,0,10,111,150,Winter,36,Normal
95,Product_095,Grains,Supplier_13,4,529,29,35.51,21.73,20,23.5,1,0,7,255,91,Spring,32,Overstock
96,Product_096,Meat,Supplier_4,7,349,43,18.99,16.99,10,33.9,0,0,10,341,106,Summer,42,Overstock
97,Product_097,Meat,Supplier_10,10,478,50,15.54,12.27,5,29.8,0,0,4,151,64,Spring,53,Overstock
98,Product_098,Beverages,Supplier_14,6,128,68,3.65,3.09,5,19.4,0,1,9,316,145,Spring,76,Low Stock
99,Product_099,Meat,Supplier_13,2,592,92,27.2,23.15,0,30,1,0,2,332,103,Summer,100,Overstock
100,Product_100,Vegetables,Supplier_8,6,429,95,16.21,13.25,10,31.2,0,0,1,308,128,Spring,104,Overstock
101,Product_101,Vegetables,Supplier_6,3,315,53,45.14,39.96,10,26.7,0,1,6,43,46,Winter,64,Overstock
102,Product_102,Dairy,Supplier_8,4,497,27,48.58,42.42,20,32.2,0,0,10,169,118,Rainy,38,Overstock
103,Product_103,Grains,Supplier_7,6,594,3,20.92,18.34,20,33.1,0,1,1,176,132,Rainy,10,Overstock
104,Product_104,Bakery,Supplier_8,9,388,36,10.92,6.32,0,36.3,0,1,2,9,93,Spring,31,Overstock
105,Product_105,Meat,Supplier_9,1,305,69,33.41,24.36,25,27,1,0,6,144,97,Winter,81,Overstock
106,Product_106,Dairy,Supplier_4,10,532,91,23.6,13.75,15,36.8,0,1,1,142,135,Summer,95,Overstock
107,Product_107,Meat,Supplier_11,5,346,67,3.46,2.26,5,19.8,1,0,3,301,56,Rainy,62,Overstock
108,Product_108,Beverages,Supplier_9,7,351,54,33.78,24.76,5,21.6,1,1,7,59,97,Summer,61,Overstock
109,Product_109,Frozen,Supplier_15,1,364,16,8.74,5.65,5,26.1,1,1,2,154,126,Rainy,26,Normal
110,Product_110,Bakery,Supplier_9,4,306,8,24.75,17.77,5,38.2,1,0,4,210,48,Rainy,5,Overstock
111,Product_111,Household,Supplier_14,4,237,19,33.7,26.94,25,31.9,0,1,2,41,68,Summer,24,Overstock
112,Product_112,Fruits,Supplier_2,9,124,66,17.2,13.15,0,20.6,0,1,9,349,41,Rainy,70,Overstock
113,Product_113,Vegetables,Supplier_13,10,133,65,18.95,13.36,5,18.3,0,0,10,199,112,Summer,68,Normal
114,Product_114,Household,Supplier_3,3,319,6,22.67,18.46,0,17.2,1,0,10,219,120,Rainy,3,Normal
115,Product_115,Grains,Supplier_2,7,546,41,20.6,14.3,0,32.3,0,1,1,128,42,Winter,49,Overstock
116,Product_116,Snacks,Supplier_10,2,486,75,30.3,22.24,10,37,0,1,5,95,144,Summer,71,Overstock
117,Product_117,Household,Supplier_8,5,146,88,20.87,12.35,25,18.4,0,1,10,10,146,Spring,98,Normal
118,Product_118,Household,Supplier_1,3,44,45,29.15,17.61,15,23.8,0,0,2,340,120,Summer,44,Low Stock
119,Product_119,Bakery,Supplier_10,4,346,88,26.3,17.5,5,15.7,0,1,10,20,60,Winter,90,Overstock
120,Product_120,Frozen,Supplier_4,3,381,22,39.86,28.94,10,29.9,0,0,8,184,47,Winter,21,Overstock
121,Product_121,Frozen,Supplier_13,9,411,81,32.44,18.33,25,35.7,1,0,1,260,55,Summer,84,Overstock
122,Product_122,Beverages,Supplier_6,5,165,87,49.27,31.9,10,23.4,0,1,4,365,121,Summer,83,Normal
123,Product_123,Frozen,Supplier_12,10,467,49,21.65,12.93,10,18.8,0,1,8,256,93,Summer,44,Overstock
124,Product_124,Household,Supplier_6,6,305,63,40.71,26.46,15,27.8,0,0,10,81,83,Summer,60,Overstock
125,Product_125,Bakery,Supplier_7,10,250,84,35.68,27.26,25,30.1,1,1,2,45,87,Winter,91,Normal
126,Product_126,Bakery,Supplier_14,8,571,25,48.51,33.52,0,38.1,1,1,9,282,116,Spring,24,Overstock
127,Product_127,Household,Supplier_6,10,433,90,32.57,19.42,15,28.9,0,1,4,45,47,Summer,102,Overstock
128,Product_128,Beverages,Supplier_6,3,304,66,24.36,20.28,25,16,0,1,6,100,76,Spring,72,Overstock
129,Product_129,Meat,Supplier_2,3,564,75,30.77,22.15,5,26.6,1,0,9,274,115,Winter,81,Overstock
130,Product_130,Grains,Supplier_2,2,459,58,46.69,33.25,20,24.6,0,0,1,23,40,Summer,60,Overstock
131,Product_131,Fruits,Supplier_5,5,532,49,38.61,29.12,5,39.5,0,1,6,203,74,Spring,52,Overstock
132,Product_132,Bakery,Supplier_13,2,191,24,17.23,10.33,20,22.3,0,1,10,237,115,Spring,31,Normal
133,Product_133,Beverages,Supplier_12,4,260,40,18.21,13.97,5,22.4,0,0,1,283,139,Summer,37,Normal
134,Product_134,Frozen,Supplier_2,5,333,71,37.54,33.03,10,17.4,0,1,1,75,144,Spring,70,Normal
135,Product_135,Dairy,Supplier_5,9,539,73,44.2,25.62,0,16.1,1,1,7,54,86,Rainy,84,Overstock
136,Product_136,Grains,Supplier_12,7,470,18,9.34,5.94,15,21.5,0,1,2,196,70,Spring,26,Overstock
137,Product_137,Vegetables,Supplier_9,3,56,69,39.14,34.6,10,37.2,0,0,6,137,56,Spring,78,Normal
138,Product_138,Snacks,Supplier_15,9,115,47,48.82,36.03,20,17.1,1,0,9,228,82,Summer,43,Normal
139,Product_139,Frozen,Supplier_13,5,422,58,41.24,35.09,5,29,1,0,7,183,104,Summer,55,Overstock
140,Product_140,Fruits,Supplier_5,8,465,36,21.99,19.12,25,22.5,1,0,6,249,83,Rainy,33,Overstock
141,Product_141,Beverages,Supplier_6,1,205,48,22.42,15.25,25,29.3,1,0,4,68,70,Winter,51,Normal
142,Product_142,Meat,Supplier_8,6,188,55,1.26,0.75,0,21.2,1,1,2,39,142,Summer,66,Normal
143,Product_143,Snacks,Supplier_4,1,222,16,32.65,22.1,15,26.2,1,0,3,118,136,Winter,25,Normal
144,Product_144,Fruits,Supplier_1,1,220,86,14.86,12.43,20,39.1,0,0,9,200,123,Summer,97,Normal
145,Product_145,Meat,Supplier_14,10,312,63,2.78,2.47,20,21,1,0,6,206,112,Summer,74,Normal
146,Product_146,Meat,Supplier_8,4,307,53,13.76,11.43,5,32.1,1,1,8,304,101,Summer,52,Overstock
147,Product_147,Meat,Supplier_6,6,486,95,37.11,30.7,0,27.7,0,1,10,54,103,Winter,97,Overstock
148,Product_148,Frozen,Supplier_3,3,305,53,46.76,29.5,25,29.2,1,0,1,340,139,Winter,57,Normal
149,Product_149,Vegetables,Supplier_8,8,237,49,39.02,22.1,25,27.8,1,0,3,261,61,Winter,45,Overstock
150,Product_150,Grains,Supplier_5,6,221,43,29.51,22.12,25,34.4,1,0,1,71,91,Spring,44,Normal
151,Product_151,Bakery,Supplier_15,1,49,70,42.35,33.74,10,23.2,1,0,8,289,144,Winter,81,Low Stock
152,Product_152,Grains,Supplier_5,2,355,45,19.77,12.8,20,37,0,1,2,238,41,Winter,56,Overstock
153,Product_153,Household,Supplier_8,3,355,83,43.87,29.77,20,20.2,1,0,9,312,88,Winter,89,Overstock
154,Product_154,Bakery,Supplier_5,4,530,62,3.3,1.97,15,16.5,1,1,3,328,74,Summer,57,Overstock
155,Product_155,Frozen,Supplier_6,4,36,82,8.95,8.01,5,24.5,1,1,10,192,42,Summer,92,Low Stock
156,Product_156,Dairy,Supplier_6,8,438,10,7.29,6.24,15,26.7,0,0,8,224,150,Winter,18,Normal
157,Product_157,Household,Supplier_4,8,238,66,20.94,15.01,15,22.5,0,0,7,145,132,Spring,74,Normal
158,Product_158,Household,Supplier_13,9,55,87,9.63,8.02,10,21.3,0,0,2,257,49,Summer,93,Normal
159,Product_159,Beverages,Supplier_2,10,399,25,28.45,18.17,20,25.3,1,0,1,100,130,Spring,28,Overstock
160,Product_160,Meat,Supplier_2,8,390,89,37.73,27.74,20,31.7,0,0,10,199,132,Winter,87,Normal
161,Product_161,Meat,Supplier_15,10,70,40,7.36,6.02,15,35.1,1,0,3,89,125,Rainy,51,Low Stock
162,Product_162,Grains,Supplier_9,2,237,67,38.58,21.28,25,18,0,1,9,138,138,Rainy,79,Normal
163,Product_163,Beverages,Supplier_6,9,119,87,15.27,12.15,10,21.3,1,1,2,150,87,Winter,83,Normal
164,Product_164,Household,Supplier_3,10,501,56,6.9,5.26,5,29.1,1,0,8,3,64,Spring,55,Overstock
165,Product_165,Frozen,Supplier_7,8,148,68,44.91,32.27,15,20.6,1,1,1,121,44,Summer,68,Overstock
166,Product_166,Dairy,Supplier_12,7,420,91,23.88,21.41,10,31.8,0,0,7,6,78,Winter,90,Overstock
167,Product_167,Grains,Supplier_15,6,437,94,17.85,10.75,25,25.1,0,0,4,339,143,Winter,96,Overstock
168,Product_168,Meat,Supplier_12,2,169,58,20.56,17.8,5,28,0,0,1,91,131,Summer,60,Normal
169,Product_169,Vegetables,Supplier_2,8,525,36,22.92,16.48,10,17.2,1,0,1,221,141,Rainy,40,Overstock
170,Product_170,Grains,Supplier_9,1,291,92,24.14,16.97,0,18.5,1,0,1,25,149,Winter,101,Normal
171,Product_171,Meat,Supplier_6,9,461,5,22.92,13.69,5,25.5,1,0,2,183,44,Winter,11,Overstock
172,Product_172,Dairy,Supplier_12,8,541,79,37.94,29.36,10,28.8,0,1,10,94,73,Rainy,83,Overstock
173,Product_173,Grains,Supplier_9,3,530,62,42.29,33.18,15,18.8,1,1,6,299,74,Spring,64,Overstock
174,Product_174,Vegetables,Supplier_11,6,364,16,33.01,28.38,10,25.9,1,0,8,236,88,Summer,24,Overstock
175,Product_175,Meat,Supplier_1,5,306,61,13.76,9.84,0,29.5,1,0,5,36,124,Spring,57,Normal
176,Product_176,Bakery,Supplier_10,6,373,77,38.84,28.68,20,23.2,0,1,9,262,132,Summer,76,Normal
177,Product_177,Household,Supplier_9,5,307,5,4.74,3.3,10,39,1,1,8,64,70,Spring,7,Overstock
178,Product_178,Snacks,Supplier_5,2,102,48,42.79,30.74,25,34,0,0,4,102,110,Winter,59,Low Stock
179,Product_179,Dairy,Supplier_12,5,573,63,6.23,3.88,10,21,0,0,7,172,99,Rainy,60,Overstock
180,Product_180,Snacks,Supplier_7,7,492,51,24.77,19.4,0,17.7,0,1,10,199,129,Spring,58,Overstock
181,Product_181,Snacks,Supplier_9,4,478,96,49.11,36.11,10,30.6,1,1,8,185,50,Summer,98,Overstock
182,Product_182,Meat,Supplier_5,5,147,10,38.06,30.4,20,33.9,1,0,4,6,112,Rainy,22,Normal
183,Product_183,Meat,Supplier_6,3,409,10,1.68,1.08,10,21.9,1,1,7,279,133,Winter,15,Overstock
184,Product_184,Bakery,Supplier_4,3,46,33,43.11,38.75,5,18.9,0,1,5,38,149,Rainy,37,Low Stock
185,Product_185,Bakery,Supplier_13,5,542,20,39.58,27.06,0,28.3,1,0,6,194,66,Winter,29,Overstock
186,Product_186,Vegetables,Supplier_7,2,587,95,14.39,8.56,15,17.3,0,1,3,48,73,Winter,99,Overstock
187,Product_187,Grains,Supplier_4,9,162,12,27.09,22.91,0,30.9,0,0,7,66,104,Summer,23,Normal
188,Product_188,Meat,Supplier_7,3,437,97,27.67,16.93,10,37.5,1,1,9,223,99,Spring,98,Overstock
189,Product_189,Grains,Supplier_11,6,532,15,29.89,20.64,10,32.2,0,0,5,325,100,Winter,13,Overstock
190,Product_190,Dairy,Supplier_5,9,154,57,48.06,41.41,25,15.1,0,1,4,3,100,Summer,64,Normal
191,Product_191,Dairy,Supplier_4,10,357,73,5.61,3.2,5,30.3,1,0,9,304,78,Spring,74,Overstock
192,Product_192,Frozen,Supplier_9,5,540,50,31.13,17.32,5,16.2,0,1,10,55,87,Rainy,58,Overstock
193,Product_193,Bakery,Supplier_11,10,40,86,13.05,10.02,10,26.2,0,0,2,285,72,Rainy,92,Low Stock
194,Product_194,Dairy,Supplier_11,1,246,52,23.51,13.43,10,20.7,1,0,4,200,79,Summer,47,Overstock
195,Product_195,Vegetables,Supplier_14,3,578,32,9.57,8.3,20,27,0,1,2,270,71,Spring,30,Overstock
196,Product_196,Fruits,Supplier_11,3,39,8,2.31,2.01,5,39.5,0,1,8,258,48,Rainy,7,Low Stock
197,Product_197,Household,Supplier_3,1,442,84,9.72,6.86,25,21.5,1,0,10,210,47,Spring,90,Overstock
198,Product_198,Beverages,Supplier_10,4,421,18,10.8,6.78,15,26.1,1,0,5,304,64,Summer,29,Overstock
199,Product_199,Grains,Supplier_5,4,154,75,31.89,21.02,5,17.6,1,1,1,344,91,Winter,72,Normal
200,Product_200,Fruits,Supplier_8,7,105,36,34.21,19.55,25,37.1,1,1,10,123,75,Summer,37,Normal
1,Product_001,Meat,Supplier_8,1,383,9,20.53,18.47,0,17.7,1,1,6,363,108,Rainy,21,Overstock
2,Product_002,Snacks,Supplier_4,2,377,86,31.82,22.66,10,35,0,1,6,21,82,Summer,96,Overstock
3,Product_003,Frozen,Supplier_10,9,521,32,20.93,15.05,25,38.7,1,1,8,328,90,Winter,31,Overstock
4,Product_004,Meat,Supplier_5,5,309,20,27.38,18.52,25,16.1,0,0,9,59,65,Summer,22,Overstock
5,Product_005,Meat,Supplier_2,7,306,1,45.65,31.87,15,15.1,1,1,5,84,110,Winter,3,Normal
6,Product_006,Vegetables,Supplier_7,2,292,40,37.77,28.81,5,39.5,1,1,1,64,71,Rainy,38,Overstock
7,Product_007,Household,Supplier_5,4,505,40,21.85,13.81,0,29.7,1,0,4,268,99,Rainy,35,Overstock
8,Product_008,Frozen,Supplier_10,10,343,29,28.4,17.22,10,23.6,1,0,9,333,52,Winter,27,Overstock
9,Product_009,Fruits,Supplier_15,8,58,31,31.57,21.52,15,30.3,1,0,1,255,110,Winter,32,Low Stock
10,Product_010,Frozen,Supplier_9,4,444,36,43.52,37.26,15,38.7,0,1,3,295,46,Spring,42,Overstock
11,Product_011,Vegetables,Supplier_5,9,523,84,22.6,15.31,0,23.3,1,0,4,307,126,Spring,86,Overstock
12,Product_012,Fruits,Supplier_11,3,82,62,6.24,4.7,15,27.3,0,1,7,253,121,Winter,70,Low Stock
13,Product_013,Grains,Supplier_14,7,166,80,18.42,12.27,0,24.7,0,1,6,36,74,Summer,80,Normal
14,Product_014,Grains,Supplier_13,7,421,10,18.12,10.59,10,19.3,0,0,5,317,116,Spring,7,Overstock
15,Product_015,Bakery,Supplier_15,5,97,77,9.24,7.07,10,38.8,0,1,6,320,137,Summer,86,Low Stock
16,Product_016,Grains,Supplier_11,7,515,98,41.58,25.66,10,37.3,0,0,9,108,54,Winter,103,Overstock
17,Product_017,Vegetables,Supplier_12,7,46,87,5.42,3.98,15,22.4,1,1,2,95,120,Summer,94,Low Stock
18,Product_018,Beverages,Supplier_12,9,236,81,33.68,25.68,20,25.8,1,1,5,341,62,Rainy,78,Overstock
19,Product_019,Bakery,Supplier_15,7,400,54,11.75,6.53,25,32.2,1,1,10,337,131,Rainy,61,Overstock
20,Product_020,Dairy,Supplier_15,4,469,52,33.22,18.51,20,24.2,1,1,7,121,85,Spring,64,Overstock
21,Product_021,Bakery,Supplier_9,2,170,68,30.78,23.15,5,36.1,1,1,2,315,111,Rainy,71,Normal
22,Product_022,Beverages,Supplier_5,1,82,13,21.89,12.66,10,34.2,1,0,9,258,56,Winter,25,Normal
23,Product_023,Bakery,Supplier_13,6,221,2,6.04,3.83,5,23.6,1,1,1,110,93,Spring,14,Normal
24,Product_024,Household,Supplier_1,6,111,9,40.19,29.65,25,39.6,0,0,5,321,142,Spring,14,Low Stock
25,Product_025,Vegetables,Supplier_10,3,41,86,13.97,8.56,5,39,0,1,6,187,65,Spring,87,Low Stock
26,Product_026,Vegetables,Supplier_15,2,117,90,31.66,25.9,25,32.6,1,1,10,342,136,Summer,95,Low Stock
27,Product_027,Fruits,Supplier_13,6,217,5,45.37,40.22,0,34.3,0,0,6,25,115,Spring,5,Normal
28,Product_028,Meat,Supplier_13,3,109,23,16.17,9.34,10,25,0,0,4,109,84,Winter,29,Normal
29,Product_029,Snacks,Supplier_7,7,337,85,19.46,15.39,5,23.1,1,1,7,206,138,Spring,81,Normal
30,Product_030,Household,Supplier_7,2,77,88,4.51,3.29,20,40,1,0,7,260,72,Spring,86,Normal
31,Product_031,Vegetables,Supplier_3,3,32,13,1.36,1.09,20,37.1,1,0,10,261,78,Rainy,16,Low Stock
32,Product_032,Dairy,Supplier_3,1,81,95,37.49,26.39,20,28.2,1,0,2,355,110,Winter,94,Low Stock
33,Product_033,Household,Supplier_2,5,483,56,44.86,33.61,20,18.6,0,1,1,12,52,Spring,53,Overstock
34,Product_034,Vegetables,Supplier_9,6,182,68,13.31,11.4,25,37.4,0,0,3,27,102,Rainy,78,Normal
35,Product_035,Fruits,Supplier_9,6,121,57,37.56,31.19,5,17.3,1,0,2,154,45,Summer,62,Normal
36,Product_036,Frozen,Supplier_6,10,46,81,5.34,4.42,20,30.8,0,0,8,265,95,Summer,80,Low Stock
37,Product_037,Household,Supplier_4,5,570,4,10.71,9.4,10,28.7,1,1,9,152,78,Winter,9,Overstock
38,Product_038,Vegetables,Supplier_6,5,238,99,33.1,23,10,37.6,1,1,5,202,69,Spring,106,Overstock
39,Product_039,Fruits,Supplier_5,10,223,52,32.69,25.99,25,17.1,0,1,1,31,139,Rainy,63,Normal
40,Product_040,Fruits,Supplier_10,6,178,47,9.43,7.39,15,34.2,0,1,8,332,113,Summer,55,Normal
41,Product_041,Meat,Supplier_5,2,548,85,20.16,11.71,20,34.2,0,1,1,257,142,Summer,89,Overstock
42,Product_042,Household,Supplier_14,2,290,35,34.62,28.97,15,31.2,1,1,7,70,129,Summer,33,Normal
43,Product_043,Frozen,Supplier_4,7,79,10,33.7,25.5,20,20,1,0,4,202,81,Winter,16,Low Stock
44,Product_044,Household,Supplier_5,2,82,25,36.51,31.86,5,34.6,1,1,8,83,57,Rainy,37,Normal
45,Product_045,Grains,Supplier_5,1,552,93,46.25,40.64,15,38.7,0,0,2,131,48,Spring,91,Overstock
46,Product_046,Snacks,Supplier_8,2,290,34,22.15,18.89,15,33.3,0,1,10,318,147,Summer,42,Normal
47,Product_047,Household,Supplier_2,1,224,28,21.75,12.28,5,37.1,0,0,4,365,73,Spring,32,Overstock
48,Product_048,Snacks,Supplier_15,8,573,49,8.74,7.36,0,36.1,1,0,2,263,48,Summer,44,Overstock
49,Product_049,Grains,Supplier_14,9,180,73,29.62,21.76,10,34,1,0,5,265,75,Rainy,79,Normal
50,Product_050,Grains,Supplier_15,2,435,48,7.74,6.23,0,24.2,1,0,2,234,122,Summer,55,Overstock
51,Product_051,Snacks,Supplier_3,5,93,42,6.74,3.77,0,24,0,1,7,123,132,Summer,45,Low Stock
52,Product_052,Frozen,Supplier_4,6,453,63,4.9,4.1,5,36.3,1,0,8,232,68,Spring,59,Overstock
53,Product_053,Vegetables,Supplier_12,8,204,69,42.64,34.07,5,20,1,1,9,11,62,Rainy,81,Overstock
54,Product_054,Meat,Supplier_12,2,208,99,13.26,11.53,20,38.9,1,1,1,242,72,Rainy,94,Normal
55,Product_055,Fruits,Supplier_1,1,438,64,15.14,12.56,10,34.8,0,1,3,311,46,Summer,65,Overstock
56,Product_056,Fruits,Supplier_8,8,555,20,32.02,20.86,0,22.3,0,0,4,112,94,Spring,30,Overstock
57,Product_057,Snacks,Supplier_11,4,237,74,27.6,16.27,20,26.2,0,1,8,324,120,Summer,81,Normal
58,Product_058,Snacks,Supplier_12,10,321,87,28.83,18.13,20,15.7,0,1,2,256,108,Spring,90,Normal
59,Product_059,Snacks,Supplier_2,2,258,84,49.25,28.64,25,16.6,0,1,9,270,121,Summer,93,Normal
60,Product_060,Meat,Supplier_10,7,492,3,2.08,1.56,25,30.1,1,1,1,47,108,Spring,15,Overstock
61,Product_061,Dairy,Supplier_7,8,325,28,29.86,25.04,0,22.3,1,0,10,82,93,Winter,37,Overstock
62,Product_062,Frozen,Supplier_11,8,462,39,7.57,5.86,20,24.4,0,1,4,138,100,Summer,48,Overstock
63,Product_063,Meat,Supplier_14,4,545,45,30.14,17.91,20,20.6,1,1,10,16,118,Rainy,52,Overstock
64,Product_064,Frozen,Supplier_7,4,113,34,33.07,24.26,5,34.4,1,0,5,210,106,Summer,36,Normal
65,Product_065,Snacks,Supplier_2,9,206,24,12.34,6.79,0,28.7,1,1,8,240,61,Spring,30,Overstock
66,Product_066,Beverages,Supplier_12,1,31,27,37.51,22.9,0,37.5,1,0,3,203,118,Spring,38,Low Stock
67,Product_067,Meat,Supplier_3,5,56,35,23.11,13.24,10,18.5,1,0,6,222,137,Summer,34,Low Stock
68,Product_068,Bakery,Supplier_12,3,392,1,9.89,7.93,20,39.1,1,0,3,339,82,Summer,7,Overstock
69,Product_069,Vegetables,Supplier_12,9,286,88,22.08,12.92,0,37.7,0,1,9,293,111,Spring,97,Normal
70,Product_070,Frozen,Supplier_11,6,561,41,6.98,5.55,25,39.9,1,0,5,201,128,Rainy,52,Overstock
71,Product_071,Frozen,Supplier_2,6,78,92,19.65,12.37,25,34,0,0,4,81,135,Winter,102,Low Stock
72,Product_072,Frozen,Supplier_1,7,423,10,16.74,13.63,10,20.2,0,0,1,356,107,Summer,22,Overstock
73,Product_073,Beverages,Supplier_4,9,73,52,19.43,14.63,20,25.3,1,1,2,150,121,Winter,59,Low Stock
74,Product_074,Bakery,Supplier_7,2,557,53,14.74,8.85,0,19.6,1,1,9,64,58,Winter,57,Overstock
75,Product_075,Meat,Supplier_11,4,269,52,19.34,15.45,5,32.4,0,0,8,114,118,Spring,50,Normal
76,Product_076,Snacks,Supplier_9,2,329,20,25.28,20.24,25,24.1,0,1,9,38,99,Winter,32,Overstock
77,Product_077,Meat,Supplier_15,3,322,49,1.94,1.18,5,21.4,1,0,2,48,92,Rainy,60,Overstock
78,Product_078,Bakery,Supplier_11,8,245,21,17.1,12.31,0,30.1,1,1,6,56,144,Winter,24,Normal
79,Product_079,Vegetables,Supplier_13,10,309,31,7.25,4.71,20,21.1,1,0,2,54,53,Spring,41,Overstock
80,Product_080,Snacks,Supplier_13,9,573,89,11.1,9.91,25,26.2,1,0,10,44,74,Spring,98,Overstock
81,Product_081,Dairy,Supplier_3,1,489,5,1.69,1.22,10,22.6,1,0,9,311,115,Summer,9,Overstock
82,Product_082,Meat,Supplier_6,6,597,61,31.44,20.42,0,37.3,0,0,1,7,78,Rainy,69,Overstock
83,Product_083,Bakery,Supplier_11,9,505,44,26.94,22.23,10,17.8,1,1,10,138,109,Summer,56,Overstock
84,Product_084,Frozen,Supplier_8,6,199,81,10.18,8.38,10,38.8,0,1,10,51,69,Winter,77,Normal
85,Product_085,Meat,Supplier_8,6,433,82,48.08,42.11,0,38.5,1,1,5,177,126,Winter,85,Overstock
86,Product_086,Meat,Supplier_14,10,143,56,47.35,27.73,10,20.5,0,0,8,88,109,Winter,56,Normal
87,Product_087,Snacks,Supplier_1,7,445,69,32.23,26.21,5,19.6,0,0,6,283,63,Summer,73,Overstock
88,Product_088,Beverages,Supplier_1,1,284,53,43.42,36.96,10,33.4,0,0,3,130,131,Rainy,53,Normal
89,Product_089,Household,Supplier_5,8,397,99,29.89,23.65,20,21.6,0,1,2,294,58,Winter,111,Overstock
90,Product_090,Dairy,Supplier_11,6,475,12,47.73,40.57,15,36,1,0,5,282,128,Spring,19,Overstock
91,Product_091,Snacks,Supplier_12,8,461,74,4.45,3.65,5,31.1,0,0,7,292,136,Spring,74,Overstock
92,Product_092,Snacks,Supplier_13,6,238,87,31.66,22.91,5,29.6,1,0,3,230,71,Spring,94,Overstock
93,Product_093,Meat,Supplier_7,5,324,68,15.47,9.77,20,17.8,0,0,5,213,60,Rainy,80,Overstock
94,Product_094,Grains,Supplier_15,3,437,38,14.52,9.81,25,20,0,1,4,51,107,Winter,34,Overstock
95,Product_095,Grains,Supplier_5,10,67,44,34.7,20.14,20,34.8,1,1,7,363,98,Rainy,53,Low Stock
96,Product_096,Meat,Supplier_9,4,283,11,2.63,1.8,0,30.3,1,0,6,95,71,Rainy,7,Overstock
97,Product_097,Meat,Supplier_4,3,472,5,36.12,30.36,25,20.2,0,1,8,346,98,Rainy,9,Overstock
98,Product_098,Beverages,Supplier_2,6,317,14,12.63,10.62,5,20.8,0,0,8,258,123,Summer,19,Normal
99,Product_099,Meat,Supplier_15,6,443,60,5.03,3.87,0,18.7,0,1,2,320,119,Summer,58,Overstock
100,Product_100,Vegetables,Supplier_12,6,408,4,9.41,6.56,20,24.5,0,0,3,213,49,Spring,5,Overstock
101,Product_101,Vegetables,Supplier_1,9,498,43,13.11,9.68,0,23.7,1,0,2,57,129,Summer,49,Overstock
102,Product_102,Dairy,Supplier_1,6,92,66,13.69,10.85,0,34.5,0,0,1,154,122,Summer,77,Low Stock
103,Product_103,Grains,Supplier_12,6,282,51,5.49,3.37,20,18.6,0,1,6,319,68,Spring,46,Overstock
104,Product_104,Bakery,Supplier_1,3,80,18,48.65,41.09,5,23.5,1,0,9,170,53,Summer,25,Normal
105,Product_105,Meat,Supplier_14,1,241,74,36.07,25.4,20,31.4,0,0,10,331,131,Rainy,83,Normal
106,Product_106,Dairy,Supplier_1,7,219,33,47.07,26.72,10,23,0,1,3,284,105,Winter,34,Normal
107,Product_107,Meat,Supplier_6,3,77,52,43.79,28.24,20,27.5,0,1,9,82,119,Spring,55,Low Stock
108,Product_108,Beverages,Supplier_8,5,358,20,15.29,10.36,15,17.1,1,1,7,171,97,Summer,27,Overstock
109,Product_109,Frozen,Supplier_4,1,591,27,41.58,23.42,20,21.6,0,0,6,49,76,Winter,36,Overstock
110,Product_110,Bakery,Supplier_13,8,513,83,28.23,20.56,25,30.4,0,0,6,342,136,Winter,81,Overstock
111,Product_111,Household,Supplier_12,3,535,51,28.9,24.3,0,38.2,0,1,10,325,133,Winter,61,Overstock
112,Product_112,Fruits,Supplier_5,7,372,31,27.61,23.57,10,23.1,0,1,10,253,50,Winter,34,Overstock
113,Product_113,Vegetables,Supplier_7,10,585,54,15.79,12.92,25,22.5,0,0,4,214,44,Winter,61,Overstock
114,Product_114,Household,Supplier_1,3,104,95,24.52,21.02,20,17.4,1,1,6,208,138,Summer,102,Low Stock
115,Product_115,Grains,Supplier_8,4,390,78,3.87,2.3,25,32.1,0,0,2,64,117,Spring,90,Overstock
116,Product_116,Snacks,Supplier_3,9,226,22,29.49,20.83,15,20,1,1,10,242,76,Summer,20,Normal
117,Product_117,Household,Supplier_6,5,145,89,39.16,33.36,25,36.1,1,1,1,262,68,Rainy,100,Normal
118,Product_118,Household,Supplier_3,1,355,34,46.41,37.64,10,31.6,1,1,4,349,99,Spring,46,Overstock
119,Product_119,Bakery,Supplier_11,10,595,55,2.14,1.67,15,35.5,0,1,1,334,49,Rainy,66,Overstock
120,Product_120,Frozen,Supplier_8,1,268,81,46.86,36.22,20,33.8,0,1,6,54,51,Rainy,81,Overstock
121,Product_121,Frozen,Supplier_4,4,442,93,41.34,27.77,0,26.6,1,1,1,309,107,Rainy,102,Overstock
122,Product_122,Beverages,Supplier_7,6,34,3,8.37,5.71,20,16,0,0,4,82,119,Spring,2,Low Stock
123,Product_123,Frozen,Supplier_4,10,433,23,22.49,17.15,20,33,0,1,8,139,84,Rainy,31,Overstock
124,Product_124,Household,Supplier_8,7,364,57,5.25,3.84,15,22.5,1,1,4,305,46,Rainy,59,Overstock
125,Product_125,Bakery,Supplier_13,4,380,41,40.15,35.95,10,37.8,0,1,5,82,55,Rainy,40,Overstock
126,Product_126,Bakery,Supplier_2,9,47,61,38.23,29.36,20,33,0,1,10,269,124,Rainy,59,Low Stock
127,Product_127,Household,Supplier_5,6,471,1,42.78,28.14,25,22.9,0,0,8,47,56,Spring,5,Overstock
128,Product_128,Beverages,Supplier_6,9,482,46,31.87,23.16,20,36.5,1,1,8,18,99,Spring,45,Overstock
129,Product_129,Meat,Supplier_10,4,55,16,38.04,29.5,15,15.4,1,1,7,156,77,Spring,13,Low Stock
130,Product_130,Grains,Supplier_15,5,436,6,41.77,30.49,20,21.9,1,1,7,146,51,Spring,6,Overstock
131,Product_131,Fruits,Supplier_8,4,475,75,9.39,8.04,0,26.3,1,0,5,328,109,Summer,70,Overstock
132,Product_132,Bakery,Supplier_11,8,294,58,23.77,15.46,15,17.7,1,1,6,49,143,Spring,58,Normal
133,Product_133,Beverages,Supplier_2,2,402,28,17.25,12.6,20,36.6,0,0,3,231,45,Winter,23,Overstock
134,Product_134,Frozen,Supplier_4,6,375,18,43.67,28.3,0,32,0,1,4,178,86,Winter,25,Overstock
135,Product_135,Dairy,Supplier_1,3,370,29,8.85,6.98,5,24.9,1,0,6,276,42,Rainy,33,Overstock
136,Product_136,Grains,Supplier_13,2,519,64,16.28,13.31,0,36.5,1,1,7,110,87,Rainy,68,Overstock
137,Product_137,Vegetables,Supplier_5,10,597,98,19.9,12.41,15,18.3,0,0,7,135,128,Winter,102,Overstock
138,Product_138,Snacks,Supplier_5,1,132,19,7.01,5.68,5,19,1,0,10,356,42,Summer,24,Overstock
139,Product_139,Frozen,Supplier_5,3,76,49,3.89,3.44,0,16.5,0,1,5,155,145,Rainy,47,Low Stock
140,Product_140,Fruits,Supplier_10,3,444,95,9.92,6.8,10,22.7,1,1,4,5,133,Spring,105,Overstock
141,Product_141,Beverages,Supplier_1,4,150,95,26.71,17.84,0,34.7,0,0,1,289,72,Rainy,99,Normal
142,Product_142,Meat,Supplier_1,8,131,15,31.4,20.21,15,16.2,0,0,9,356,141,Winter,23,Low Stock
143,Product_143,Snacks,Supplier_15,9,97,15,16.74,14.4,25,38,1,1,3,49,102,Spring,11,Low Stock
144,Product_144,Fruits,Supplier_5,8,385,86,20.36,15,25,26.8,0,1,1,73,75,Summer,88,Overstock
145,Product_145,Meat,Supplier_15,7,82,32,23.96,21.5,15,27.7,0,0,7,175,80,Rainy,29,Normal
146,Product_146,Meat,Supplier_6,9,30,81,31.44,26.87,5,37.1,0,0,1,69,56,Spring,82,Low Stock
147,Product_147,Meat,Supplier_9,5,377,36,37.4,28.09,5,26.5,0,1,2,281,81,Rainy,46,Overstock
148,Product_148,Frozen,Supplier_8,4,457,5,48.98,37.81,10,36.4,0,0,1,326,80,Spring,16,Overstock
149,Product_149,Vegetables,Supplier_2,5,432,50,27.03,20.99,15,24.6,1,0,9,337,149,Summer,61,Normal
150,Product_150,Grains,Supplier_1,9,184,4,42.3,37.94,10,23.8,0,1,7,158,74,Winter,5,Normal
151,Product_151,Bakery,Supplier_10,2,197,47,39.01,27.2,15,18.4,1,1,6,227,108,Winter,51,Normal
152,Product_152,Grains,Supplier_5,4,201,51,31.28,26.97,0,36.3,1,0,1,218,71,Spring,63,Normal
153,Product_153,Household,Supplier_3,4,480,46,26.21,16.58,0,30.2,0,1,3,55,147,Spring,57,Overstock
154,Product_154,Bakery,Supplier_3,4,260,93,33.51,19.44,5,22.7,1,1,5,281,99,Spring,98,Normal
155,Product_155,Frozen,Supplier_12,3,383,87,30.82,22.46,20,24.3,1,0,1,63,59,Rainy,85,Overstock
156,Product_156,Dairy,Supplier_3,6,295,90,24.38,20.81,25,17.3,1,0,7,65,44,Summer,85,Overstock
157,Product_157,Household,Supplier_3,10,575,10,25.48,17.29,25,26.4,1,0,2,283,118,Summer,21,Overstock
158,Product_158,Household,Supplier_4,3,401,12,39.99,27.15,10,31,0,1,4,82,56,Spring,22,Overstock
159,Product_159,Beverages,Supplier_15,5,572,60,31.39,27.25,15,33.4,1,1,10,100,57,Rainy,56,Overstock
160,Product_160,Meat,Supplier_9,1,486,34,43.89,24.91,0,22.2,0,1,3,227,116,Winter,44,Overstock
161,Product_161,Meat,Supplier_1,9,397,3,41.18,23,25,30.9,0,1,1,265,112,Rainy,1,Overstock
162,Product_162,Grains,Supplier_9,9,238,7,29.52,16.78,20,38.8,0,1,5,246,58,Summer,8,Overstock
163,Product_163,Beverages,Supplier_4,8,194,5,34.02,18.99,10,39.7,1,1,4,93,141,Winter,12,Normal
164,Product_164,Household,Supplier_9,5,251,68,48.55,33.8,20,16.8,0,0,8,344,125,Winter,73,Normal
165,Product_165,Frozen,Supplier_6,1,542,33,32.2,28.12,10,15.7,1,0,2,183,69,Rainy,44,Overstock
166,Product_166,Dairy,Supplier_7,6,95,25,5.11,3.2,15,38.9,1,1,2,91,117,Summer,36,Low Stock
167,Product_167,Grains,Supplier_6,4,591,27,27.78,17.38,0,39.6,0,0,10,182,60,Spring,23,Overstock
168,Product_168,Meat,Supplier_5,9,177,34,43.88,24.38,5,32.7,0,0,6,239,93,Summer,41,Normal
169,Product_169,Vegetables,Supplier_9,7,325,66,18.83,12.39,15,27.3,1,0,9,140,72,Summer,77,Overstock
170,Product_170,Grains,Supplier_3,9,478,6,2.51,1.77,0,25.3,1,1,4,105,52,Summer,10,Overstock
171,Product_171,Meat,Supplier_4,5,418,100,42.4,30.85,10,24.5,0,0,8,218,129,Spring,96,Overstock
172,Product_172,Dairy,Supplier_10,8,306,87,18.82,12.59,20,26.8,1,0,1,128,76,Winter,97,Overstock
173,Product_173,Grains,Supplier_11,9,162,40,41.79,34.27,25,33.5,0,0,4,184,147,Spring,50,Normal
174,Product_174,Vegetables,Supplier_2,10,215,54,49.4,36.06,20,20,0,0,1,93,91,Winter,58,Normal
175,Product_175,Meat,Supplier_6,2,337,80,29.25,26.27,20,36.9,0,0,1,108,117,Spring,82,Normal
176,Product_176,Bakery,Supplier_9,5,290,90,34.59,19.45,10,27.7,0,1,10,186,43,Rainy,90,Overstock
177,Product_177,Household,Supplier_6,5,578,57,48.37,26.96,25,24.8,1,0,7,101,72,Spring,53,Overstock
178,Product_178,Snacks,Supplier_4,6,462,39,21.23,13.21,5,24.1,0,0,4,192,141,Winter,42,Overstock
179,Product_179,Dairy,Supplier_14,8,588,79,43.77,24.27,5,36.9,0,0,1,148,146,Rainy,85,Overstock
180,Product_180,Snacks,Supplier_1,10,564,94,24.65,14.83,25,30.6,0,0,3,89,67,Spring,93,Overstock
181,Product_181,Snacks,Supplier_1,5,200,65,16.43,13.57,10,18.7,0,1,8,121,75,Summer,67,Normal
182,Product_182,Meat,Supplier_4,3,388,13,31.95,26.3,20,35.8,1,0,7,115,132,Summer,24,Normal
183,Product_183,Meat,Supplier_12,4,167,51,46.48,38.97,20,28.9,0,1,3,358,121,Summer,62,Normal
184,Product_184,Bakery,Supplier_2,8,587,69,24.43,18.18,5,15.8,0,0,2,69,56,Summer,80,Overstock
185,Product_185,Bakery,Supplier_12,6,142,56,42.33,32.3,20,18.6,0,1,10,53,118,Spring,54,Normal
186,Product_186,Vegetables,Supplier_5,10,522,36,27.91,23.57,15,23.6,1,1,9,65,72,Summer,32,Overstock
187,Product_187,Grains,Supplier_9,6,185,60,23.56,19.63,0,22.8,1,1,6,102,99,Winter,58,Normal
188,Product_188,Meat,Supplier_4,4,267,73,49.64,40.92,25,15.5,1,0,5,358,86,Spring,69,Overstock
189,Product_189,Grains,Supplier_11,9,572,4,48.55,29.18,20,26.2,1,0,9,143,77,Summer,3,Overstock
190,Product_190,Dairy,Supplier_10,10,48,32,17.16,11.3,20,27.3,1,0,8,173,102,Winter,29,Low Stock
191,Product_191,Dairy,Supplier_3,10,58,33,30.27,23.05,0,31.5,0,0,1,112,125,Spring,42,Low Stock
192,Product_192,Frozen,Supplier_1,8,586,48,1.46,0.97,15,20.2,1,0,7,148,102,Summer,44,Overstock
193,Product_193,Bakery,Supplier_8,2,119,67,23.21,12.8,15,28.2,1,0,7,242,110,Summer,69,Normal
194,Product_194,Dairy,Supplier_12,10,292,49,12.05,7.13,15,35.6,1,1,7,244,46,Winter,59,Overstock
195,Product_195,Vegetables,Supplier_10,7,483,52,49.35,37.44,10,18.6,1,1,9,305,89,Summer,60,Overstock
196,Product_196,Fruits,Supplier_12,5,229,42,47.87,31.44,10,37.2,0,1,6,334,111,Rainy,42,Normal
197,Product_197,Household,Supplier_1,4,309,70,41.13,28.32,5,31,1,0,6,240,105,Summer,65,Normal
198,Product_198,Beverages,Supplier_10,1,57,20,6.66,5.97,0,16.2,1,1,7,277,99,Rainy,21,Low Stock
199,Product_199,Grains,Supplier_11,7,274,36,41.9,27.51,0,38.9,0,1,10,157,98,Rainy,48,Normal
200,Product_200,Fruits,Supplier_13,4,526,92,48.9,42.97,20,21,1,0,10,339,61,Winter,97,Overstock
1,Product_001,Meat,Supplier_13,1,546,37,22.9,16.33,20,31.1,0,0,5,17,113,Rainy,48,Overstock
2,Product_002,Snacks,Supplier_2,2,213,14,15.1,12.22,25,33.7,0,0,1,20,131,Summer,23,Normal
3,Product_003,Frozen,Supplier_13,9,132,16,36.93,24.81,10,16.8,1,1,4,103,76,Winter,23,Normal
4,Product_004,Meat,Supplier_15,7,244,93,28.48,19.74,25,15.5,0,1,7,141,63,Spring,92,Overstock
5,Product_005,Meat,Supplier_12,7,545,77,30.14,21.64,5,26,1,1,2,73,149,Spring,83,Overstock
6,Product_006,Vegetables,Supplier_4,3,164,83,34.42,25.89,10,32.1,0,0,6,16,70,Rainy,94,Normal
7,Product_007,Household,Supplier_13,9,406,95,47.5,28.14,20,33.7,0,1,8,42,44,Spring,100,Overstock
8,Product_008,Frozen,Supplier_7,10,118,79,17.94,11.53,5,30.5,0,0,8,59,82,Winter,85,Normal
9,Product_009,Fruits,Supplier_8,8,240,59,30.28,22,25,15.6,1,0,1,162,59,Spring,62,Overstock
10,Product_010,Frozen,Supplier_11,6,326,29,47.58,26.58,25,29,0,0,3,121,149,Spring,25,Normal
11,Product_011,Vegetables,Supplier_12,6,155,36,46.19,31.08,10,34.4,0,0,2,96,81,Spring,32,Normal
12,Product_012,Fruits,Supplier_8,2,84,58,24.39,16.21,15,22.8,0,0,7,234,43,Spring,56,Normal
13,Product_013,Grains,Supplier_13,1,216,44,10.04,5.95,5,33.3,1,1,7,358,110,Spring,46,Normal
14,Product_014,Grains,Supplier_4,1,539,58,23.19,19.15,5,23.6,0,0,1,113,69,Rainy,55,Overstock
15,Product_015,Bakery,Supplier_8,10,394,79,2.93,2.16,10,24,0,1,9,278,95,Winter,76,Overstock
16,Product_016,Grains,Supplier_5,8,378,96,23.41,17.66,0,35.3,1,1,1,173,103,Summer,107,Overstock
17,Product_017,Vegetables,Supplier_4,10,229,36,2.96,2.38,0,19.6,0,1,10,270,141,Summer,46,Normal
18,Product_018,Beverages,Supplier_10,10,482,68,3.56,1.99,5,35.1,1,1,6,50,135,Winter,71,Overstock
19,Product_019,Bakery,Supplier_14,6,166,10,42.3,27.84,5,16.4,0,1,1,19,143,Spring,17,Normal
20,Product_020,Dairy,Supplier_1,6,336,89,47.04,40.97,20,20.9,1,1,2,236,59,Winter,91,Overstock
21,Product_021,Bakery,Supplier_15,1,124,9,44.52,32.34,15,16.4,0,1,8,266,48,Winter,4,Normal
22,Product_022,Beverages,Supplier_11,1,252,25,37.49,31.95,5,27.9,0,1,2,200,49,Spring,33,Overstock
23,Product_023,Bakery,Supplier_10,9,566,97,49.18,39.65,15,32.2,0,1,4,257,60,Spring,104,Overstock
24,Product_024,Household,Supplier_5,6,228,18,41.36,31.96,10,38.3,0,0,7,304,54,Spring,30,Overstock
25,Product_025,Vegetables,Supplier_12,5,574,45,20.66,18.37,15,37.8,0,1,7,347,59,Summer,54,Overstock
26,Product_026,Vegetables,Supplier_2,1,182,51,22.71,17.79,15,24.1,0,1,10,313,83,Rainy,56,Normal
27,Product_027,Fruits,Supplier_7,4,446,82,37.69,25.66,15,19.6,0,0,4,43,110,Spring,82,Overstock
28,Product_028,Meat,Supplier_5,8,103,88,44.11,29.89,5,33.6,0,0,9,277,107,Winter,87,Low Stock
29,Product_029,Snacks,Supplier_13,4,210,7,44.03,25.37,10,33.2,0,0,7,329,138,Rainy,5,Normal
30,Product_030,Household,Supplier_1,5,196,8,10.17,7.36,15,32.5,0,1,8,188,70,Rainy,15,Normal
31,Product_031,Vegetables,Supplier_15,10,351,49,10.96,9.15,25,16.2,1,1,5,232,132,Rainy,61,Normal
32,Product_032,Dairy,Supplier_14,3,122,27,4.07,2.74,15,20.4,1,1,7,310,93,Rainy,35,Normal
33,Product_033,Household,Supplier_1,1,467,35,23.77,13.42,10,21,1,1,1,329,69,Winter,38,Overstock
34,Product_034,Vegetables,Supplier_1,6,331,80,48.2,40.99,20,15.6,1,1,10,298,42,Summer,80,Overstock
35,Product_035,Fruits,Supplier_10,10,437,100,22.08,12.39,10,32.8,1,1,4,236,91,Spring,101,Overstock
36,Product_036,Frozen,Supplier_9,1,218,34,46.52,31.85,10,23,1,0,10,83,138,Spring,30,Normal
37,Product_037,Household,Supplier_9,2,338,89,44.54,33.51,10,15.5,1,1,5,103,65,Summer,86,Overstock
38,Product_038,Vegetables,Supplier_14,8,91,40,47,38.78,25,20.8,1,0,4,325,54,Rainy,43,Normal
39,Product_039,Fruits,Supplier_3,8,487,33,37.26,30.77,25,36.7,1,0,3,73,93,Summer,40,Overstock
40,Product_040,Fruits,Supplier_1,10,541,50,11.01,6.66,20,28.6,1,0,8,187,48,Spring,54,Overstock
41,Product_041,Meat,Supplier_15,9,261,58,32.98,26.4,15,28.2,0,1,2,65,150,Winter,67,Normal
42,Product_042,Household,Supplier_2,3,145,4,5.07,3.95,15,16.4,1,1,3,68,55,Summer,16,Normal
43,Product_043,Frozen,Supplier_9,6,547,84,2.93,1.62,5,29.4,0,0,9,172,138,Spring,80,Overstock
44,Product_044,Household,Supplier_14,10,176,86,17.37,11.71,20,16.2,0,1,1,150,44,Spring,94,Overstock
45,Product_045,Grains,Supplier_15,4,254,65,6.07,3.76,20,35.5,0,1,5,27,74,Summer,66,Overstock
46,Product_046,Snacks,Supplier_4,8,386,33,3.64,2.97,5,29.2,0,1,4,76,57,Rainy,31,Overstock
47,Product_047,Household,Supplier_15,7,448,30,8.02,5.44,10,20.6,1,1,8,112,45,Rainy,29,Overstock
48,Product_048,Snacks,Supplier_15,5,172,53,16.82,12.9,20,29.4,1,0,7,204,79,Winter,65,Normal
49,Product_049,Grains,Supplier_2,6,517,38,32.37,24.37,0,24.4,1,0,8,143,136,Winter,41,Overstock
50,Product_050,Grains,Supplier_13,2,453,98,7.15,4.04,10,36.1,0,1,4,305,98,Summer,97,Overstock
51,Product_051,Snacks,Supplier_10,6,246,67,17.68,14.88,0,36.6,0,0,8,173,70,Summer,66,Overstock
52,Product_052,Frozen,Supplier_7,1,105,7,47.12,32.95,10,26.6,1,0,4,223,137,Winter,3,Low Stock
53,Product_053,Vegetables,Supplier_2,2,362,73,45.82,30.9,5,38.6,1,1,10,323,149,Winter,68,Normal
54,Product_054,Meat,Supplier_2,10,234,48,16.15,11.38,15,38.3,0,1,9,56,60,Spring,47,Overstock
55,Product_055,Fruits,Supplier_9,4,285,76,11.24,6.77,0,28.9,1,1,4,129,45,Rainy,79,Overstock
56,Product_056,Fruits,Supplier_12,5,591,46,16.42,12.25,10,33.8,1,1,9,181,121,Summer,48,Overstock
57,Product_057,Snacks,Supplier_1,3,593,81,28.87,24.46,5,30.8,0,1,10,172,54,Summer,83,Overstock
58,Product_058,Snacks,Supplier_2,4,342,40,44.95,29,5,16.1,1,1,7,239,61,Rainy,45,Overstock
59,Product_059,Snacks,Supplier_12,8,46,66,38.92,23.08,10,24.2,1,0,2,64,120,Summer,68,Low Stock
60,Product_060,Meat,Supplier_15,1,246,17,30.58,26.61,10,16.3,1,1,4,263,97,Winter,12,Normal
61,Product_061,Dairy,Supplier_2,7,558,39,17.63,9.96,0,31.8,1,0,10,199,140,Spring,37,Overstock
62,Product_062,Frozen,Supplier_14,4,325,21,9.79,7.23,5,30.2,1,1,7,49,146,Winter,28,Normal
63,Product_063,Meat,Supplier_6,10,350,35,3.83,2.83,10,28.7,1,0,3,254,128,Rainy,46,Normal
64,Product_064,Frozen,Supplier_10,10,88,36,45.31,35.17,0,37,1,1,10,46,62,Summer,37,Normal
65,Product_065,Snacks,Supplier_12,3,462,30,35.94,31.09,10,18.8,0,0,4,81,43,Rainy,42,Overstock
66,Product_066,Beverages,Supplier_1,4,39,43,25.48,20.53,20,27.5,0,0,4,62,45,Summer,51,Low Stock
67,Product_067,Meat,Supplier_11,9,561,85,24.59,15.91,15,26.5,1,0,9,140,128,Winter,82,Overstock
68,Product_068,Bakery,Supplier_8,1,206,72,8.01,6.96,25,22.5,1,1,9,31,138,Rainy,80,Normal
69,Product_069,Vegetables,Supplier_14,4,443,38,36.84,21.74,5,38.8,1,0,9,87,102,Spring,33,Overstock
70,Product_070,Frozen,Supplier_13,8,92,36,39.5,26.78,10,31.5,0,0,3,75,88,Winter,44,Normal
71,Product_071,Frozen,Supplier_8,5,235,67,36.61,21.59,0,18.1,1,1,6,196,79,Summer,76,Normal
72,Product_072,Frozen,Supplier_14,7,230,90,26.5,19.89,5,19.1,0,1,3,352,56,Summer,95,Overstock
73,Product_073,Beverages,Supplier_11,9,86,58,23.73,18.31,10,28.6,1,0,7,140,86,Rainy,57,Normal
74,Product_074,Bakery,Supplier_15,1,131,47,6.39,5.02,25,36.6,1,0,3,283,146,Winter,59,Low Stock
75,Product_075,Meat,Supplier_15,4,489,23,27.45,17.09,0,34.7,1,1,1,159,63,Summer,29,Overstock
76,Product_076,Snacks,Supplier_11,7,266,24,15.54,13.91,25,36.7,1,1,10,187,83,Summer,28,Overstock
77,Product_077,Meat,Supplier_4,4,464,60,46.98,28.49,10,24.2,1,1,4,264,58,Winter,67,Overstock
78,Product_078,Bakery,Supplier_3,1,367,98,44.39,26.1,25,25,1,1,8,337,44,Summer,110,Overstock
79,Product_079,Vegetables,Supplier_8,9,595,12,49.88,41.26,15,19,0,0,5,157,100,Winter,13,Overstock
80,Product_080,Snacks,Supplier_13,7,484,86,9.12,6.45,15,19,0,0,9,28,56,Rainy,96,Overstock
81,Product_081,Dairy,Supplier_8,1,214,92,27.99,22.8,20,16.9,1,0,1,6,111,Rainy,103,Normal
82,Product_082,Meat,Supplier_15,10,438,55,11.43,6.99,25,39.5,1,1,8,212,148,Winter,66,Normal
83,Product_083,Bakery,Supplier_5,2,536,74,35.84,31.49,20,32.1,1,1,9,201,85,Spring,86,Overstock
84,Product_084,Frozen,Supplier_12,1,403,43,14.21,8.6,10,32,0,1,7,89,46,Rainy,46,Overstock
85,Product_085,Meat,Supplier_10,8,540,93,22.2,18.75,5,28.3,0,0,4,73,119,Spring,92,Overstock
86,Product_086,Meat,Supplier_10,1,33,80,47.55,35.88,25,27.4,1,0,3,270,54,Rainy,84,Low Stock
87,Product_087,Snacks,Supplier_9,2,42,57,30.62,17.65,25,26.6,1,1,7,203,76,Rainy,68,Low Stock
88,Product_088,Beverages,Supplier_14,4,178,33,48.87,42.27,15,16.2,1,0,5,324,97,Winter,37,Normal
89,Product_089,Household,Supplier_4,1,89,56,29.56,22.75,25,32.4,1,0,8,309,80,Spring,60,Normal
90,Product_090,Dairy,Supplier_11,9,228,100,9.95,6.2,25,32.1,1,0,9,237,45,Rainy,105,Overstock
91,Product_091,Snacks,Supplier_7,6,461,100,27.9,18.46,15,32.7,0,1,3,231,66,Summer,101,Overstock
92,Product_092,Snacks,Supplier_9,1,264,41,21.76,16.51,25,16.9,1,0,4,14,119,Spring,47,Normal
93,Product_093,Meat,Supplier_2,3,74,52,15.47,9.14,0,35.3,1,0,8,6,109,Rainy,54,Low Stock
94,Product_094,Grains,Supplier_10,8,344,25,6.91,5.99,20,32.6,0,1,9,335,52,Summer,27,Overstock
95,Product_095,Grains,Supplier_7,8,71,32,19.14,16.84,0,15.5,1,1,10,289,85,Winter,34,Low Stock
96,Product_096,Meat,Supplier_1,5,306,41,24.89,14.36,20,15.4,0,0,5,198,79,Rainy,46,Overstock
97,Product_097,Meat,Supplier_12,8,458,96,34.67,21.93,0,15.5,0,1,9,345,45,Spring,97,Overstock
98,Product_098,Beverages,Supplier_8,1,507,60,27.83,18.01,10,38.6,1,0,2,337,86,Spring,66,Overstock
99,Product_099,Meat,Supplier_7,7,529,70,7.36,5.81,0,36.5,1,0,2,270,85,Rainy,78,Overstock
100,Product_100,Vegetables,Supplier_5,5,199,3,11.44,9.57,15,21,0,1,1,270,86,Rainy,4,Normal
101,Product_101,Vegetables,Supplier_15,7,340,53,28.03,15.99,0,39.3,0,0,6,115,117,Rainy,64,Normal
102,Product_102,Dairy,Supplier_5,10,346,24,10.73,8.07,15,38.4,0,0,1,43,125,Winter,30,Normal
103,Product_103,Grains,Supplier_6,1,464,60,39.56,32.46,15,23.6,1,0,7,301,54,Spring,60,Overstock
104,Product_104,Bakery,Supplier_4,4,349,47,45.63,38.54,0,19.9,1,0,9,326,114,Summer,47,Overstock
105,Product_105,Meat,Supplier_5,9,195,70,8.14,4.91,20,16.2,0,0,9,81,102,Spring,82,Normal
106,Product_106,Dairy,Supplier_4,1,155,62,48,39.67,15,24.5,1,1,7,46,84,Winter,59,Normal
107,Product_107,Meat,Supplier_15,10,582,91,32.71,23.92,0,27.1,0,1,4,23,93,Summer,90,Overstock
108,Product_108,Beverages,Supplier_4,3,380,96,5.75,4.65,20,22.7,0,1,1,101,120,Rainy,101,Overstock
109,Product_109,Frozen,Supplier_7,8,552,44,45.4,34.89,0,25.6,0,0,7,20,148,Spring,51,Overstock
110,Product_110,Bakery,Supplier_8,4,463,88,13.42,11.83,5,22.6,1,1,5,295,95,Rainy,97,Overstock
111,Product_111,Household,Supplier_15,10,528,7,18.55,16.65,10,33.9,0,1,10,315,128,Winter,7,Overstock
112,Product_112,Fruits,Supplier_4,2,337,24,38.42,34.03,5,27.6,0,1,8,6,106,Rainy,23,Overstock
113,Product_113,Vegetables,Supplier_4,8,243,11,15.96,12.1,25,19.1,1,0,5,157,121,Rainy,20,Normal
114,Product_114,Household,Supplier_14,1,447,82,42.2,36.17,10,15.2,0,0,8,69,90,Spring,81,Overstock
115,Product_115,Grains,Supplier_3,1,483,24,37.72,26.81,0,30.3,0,0,1,123,109,Winter,26,Overstock
116,Product_116,Snacks,Supplier_8,6,134,3,47.61,26.23,10,29.3,0,1,1,127,116,Rainy,5,Normal
117,Product_117,Household,Supplier_7,6,157,40,9.82,6.3,0,15.4,1,1,3,99,83,Rainy,51,Normal
118,Product_118,Household,Supplier_11,5,423,46,6.87,3.84,25,23.3,0,1,8,234,89,Summer,53,Overstock
119,Product_119,Bakery,Supplier_13,5,346,91,10.37,8.18,10,28.7,0,1,9,320,52,Rainy,96,Overstock
120,Product_120,Frozen,Supplier_1,5,460,80,13.5,7.52,20,27.5,1,0,4,26,115,Summer,89,Overstock
121,Product_121,Frozen,Supplier_1,3,434,31,23.78,15.57,25,19.5,1,1,6,164,101,Winter,41,Overstock
122,Product_122,Beverages,Supplier_7,8,461,82,14.52,12,25,29.8,0,1,5,296,124,Rainy,84,Overstock
123,Product_123,Frozen,Supplier_2,3,556,66,32.18,23.77,10,37.2,1,1,8,327,63,Spring,64,Overstock
124,Product_124,Household,Supplier_1,2,479,38,37.8,21.55,15,22,1,1,3,103,67,Winter,40,Overstock
125,Product_125,Bakery,Supplier_10,7,492,19,1.24,0.93,25,22.5,0,1,10,195,146,Spring,24,Overstock
126,Product_126,Bakery,Supplier_7,10,168,40,9.92,7.31,25,28.7,1,1,8,21,148,Summer,40,Normal
127,Product_127,Household,Supplier_9,5,127,8,29.39,17.84,10,20.3,0,0,7,5,73,Winter,5,Normal
128,Product_128,Beverages,Supplier_5,8,543,24,16.38,14.19,0,29.3,0,1,10,344,42,Winter,35,Overstock
129,Product_129,Meat,Supplier_13,10,472,16,26.56,15.57,0,22.7,1,1,3,281,115,Summer,27,Overstock
130,Product_130,Grains,Supplier_14,8,331,85,11.57,8.51,5,19.3,0,1,2,240,57,Rainy,92,Overstock
131,Product_131,Fruits,Supplier_13,9,236,83,30.01,26.69,20,24.9,1,1,8,95,54,Summer,90,Overstock
132,Product_132,Bakery,Supplier_12,2,252,83,43.72,35.71,5,20.1,0,1,6,223,45,Summer,83,Overstock
133,Product_133,Beverages,Supplier_14,5,419,2,22.79,20.06,15,23.7,1,1,3,333,145,Winter,14,Normal
134,Product_134,Frozen,Supplier_12,10,233,76,36.49,21.02,25,35.3,0,1,5,209,143,Winter,83,Normal
135,Product_135,Dairy,Supplier_13,2,545,70,10.8,8.31,15,18.5,1,0,7,328,89,Winter,81,Overstock
136,Product_136,Grains,Supplier_9,1,104,21,1.78,1.26,25,38.8,1,1,6,166,93,Spring,30,Normal
137,Product_137,Vegetables,Supplier_8,2,451,68,39.27,35.01,10,31.3,0,1,2,50,45,Summer,80,Overstock
138,Product_138,Snacks,Supplier_2,1,113,23,11.23,9.79,25,35.5,1,0,7,341,86,Spring,19,Normal
139,Product_139,Frozen,Supplier_3,1,521,20,3.84,3.33,25,22.9,1,0,1,5,79,Spring,30,Overstock
140,Product_140,Fruits,Supplier_10,8,583,70,42.94,35.36,5,18.3,0,1,3,238,122,Winter,77,Overstock
141,Product_141,Beverages,Supplier_10,8,160,34,19.87,12.47,20,20.1,0,0,1,22,104,Winter,39,Normal
142,Product_142,Meat,Supplier_4,9,115,22,23.22,13.42,0,25.9,0,0,5,290,125,Spring,31,Low Stock
143,Product_143,Snacks,Supplier_14,1,559,48,10.97,7.19,20,38.3,0,1,1,311,57,Spring,45,Overstock
144,Product_144,Fruits,Supplier_3,10,76,72,1.55,1.03,15,30.5,0,1,7,350,40,Winter,75,Normal
145,Product_145,Meat,Supplier_14,5,405,14,45.15,35.18,5,25.2,1,0,5,144,101,Rainy,14,Overstock
146,Product_146,Meat,Supplier_3,4,379,76,26.02,14.6,5,30,1,1,3,212,61,Rainy,87,Overstock
147,Product_147,Meat,Supplier_5,8,129,50,16.17,12.13,5,26.5,1,1,9,276,107,Spring,48,Normal
148,Product_148,Frozen,Supplier_2,8,521,73,31.31,26.47,25,32.9,0,1,2,215,61,Winter,70,Overstock
149,Product_149,Vegetables,Supplier_13,4,404,81,41.34,26.42,25,27.7,1,0,3,337,94,Winter,88,Overstock
150,Product_150,Grains,Supplier_10,10,409,47,32.97,27.46,10,34.6,1,1,8,338,91,Summer,46,Overstock
151,Product_151,Bakery,Supplier_15,3,582,12,4.72,2.66,15,29.4,1,1,8,240,111,Summer,9,Overstock
152,Product_152,Grains,Supplier_5,6,370,49,21.75,14.67,20,35,0,0,10,125,141,Spring,56,Normal
153,Product_153,Household,Supplier_12,10,106,8,37.1,23.11,0,35.6,1,0,10,19,83,Winter,5,Normal
154,Product_154,Bakery,Supplier_9,10,170,65,8.66,6.97,5,35.1,0,1,5,192,68,Rainy,64,Normal
155,Product_155,Frozen,Supplier_2,6,336,71,33.99,23.2,15,24.8,0,1,4,97,138,Rainy,72,Normal
156,Product_156,Dairy,Supplier_6,4,256,93,36.83,30.44,25,33.5,0,0,8,48,107,Spring,89,Normal
157,Product_157,Household,Supplier_2,9,465,98,49.12,40.94,5,32.7,1,1,2,30,71,Spring,104,Overstock
158,Product_158,Household,Supplier_10,1,489,11,36.2,29.63,15,39.6,0,0,3,285,58,Spring,12,Overstock
159,Product_159,Beverages,Supplier_11,6,243,86,16.36,11.08,15,23.7,1,0,8,222,53,Rainy,91,Overstock
160,Product_160,Meat,Supplier_9,8,58,41,13.01,9.48,15,32.6,1,1,10,225,111,Rainy,52,Low Stock
161,Product_161,Meat,Supplier_9,8,35,70,45.67,38.81,5,23.1,1,0,9,120,137,Summer,77,Low Stock
162,Product_162,Grains,Supplier_1,6,252,81,31.46,26.03,15,31.1,0,0,4,244,118,Spring,82,Normal
163,Product_163,Beverages,Supplier_6,4,119,54,25.4,14.83,0,19.3,1,0,9,162,55,Winter,60,Normal
164,Product_164,Household,Supplier_15,6,599,93,7.16,6.04,20,38.8,0,0,7,336,99,Spring,105,Overstock
165,Product_165,Frozen,Supplier_10,1,142,66,41.82,30.99,0,27.4,1,0,5,40,125,Spring,64,Normal
166,Product_166,Dairy,Supplier_11,2,565,70,39.38,30.71,20,35.7,1,0,6,34,106,Spring,82,Overstock
167,Product_167,Grains,Supplier_6,5,452,35,46.68,27.14,5,35.3,1,0,6,330,148,Winter,37,Overstock
168,Product_168,Meat,Supplier_9,2,258,35,44.49,35.32,5,18.5,1,1,6,300,53,Spring,41,Overstock
169,Product_169,Vegetables,Supplier_12,2,50,43,22.96,19.31,20,27.4,0,0,3,296,54,Rainy,41,Low Stock
170,Product_170,Grains,Supplier_8,9,99,34,6.15,3.67,10,17,0,0,1,350,112,Spring,43,Low Stock
171,Product_171,Meat,Supplier_12,7,372,21,26.2,23.48,5,28.3,0,0,1,249,92,Spring,19,Overstock
172,Product_172,Dairy,Supplier_6,4,408,97,18.81,13.38,5,26.8,0,0,8,21,66,Summer,93,Overstock
173,Product_173,Grains,Supplier_3,3,32,45,42.36,30.28,10,22,1,0,3,266,141,Rainy,47,Low Stock
174,Product_174,Vegetables,Supplier_9,3,295,7,30.05,17.52,25,16,0,1,8,267,84,Summer,10,Overstock
175,Product_175,Meat,Supplier_10,3,563,78,30.83,23.22,5,24.5,0,0,4,184,98,Winter,77,Overstock
176,Product_176,Bakery,Supplier_9,3,354,32,8.82,7.93,0,29.6,0,0,5,82,68,Summer,27,Overstock
177,Product_177,Household,Supplier_3,10,592,76,18.73,14.74,20,31.3,0,0,3,21,67,Spring,86,Overstock
178,Product_178,Snacks,Supplier_9,1,367,49,10.35,6.48,10,19.6,0,0,5,357,126,Rainy,61,Normal
179,Product_179,Dairy,Supplier_8,2,126,58,43.4,37.47,25,36.2,1,0,9,126,147,Summer,59,Low Stock
180,Product_180,Snacks,Supplier_8,5,309,8,9.43,7.24,15,35.7,0,0,2,31,86,Spring,4,Overstock
181,Product_181,Snacks,Supplier_11,6,213,94,15.32,11.67,20,34.6,1,0,10,117,136,Winter,106,Normal
182,Product_182,Meat,Supplier_4,9,423,98,20.39,16.02,20,35.1,0,1,8,88,117,Rainy,97,Overstock
183,Product_183,Meat,Supplier_13,10,104,88,3.96,3.12,25,36.2,1,1,10,58,45,Spring,84,Normal
184,Product_184,Bakery,Supplier_13,1,181,50,38.34,30.86,15,25,0,1,5,51,86,Rainy,61,Normal
185,Product_185,Bakery,Supplier_10,5,150,64,36.93,23.59,0,21.5,1,1,2,70,42,Winter,73,Overstock
186,Product_186,Vegetables,Supplier_14,1,559,88,20.27,17.75,25,17,1,0,8,257,65,Summer,87,Overstock
187,Product_187,Grains,Supplier_8,1,270,69,7.65,5.56,5,16.7,1,0,7,45,65,Rainy,65,Overstock
188,Product_188,Meat,Supplier_11,3,152,29,7.2,4.84,15,33.5,1,0,1,251,69,Summer,35,Normal
189,Product_189,Grains,Supplier_14,9,308,61,49.33,41.97,0,16.3,1,1,4,8,146,Spring,63,Normal
190,Product_190,Dairy,Supplier_10,2,594,39,3.22,2.37,5,27.7,0,1,2,37,140,Spring,46,Overstock
191,Product_191,Dairy,Supplier_1,8,114,70,21.25,14.79,25,16.8,1,1,3,189,140,Winter,69,Low Stock
192,Product_192,Frozen,Supplier_6,2,420,21,6.06,3.54,5,31.4,0,1,10,301,64,Summer,18,Overstock
193,Product_193,Bakery,Supplier_5,9,429,88,48.56,36.51,20,32.5,0,1,8,244,48,Spring,91,Overstock
194,Product_194,Dairy,Supplier_1,5,117,75,38.66,24.58,0,30.7,0,0,10,108,61,Rainy,73,Normal
195,Product_195,Vegetables,Supplier_3,3,206,55,1.01,0.84,0,30.1,1,1,1,18,150,Spring,60,Normal
196,Product_196,Fruits,Supplier_10,9,331,15,18.56,13.97,20,16.4,1,0,2,298,68,Winter,26,Overstock
197,Product_197,Household,Supplier_5,1,70,76,1.02,0.86,15,34.4,0,1,10,259,41,Summer,71,Normal
198,Product_198,Beverages,Supplier_6,3,210,34,44.44,24.94,0,37.4,0,0,8,181,66,Winter,38,Overstock
199,Product_199,Grains,Supplier_15,4,100,16,47.16,28.84,25,36.8,0,0,2,39,83,Spring,16,Normal
200,Product_200,Fruits,Supplier_13,5,192,84,44.8,25.26,5,30.4,1,1,1,314,128,Summer,92,Normal
1,Product_001,Meat,Supplier_3,1,52,65,14.56,10.92,10,24.1,1,0,2,210,83,Summer,73,Low Stock
2,Product_002,Snacks,Supplier_10,10,348,88,46.39,28.42,10,21.8,0,1,8,65,86,Summer,84,Overstock
3,Product_003,Frozen,Supplier_14,8,563,22,37.35,22.24,15,27.2,1,0,8,236,127,Winter,28,Overstock
4,Product_004,Meat,Supplier_11,10,269,99,46.87,30.67,15,36.2,1,1,2,203,99,Summer,103,Normal
5,Product_005,Meat,Supplier_15,9,441,45,39.84,25.81,5,22,1,0,8,60,132,Winter,45,Overstock
6,Product_006,Vegetables,Supplier_15,3,449,61,34.21,20,20,23.4,1,1,1,227,146,Winter,62,Overstock
7,Product_007,Household,Supplier_3,9,308,74,18.89,11.72,10,28,1,1,4,329,101,Summer,81,Overstock
8,Product_008,Frozen,Supplier_11,3,73,34,17.13,13.78,0,16.9,0,0,9,28,96,Summer,38,Low Stock
9,Product_009,Fruits,Supplier_1,5,379,43,38.07,29.43,15,29.3,0,0,5,329,146,Rainy,40,Normal
10,Product_010,Frozen,Supplier_14,8,178,12,41.94,31.56,15,25,1,0,2,213,145,Summer,10,Normal
11,Product_011,Vegetables,Supplier_9,3,364,40,10.8,6.1,15,22.4,1,0,5,205,108,Winter,38,Overstock
12,Product_012,Fruits,Supplier_5,7,170,37,7.37,4.71,0,19.8,0,1,6,61,138,Summer,41,Normal
13,Product_013,Grains,Supplier_15,1,90,43,13.01,10.53,20,16.8,0,0,6,248,61,Spring,40,Normal
14,Product_014,Grains,Supplier_2,2,124,15,40.78,23.61,15,23.4,0,1,7,277,99,Rainy,13,Normal
15,Product_015,Bakery,Supplier_13,1,151,3,11.08,8.38,0,29.1,1,0,4,321,124,Rainy,10,Normal
16,Product_016,Grains,Supplier_8,6,212,9,31.25,18.65,20,16.6,1,0,3,215,140,Spring,14,Normal
17,Product_017,Vegetables,Supplier_9,5,148,8,10.13,8.42,0,26.3,0,0,4,182,44,Summer,15,Overstock
18,Product_018,Beverages,Supplier_5,8,558,16,2.71,2.23,5,15.2,1,0,3,118,116,Winter,21,Overstock
19,Product_019,Bakery,Supplier_3,4,290,37,39.61,32.21,25,34.5,1,1,6,212,108,Spring,48,Normal
20,Product_020,Dairy,Supplier_1,3,113,84,14.96,8.57,15,30.9,0,1,1,360,79,Spring,86,Normal
21,Product_021,Bakery,Supplier_5,7,86,25,8.74,4.82,5,27.6,0,0,7,56,144,Spring,30,Low Stock
22,Product_022,Beverages,Supplier_4,1,137,5,12.36,10.8,10,37.3,1,1,10,148,124,Rainy,15,Normal
23,Product_023,Bakery,Supplier_2,3,307,15,7,4.41,20,23.7,1,0,4,292,142,Winter,16,Normal
24,Product_024,Household,Supplier_15,4,200,100,8.8,5.79,20,28.4,1,1,6,213,51,Rainy,110,Overstock
25,Product_025,Vegetables,Supplier_1,7,183,53,4.78,3.64,10,33.5,0,1,8,273,109,Summer,62,Normal
26,Product_026,Vegetables,Supplier_1,3,568,41,46.64,39.71,20,22.7,1,1,3,130,63,Summer,52,Overstock
27,Product_027,Fruits,Supplier_7,4,83,30,35.04,28.27,5,31.5,0,0,8,5,150,Rainy,28,Low Stock
28,Product_028,Meat,Supplier_3,3,370,43,16.26,10.69,20,34.4,0,0,9,92,76,Spring,55,Overstock
29,Product_029,Snacks,Supplier_12,2,329,24,34.27,30.2,10,16.5,1,1,1,201,49,Summer,29,Overstock
30,Product_030,Household,Supplier_10,7,106,52,48.04,40.39,10,31.5,0,1,6,239,145,Spring,55,Low Stock
31,Product_031,Vegetables,Supplier_14,2,158,70,13.37,7.83,0,21.4,1,0,2,223,59,Summer,74,Normal
32,Product_032,Dairy,Supplier_6,5,220,61,8.66,6.38,10,21.8,1,0,5,50,61,Winter,71,Overstock
33,Product_033,Household,Supplier_12,1,205,72,37.69,32.52,15,36.9,1,0,2,304,56,Rainy,84,Overstock
34,Product_034,Vegetables,Supplier_3,4,553,12,15.04,8.55,15,23.8,0,0,8,328,116,Summer,12,Overstock
35,Product_035,Fruits,Supplier_3,1,453,100,3,2.4,20,25.9,0,0,2,351,77,Summer,105,Overstock
36,Product_036,Frozen,Supplier_2,1,299,21,19.43,11.57,0,18,0,1,10,57,57,Summer,23,Overstock
37,Product_037,Household,Supplier_7,9,228,14,41.56,24.65,20,34.5,1,1,4,139,75,Rainy,17,Overstock
38,Product_038,Vegetables,Supplier_3,5,165,19,5.81,4.68,5,20.7,0,1,8,3,146,Winter,30,Normal
39,Product_039,Fruits,Supplier_13,9,313,18,18.91,13.19,10,26.2,1,1,3,226,121,Winter,17,Normal
40,Product_040,Fruits,Supplier_10,6,247,14,24.4,17.18,5,29.4,0,0,4,312,146,Summer,19,Normal
41,Product_041,Meat,Supplier_11,1,145,73,26.07,20.45,25,24.8,1,1,8,356,150,Rainy,69,Low Stock
42,Product_042,Household,Supplier_5,4,341,55,27.69,21.3,15,31.7,0,0,2,95,120,Rainy,63,Normal
43,Product_043,Frozen,Supplier_10,3,336,93,27.1,18.07,0,27,1,1,3,116,84,Spring,102,Overstock
44,Product_044,Household,Supplier_12,6,105,36,29.79,26.75,25,21.4,1,1,3,349,70,Summer,39,Normal
45,Product_045,Grains,Supplier_5,1,516,79,47.11,41.51,0,27.9,0,1,10,213,83,Summer,81,Overstock
46,Product_046,Snacks,Supplier_7,9,549,68,17.12,11.29,25,30.7,0,0,7,265,83,Spring,68,Overstock
47,Product_047,Household,Supplier_12,1,514,78,44.48,37.73,0,39.4,0,0,1,283,75,Rainy,76,Overstock
48,Product_048,Snacks,Supplier_11,5,494,80,29.91,25.53,5,15.5,0,1,8,325,114,Spring,88,Overstock
49,Product_049,Grains,Supplier_8,1,363,36,49.65,27.84,15,29.2,1,1,8,279,103,Rainy,43,Overstock
50,Product_050,Grains,Supplier_12,5,70,42,42.53,25.7,25,17,1,1,8,180,136,Summer,54,Low Stock
51,Product_051,Snacks,Supplier_3,8,215,7,41.62,23.8,15,20.2,0,0,4,70,73,Rainy,5,Normal
52,Product_052,Frozen,Supplier_15,2,585,69,34.38,29.89,5,29.5,0,0,9,68,67,Summer,71,Overstock
53,Product_053,Vegetables,Supplier_7,5,125,68,32.93,23.54,20,38.8,0,0,1,67,89,Spring,65,Normal
54,Product_054,Meat,Supplier_9,2,377,67,32.29,21.94,5,16.6,1,0,10,340,62,Spring,76,Overstock
55,Product_055,Fruits,Supplier_14,9,252,6,47.1,37.78,15,35.8,1,1,4,80,125,Spring,2,Normal
56,Product_056,Fruits,Supplier_13,10,600,20,36.69,23.61,5,38.6,0,0,2,40,142,Spring,20,Overstock
57,Product_057,Snacks,Supplier_14,6,464,54,31.44,17.81,10,37.6,0,0,7,221,98,Rainy,62,Overstock
58,Product_058,Snacks,Supplier_5,1,44,87,11.86,10.11,20,39,0,0,4,261,138,Winter,93,Low Stock
59,Product_059,Snacks,Supplier_7,8,498,75,34.65,25.89,20,33.6,0,0,3,272,135,Rainy,83,Overstock
60,Product_060,Meat,Supplier_11,10,141,18,15.45,8.7,5,38.4,1,1,5,284,113,Winter,26,Normal
61,Product_061,Dairy,Supplier_8,10,176,97,48.76,43.4,25,39.6,1,1,6,325,139,Spring,96,Normal
62,Product_062,Frozen,Supplier_13,4,109,24,45.36,25.64,5,32.6,0,0,6,26,49,Summer,28,Normal
63,Product_063,Meat,Supplier_15,3,430,69,47.68,30.48,5,15.6,1,1,3,328,43,Summer,74,Overstock
64,Product_064,Frozen,Supplier_2,2,472,10,14.09,11.29,0,17.6,1,1,10,147,56,Spring,6,Overstock
65,Product_065,Snacks,Supplier_2,4,154,54,38.03,32.98,15,34.6,0,0,1,278,83,Rainy,55,Normal
66,Product_066,Beverages,Supplier_14,8,557,19,30.81,25.98,20,29.3,1,1,6,187,76,Rainy,21,Overstock
67,Product_067,Meat,Supplier_6,1,143,83,1.6,1.29,20,30,0,1,9,105,102,Summer,80,Normal
68,Product_068,Bakery,Supplier_8,6,492,3,16.8,10.14,0,34.9,0,1,3,169,97,Spring,1,Overstock
69,Product_069,Vegetables,Supplier_5,1,416,85,32.12,24.39,25,31.1,0,1,7,288,145,Spring,88,Normal
70,Product_070,Frozen,Supplier_4,8,532,62,20.75,15.16,15,33.1,0,1,10,296,52,Winter,60,Overstock
71,Product_071,Frozen,Supplier_12,9,271,14,35.09,30.58,20,25.9,0,1,3,6,119,Winter,14,Normal
72,Product_072,Frozen,Supplier_2,1,353,55,9.99,7.97,25,21.4,0,0,9,197,41,Winter,52,Overstock
73,Product_073,Beverages,Supplier_2,4,553,89,34.31,28.77,5,18.1,0,1,6,19,82,Rainy,95,Overstock
74,Product_074,Bakery,Supplier_8,3,135,91,36.82,24.33,10,26.2,0,1,2,220,79,Spring,103,Normal
75,Product_075,Meat,Supplier_3,4,414,43,7.13,4.09,25,16.2,1,1,6,362,52,Rainy,42,Overstock
76,Product_076,Snacks,Supplier_13,9,231,47,10.27,7.28,15,20,0,1,5,78,135,Spring,57,Normal
77,Product_077,Meat,Supplier_3,1,248,80,37.76,31.02,25,32.8,0,0,9,141,52,Spring,91,Overstock
78,Product_078,Bakery,Supplier_8,2,197,76,13.16,9.46,5,26.9,1,1,2,235,46,Winter,76,Overstock
79,Product_079,Vegetables,Supplier_2,4,572,87,47.43,41.83,0,29.8,0,1,1,338,85,Winter,98,Overstock
80,Product_080,Snacks,Supplier_10,5,57,17,27.06,24.04,0,31.6,1,0,3,256,72,Summer,17,Low Stock
81,Product_081,Dairy,Supplier_1,2,125,74,41.53,36.13,5,29.8,0,0,6,162,128,Summer,79,Low Stock
82,Product_082,Meat,Supplier_15,4,266,68,16.94,10.71,25,24.1,0,0,2,273,110,Summer,67,Normal
83,Product_083,Bakery,Supplier_13,4,210,50,28.33,21.62,15,24.6,0,0,9,50,137,Spring,48,Normal
84,Product_084,Frozen,Supplier_8,2,287,28,43.01,36.55,25,20.4,1,1,6,218,127,Summer,33,Normal
85,Product_085,Meat,Supplier_2,6,204,93,5.15,3.49,5,16.9,1,0,9,102,139,Winter,104,Normal
86,Product_086,Meat,Supplier_9,4,66,42,39.68,35.52,25,34.2,1,0,4,204,126,Spring,37,Low Stock
87,Product_087,Snacks,Supplier_11,3,371,1,33.03,29.71,10,24.1,0,0,10,172,118,Rainy,3,Overstock
88,Product_088,Beverages,Supplier_7,1,243,77,11.03,6.82,10,20.4,0,0,10,158,85,Winter,73,Normal
89,Product_089,Household,Supplier_13,5,407,44,48.8,33.18,25,25.6,1,1,6,332,62,Summer,44,Overstock
90,Product_090,Dairy,Supplier_14,8,145,53,43.57,28.07,15,22.6,1,0,3,82,83,Rainy,52,Normal
91,Product_091,Snacks,Supplier_11,5,162,19,3.98,2.91,5,38.1,1,1,6,114,69,Spring,23,Normal
92,Product_092,Snacks,Supplier_10,1,274,23,38,33.05,25,34.4,1,0,7,16,50,Spring,25,Overstock
93,Product_093,Meat,Supplier_1,4,158,84,8.5,6.11,20,16,1,0,3,62,45,Rainy,92,Overstock
94,Product_094,Grains,Supplier_15,5,279,81,40.22,35.55,0,38,1,1,9,260,60,Spring,78,Overstock
95,Product_095,Grains,Supplier_8,8,378,33,27.81,20.44,15,22.9,1,0,9,254,42,Winter,33,Overstock
96,Product_096,Meat,Supplier_10,7,174,6,12.07,7.14,0,17,0,0,1,205,41,Summer,12,Overstock
97,Product_097,Meat,Supplier_5,4,266,2,11.33,6.55,5,31.1,0,1,9,48,135,Spring,3,Normal
98,Product_098,Beverages,Supplier_13,2,489,1,38.47,29.03,0,28.6,1,1,3,205,108,Spring,6,Overstock
99,Product_099,Meat,Supplier_4,5,154,27,39.83,23.55,10,34.8,0,0,7,144,90,Winter,33,Normal
100,Product_100,Vegetables,Supplier_14,9,475,35,23.07,16.44,20,17.9,1,1,10,86,128,Summer,31,Overstock
101,Product_101,Vegetables,Supplier_13,5,139,19,16.18,12.5,5,37.1,1,1,3,321,135,Winter,27,Normal
102,Product_102,Dairy,Supplier_12,5,377,55,45.73,30.1,15,28.4,1,0,7,356,94,Summer,54,Overstock
103,Product_103,Grains,Supplier_5,9,313,56,33.08,22.8,10,26.8,1,0,8,215,100,Winter,56,Overstock
104,Product_104,Bakery,Supplier_15,5,36,69,16.6,11.08,10,23.1,1,0,4,5,80,Rainy,69,Low Stock
105,Product_105,Meat,Supplier_15,5,125,64,30.59,27.5,25,36.3,1,0,10,231,65,Rainy,67,Normal
106,Product_106,Dairy,Supplier_8,10,105,90,7.4,6.3,15,23.8,0,1,3,249,87,Rainy,87,Normal
107,Product_107,Meat,Supplier_14,6,513,63,33.89,29.88,20,18.4,0,1,6,153,48,Spring,70,Overstock
108,Product_108,Beverages,Supplier_4,2,518,17,29.82,26.38,10,27.8,1,0,9,356,89,Summer,20,Overstock
109,Product_109,Frozen,Supplier_5,10,433,83,9.76,6.75,10,30.6,0,1,2,70,43,Summer,82,Overstock
110,Product_110,Bakery,Supplier_8,6,127,72,40.06,22.78,5,38.4,0,1,1,88,101,Spring,69,Normal
111,Product_111,Household,Supplier_1,10,417,55,43.22,31.31,20,23.3,1,1,6,244,89,Spring,58,Overstock
112,Product_112,Fruits,Supplier_14,10,535,7,22.1,14.72,5,16.2,0,0,7,274,77,Spring,17,Overstock
113,Product_113,Vegetables,Supplier_6,4,351,45,15.02,8.45,10,31.8,1,0,9,137,64,Spring,43,Overstock
114,Product_114,Household,Supplier_13,4,409,45,5.84,4.99,20,19.7,1,0,9,65,55,Summer,51,Overstock
115,Product_115,Grains,Supplier_2,7,546,23,25.85,20.17,20,21.6,0,1,9,324,125,Rainy,27,Overstock
116,Product_116,Snacks,Supplier_7,3,548,48,35.57,26.18,20,33.1,1,0,2,98,110,Rainy,45,Overstock
117,Product_117,Household,Supplier_14,10,217,35,32.28,19.22,25,21.9,1,0,6,349,119,Winter,36,Normal
118,Product_118,Household,Supplier_10,6,437,3,24.12,19.91,10,31.4,0,1,10,72,136,Rainy,10,Overstock
119,Product_119,Bakery,Supplier_4,6,121,64,42.39,32.79,25,31.7,0,1,4,80,143,Summer,69,Low Stock
120,Product_120,Frozen,Supplier_4,8,265,57,29.18,20.44,10,34,0,0,4,353,116,Summer,61,Normal
121,Product_121,Frozen,Supplier_4,8,36,87,28.89,23.15,20,37.2,1,1,2,300,63,Summer,97,Low Stock
122,Product_122,Beverages,Supplier_2,1,356,39,26.24,18.17,20,34.8,1,1,9,149,109,Rainy,45,Overstock
123,Product_123,Frozen,Supplier_11,1,70,95,32.92,25.27,20,29.2,0,0,3,46,147,Rainy,104,Low Stock
124,Product_124,Household,Supplier_12,4,80,76,46.06,32.88,0,23.9,0,0,6,317,134,Rainy,78,Low Stock
125,Product_125,Bakery,Supplier_5,3,479,24,30.66,21.24,5,36.3,1,0,2,190,78,Spring,22,Overstock
126,Product_126,Bakery,Supplier_13,10,356,42,47.19,32.95,20,34.6,0,1,1,83,52,Rainy,38,Overstock
127,Product_127,Household,Supplier_7,7,548,1,47.5,42.67,10,33.5,0,0,2,177,82,Winter,6,Overstock
128,Product_128,Beverages,Supplier_5,7,417,33,17.28,12.15,15,34.4,1,0,10,319,100,Summer,45,Overstock
129,Product_129,Meat,Supplier_7,3,569,91,13.33,11.29,0,15.9,1,1,10,92,111,Spring,97,Overstock
130,Product_130,Grains,Supplier_1,5,111,12,41.58,34.26,20,17.1,0,0,8,209,72,Spring,17,Normal
131,Product_131,Fruits,Supplier_7,8,121,76,14.62,12.35,5,36,0,1,5,297,120,Summer,78,Normal
132,Product_132,Bakery,Supplier_13,9,412,20,23.09,15.03,10,29.5,1,1,6,325,144,Spring,16,Normal
133,Product_133,Beverages,Supplier_13,2,417,4,20.42,12.54,15,24,0,0,5,111,81,Summer,16,Overstock
134,Product_134,Frozen,Supplier_1,9,149,25,32.3,28.21,5,20.3,1,0,2,337,46,Winter,33,Overstock
135,Product_135,Dairy,Supplier_8,1,211,18,23.65,13.04,10,26.1,0,1,4,343,57,Winter,23,Overstock
136,Product_136,Grains,Supplier_2,6,571,62,27.38,18.43,0,33.4,1,0,1,91,122,Summer,61,Overstock
137,Product_137,Vegetables,Supplier_11,2,355,92,39.03,33.11,15,34,0,0,9,177,42,Rainy,97,Overstock
138,Product_138,Snacks,Supplier_6,7,457,96,7.22,4.5,0,33.3,0,0,5,189,89,Spring,103,Overstock
139,Product_139,Frozen,Supplier_7,6,345,84,20.93,15.35,5,38.9,1,0,1,69,74,Rainy,82,Overstock
140,Product_140,Fruits,Supplier_12,9,117,19,31.72,19.14,15,18.8,0,1,2,19,105,Rainy,19,Normal
141,Product_141,Beverages,Supplier_3,6,63,25,30.62,17.69,5,38.6,0,1,4,198,126,Winter,36,Low Stock
142,Product_142,Meat,Supplier_9,9,332,70,47.22,30.73,5,32.9,0,0,8,192,44,Summer,76,Overstock
143,Product_143,Snacks,Supplier_7,9,593,41,26.05,18.21,5,17.2,0,0,6,5,83,Summer,37,Overstock
144,Product_144,Fruits,Supplier_14,8,349,30,28.66,17.47,20,15.8,0,1,2,95,147,Summer,37,Normal
145,Product_145,Meat,Supplier_14,1,433,60,43.97,34.74,20,21.5,1,0,5,29,72,Summer,59,Overstock
146,Product_146,Meat,Supplier_12,1,399,94,22.69,19.65,10,39.9,0,0,7,164,77,Rainy,97,Overstock
147,Product_147,Meat,Supplier_5,1,132,31,15.11,9.54,25,38.3,1,1,4,81,48,Rainy,33,Normal
148,Product_148,Frozen,Supplier_3,8,67,98,38.43,30.5,5,24.7,1,0,4,59,66,Summer,106,Normal
149,Product_149,Vegetables,Supplier_11,1,574,68,31.79,21.03,0,17.5,1,1,8,274,107,Winter,69,Overstock
150,Product_150,Grains,Supplier_10,2,201,3,42.08,29.45,25,17.9,1,0,9,131,144,Spring,7,Normal
151,Product_151,Bakery,Supplier_9,1,484,57,12.56,7.79,0,36.9,1,1,8,334,139,Rainy,54,Overstock
152,Product_152,Grains,Supplier_5,4,580,3,5.42,4.19,0,35.5,1,1,1,86,95,Summer,13,Overstock
153,Product_153,Household,Supplier_12,6,279,98,18.79,11.22,5,27.1,1,1,3,363,138,Summer,98,Normal
154,Product_154,Bakery,Supplier_6,9,227,58,29.26,20.09,25,20,0,1,2,6,123,Winter,59,Normal
155,Product_155,Frozen,Supplier_5,3,198,46,45.1,33.82,25,27.7,1,1,5,177,150,Winter,53,Normal
156,Product_156,Dairy,Supplier_3,5,322,33,41.12,32.51,10,31.6,0,0,9,332,57,Winter,43,Overstock
157,Product_157,Household,Supplier_9,8,149,54,45.03,36.88,10,32.8,1,0,8,299,150,Winter,54,Low Stock
158,Product_158,Household,Supplier_15,3,90,94,42.67,30.54,25,32.3,1,1,3,50,87,Winter,90,Normal
159,Product_159,Beverages,Supplier_5,9,267,93,17.77,14.09,0,34,0,1,3,59,95,Summer,96,Normal
160,Product_160,Meat,Supplier_9,9,87,46,40.68,29.11,20,39.7,0,1,2,168,74,Spring,41,Normal
161,Product_161,Meat,Supplier_7,10,569,100,24.61,13.86,0,37.2,0,0,2,164,40,Winter,96,Overstock
162,Product_162,Grains,Supplier_13,1,310,93,44.2,33.55,5,21,1,0,8,8,84,Winter,100,Overstock
163,Product_163,Beverages,Supplier_11,4,147,100,6.6,4.02,10,32.1,0,0,3,285,64,Winter,98,Normal
164,Product_164,Household,Supplier_10,10,349,27,43.95,28.86,0,16.8,0,1,6,309,148,Summer,30,Normal
165,Product_165,Frozen,Supplier_9,5,493,57,37.96,29.41,10,19.2,1,0,3,330,76,Winter,64,Overstock
166,Product_166,Dairy,Supplier_15,2,199,35,9.23,6.56,15,34.6,0,0,1,42,133,Rainy,30,Normal
167,Product_167,Grains,Supplier_7,5,178,9,32.77,24.44,20,24.4,1,0,2,58,134,Summer,9,Normal
168,Product_168,Meat,Supplier_11,8,449,42,14.94,8.33,25,24.4,0,0,2,315,100,Spring,43,Overstock
169,Product_169,Vegetables,Supplier_2,5,137,76,21.59,17.8,5,39.2,1,0,1,345,93,Summer,85,Normal
170,Product_170,Grains,Supplier_4,2,216,86,37.46,25.73,5,20.4,0,1,1,358,62,Spring,89,Overstock
171,Product_171,Meat,Supplier_15,9,219,17,28.87,19.75,5,19.6,0,1,10,323,109,Summer,28,Normal
172,Product_172,Dairy,Supplier_9,6,380,38,23.9,19.91,10,35.9,0,1,10,78,143,Rainy,46,Normal
173,Product_173,Grains,Supplier_3,6,82,59,32.98,28.01,25,30.7,1,1,1,113,88,Rainy,67,Low Stock
174,Product_174,Vegetables,Supplier_13,7,585,65,49.24,36.33,20,37.7,0,0,5,155,58,Rainy,64,Overstock
175,Product_175,Meat,Supplier_2,4,220,79,34.2,25.98,10,32.4,0,1,9,328,88,Winter,86,Normal
176,Product_176,Bakery,Supplier_13,9,328,72,3.85,3.21,10,20.9,0,1,3,240,51,Winter,68,Overstock
177,Product_177,Household,Supplier_14,3,434,47,25.13,21.38,5,38.7,1,1,6,101,64,Spring,44,Overstock
178,Product_178,Snacks,Supplier_1,9,585,22,30.29,17.25,25,30.5,1,0,7,239,121,Winter,31,Overstock
179,Product_179,Dairy,Supplier_12,10,114,24,24.88,16.55,15,37.7,1,1,2,37,146,Spring,31,Low Stock
180,Product_180,Snacks,Supplier_6,10,497,2,49.21,30.67,15,27.1,1,1,4,112,122,Spring,9,Overstock
181,Product_181,Snacks,Supplier_13,10,332,27,30.19,21.18,25,22.7,1,1,3,120,52,Rainy,25,Overstock
182,Product_182,Meat,Supplier_11,7,563,75,15.58,10.94,15,34,0,0,1,16,61,Summer,74,Overstock
183,Product_183,Meat,Supplier_5,4,386,25,3.29,2.29,10,29.4,0,0,5,323,65,Summer,22,Overstock
184,Product_184,Bakery,Supplier_4,2,384,36,3.13,2.12,10,20.1,0,1,2,103,44,Winter,44,Overstock
185,Product_185,Bakery,Supplier_2,4,211,49,49.83,27.62,0,38.9,0,1,2,142,57,Summer,44,Overstock
186,Product_186,Vegetables,Supplier_13,9,475,30,8.3,5.08,0,17.9,1,1,6,304,50,Spring,33,Overstock
187,Product_187,Grains,Supplier_14,7,424,19,12.26,8.96,15,36.8,1,0,5,83,41,Rainy,18,Overstock
188,Product_188,Meat,Supplier_1,3,565,13,13.16,8.16,20,28.6,1,1,8,262,40,Summer,21,Overstock
189,Product_189,Grains,Supplier_13,6,384,92,49.71,31.04,15,24.8,1,1,10,174,127,Spring,87,Overstock
190,Product_190,Dairy,Supplier_1,10,483,83,36.78,31.5,20,36.9,1,0,5,112,56,Winter,89,Overstock
191,Product_191,Dairy,Supplier_11,1,169,94,36.35,32.52,10,21.4,0,0,1,62,114,Rainy,105,Normal
192,Product_192,Frozen,Supplier_11,9,230,89,23.53,13.21,25,19.3,0,1,6,344,111,Summer,93,Normal
193,Product_193,Bakery,Supplier_6,9,534,80,1.23,0.85,10,37,1,0,7,48,95,Spring,77,Overstock
194,Product_194,Dairy,Supplier_8,8,357,48,22.07,15.91,20,23.1,1,1,2,278,133,Spring,51,Normal
195,Product_195,Vegetables,Supplier_3,8,373,29,1.64,1.47,20,29.8,1,0,6,173,103,Spring,31,Overstock
196,Product_196,Fruits,Supplier_6,5,466,16,7.86,5.71,10,27,1,0,5,111,61,Spring,15,Overstock
197,Product_197,Household,Supplier_12,3,569,84,39.34,32.15,15,39.9,1,0,2,28,106,Summer,81,Overstock
198,Product_198,Beverages,Supplier_8,9,214,54,47.22,29.08,5,23.6,1,0,3,7,86,Summer,54,Normal
199,Product_199,Grains,Supplier_14,10,578,88,19.4,14.13,0,32.9,1,1,7,180,72,Rainy,91,Overstock
200,Product_200,Fruits,Supplier_9,2,346,67,23.22,19.58,5,39.2,0,0,4,365,58,Rainy,71,Overstock
1,Product_001,Meat,Supplier_6,3,579,61,47.62,36.85,5,32.5,1,0,1,288,113,Spring,63,Overstock
2,Product_002,Snacks,Supplier_5,3,357,31,4.59,2.76,15,37.7,1,1,1,35,70,Winter,29,Overstock
3,Product_003,Frozen,Supplier_9,2,47,68,26.27,19.87,15,31.3,1,0,8,300,150,Spring,78,Low Stock
4,Product_004,Meat,Supplier_10,9,582,98,1.29,0.82,10,39,0,1,10,44,47,Spring,95,Overstock
5,Product_005,Meat,Supplier_13,7,343,24,22.43,13.45,10,28.8,0,1,2,315,86,Winter,21,Overstock
6,Product_006,Vegetables,Supplier_9,2,138,50,17.44,13.72,20,34.1,1,0,3,325,101,Winter,46,Normal
7,Product_007,Household,Supplier_10,2,280,16,13.82,12.31,10,36.8,0,0,10,209,117,Summer,14,Normal
8,Product_008,Frozen,Supplier_4,4,380,83,48.34,32.08,10,21.8,0,0,6,103,84,Rainy,82,Overstock
9,Product_009,Fruits,Supplier_12,10,220,20,30.55,24.89,20,34.9,1,0,7,73,141,Spring,18,Normal
10,Product_010,Frozen,Supplier_1,5,315,9,26.52,18.48,5,31.3,1,1,10,267,57,Spring,21,Overstock
11,Product_011,Vegetables,Supplier_14,8,39,46,18.13,10.74,0,27.8,0,1,2,191,146,Winter,45,Low Stock
12,Product_012,Fruits,Supplier_5,5,204,40,32.26,23.98,20,20.5,0,1,3,20,101,Rainy,52,Normal
13,Product_013,Grains,Supplier_9,6,55,47,44.11,32.66,20,37.1,1,1,4,103,108,Winter,50,Low Stock
14,Product_014,Grains,Supplier_1,1,214,56,11.77,9.41,0,32.8,1,0,9,24,137,Summer,62,Normal
15,Product_015,Bakery,Supplier_2,2,166,5,6.96,5.7,20,15.8,1,1,10,57,70,Rainy,10,Normal
16,Product_016,Grains,Supplier_12,8,320,58,22.85,18.59,10,27.6,1,0,9,322,43,Rainy,55,Overstock
17,Product_017,Vegetables,Supplier_9,9,201,50,14.18,10.73,25,30.2,1,0,6,164,44,Summer,58,Overstock
18,Product_018,Beverages,Supplier_13,7,231,58,27.92,19.58,5,36.2,1,0,6,194,42,Summer,66,Overstock
19,Product_019,Bakery,Supplier_6,10,135,81,39.21,26.64,20,21.6,0,0,8,342,124,Rainy,91,Normal
20,Product_020,Dairy,Supplier_1,5,326,44,14.05,10.31,15,33.7,1,1,9,262,56,Winter,50,Overstock
21,Product_021,Bakery,Supplier_9,2,273,92,28.19,15.73,20,23.4,1,0,4,330,130,Winter,104,Normal
22,Product_022,Beverages,Supplier_2,7,349,3,25.21,15.35,5,22.2,0,0,8,342,80,Rainy,1,Overstock
23,Product_023,Bakery,Supplier_4,4,375,99,6.99,6.25,25,21.6,0,1,2,252,77,Spring,100,Overstock
24,Product_024,Household,Supplier_14,2,455,68,27.23,15.87,10,31.8,0,0,5,88,80,Rainy,79,Overstock
25,Product_025,Vegetables,Supplier_2,5,176,38,7.66,5.59,10,31.7,0,0,4,39,124,Winter,37,Normal
26,Product_026,Vegetables,Supplier_1,5,289,48,31.24,26.96,10,25.2,1,0,6,318,117,Summer,55,Normal
27,Product_027,Fruits,Supplier_4,9,61,85,25.76,20.58,10,28.2,1,1,8,17,59,Rainy,95,Normal
28,Product_028,Meat,Supplier_13,10,78,57,38.17,28.28,25,23.1,1,1,3,151,71,Spring,63,Normal
29,Product_029,Snacks,Supplier_5,4,213,78,7.39,5.07,25,21.3,1,1,2,284,137,Summer,82,Normal
30,Product_030,Household,Supplier_2,7,581,62,7.76,6.57,5,26.9,0,1,9,178,40,Rainy,59,Overstock
31,Product_031,Vegetables,Supplier_11,8,344,30,20.59,17.11,10,36,0,1,2,319,112,Winter,27,Overstock
32,Product_032,Dairy,Supplier_9,4,177,23,40.11,27.55,5,25.8,0,1,2,204,106,Rainy,24,Normal
33,Product_033,Household,Supplier_7,2,218,43,36.67,29.06,20,35.2,0,0,6,174,100,Winter,54,Normal
34,Product_034,Vegetables,Supplier_1,4,465,7,39.88,34.24,0,37.8,1,0,10,198,67,Rainy,5,Overstock
35,Product_035,Fruits,Supplier_1,9,378,47,10.61,6.02,0,22.8,0,1,4,51,78,Winter,57,Overstock
36,Product_036,Frozen,Supplier_8,8,361,38,49.15,27.79,25,31.9,0,1,10,332,134,Spring,44,Normal
37,Product_037,Household,Supplier_9,2,187,75,35.18,22.5,0,25.9,0,0,4,209,140,Summer,82,Normal
38,Product_038,Vegetables,Supplier_11,4,494,78,13.96,8.91,5,17.5,0,1,9,43,49,Spring,80,Overstock
39,Product_039,Fruits,Supplier_11,4,552,33,27.35,20.97,25,32.2,0,0,5,66,83,Winter,40,Overstock
40,Product_040,Fruits,Supplier_7,7,468,91,21.76,15.39,25,24,1,1,8,67,51,Spring,90,Overstock
41,Product_041,Meat,Supplier_6,7,345,49,48.14,36.39,5,26.8,0,1,10,314,43,Summer,60,Overstock
42,Product_042,Household,Supplier_8,5,135,16,30.63,20.12,25,36.1,1,1,1,243,66,Spring,28,Normal
43,Product_043,Frozen,Supplier_12,3,81,32,14.25,10.8,0,38.9,1,1,8,37,65,Winter,42,Normal
44,Product_044,Household,Supplier_14,1,554,51,40.38,34.11,0,24.5,1,0,8,312,129,Winter,49,Overstock
45,Product_045,Grains,Supplier_13,3,187,22,26.69,21.14,20,35.2,0,1,4,48,146,Spring,34,Normal
46,Product_046,Snacks,Supplier_2,10,487,55,44.86,26.46,0,30.4,0,0,3,249,144,Spring,66,Overstock
47,Product_047,Household,Supplier_13,10,292,23,45.19,26.79,25,33.5,1,1,5,182,54,Rainy,28,Overstock
48,Product_048,Snacks,Supplier_9,5,215,96,31.94,25.8,0,33.6,0,1,1,363,43,Rainy,91,Overstock
49,Product_049,Grains,Supplier_15,7,432,83,6.34,5.38,0,33.5,0,0,3,124,90,Spring,79,Overstock
50,Product_050,Grains,Supplier_10,5,217,7,31.21,18.23,25,21.5,0,0,10,101,88,Spring,10,Normal
51,Product_051,Snacks,Supplier_7,4,197,12,37.89,27.57,15,26.4,1,1,7,141,110,Spring,15,Normal
52,Product_052,Frozen,Supplier_12,1,223,85,22.41,13.17,5,29.3,1,0,4,137,126,Rainy,85,Normal
53,Product_053,Vegetables,Supplier_5,8,559,52,21.31,17.39,20,35.1,1,0,1,176,130,Winter,61,Overstock
54,Product_054,Meat,Supplier_9,4,291,13,27.02,21.54,0,32.3,1,1,6,31,111,Spring,10,Normal
55,Product_055,Fruits,Supplier_10,9,349,100,47.27,37.7,25,23.9,0,1,4,187,87,Rainy,98,Overstock
56,Product_056,Fruits,Supplier_4,5,395,79,44.6,34.07,15,26.4,0,1,9,285,73,Winter,86,Overstock
57,Product_057,Snacks,Supplier_8,2,297,9,7,6.02,25,30.8,0,0,7,356,48,Rainy,10,Overstock
58,Product_058,Snacks,Supplier_3,9,343,39,12.84,9.48,5,24.6,1,0,9,210,63,Spring,34,Overstock
59,Product_059,Snacks,Supplier_1,7,215,23,19.85,14.56,15,25.9,1,1,8,118,75,Summer,31,Normal
60,Product_060,Meat,Supplier_15,5,238,28,18.17,14.65,0,16.4,0,0,2,41,82,Spring,32,Normal
61,Product_061,Dairy,Supplier_5,10,157,75,42.44,24.84,5,31.7,1,0,2,234,109,Rainy,82,Normal
62,Product_062,Frozen,Supplier_13,10,334,17,33.61,28.43,25,39.4,0,0,8,95,51,Summer,29,Overstock
63,Product_063,Meat,Supplier_10,10,278,18,42.13,36.77,25,30.8,0,0,10,188,73,Spring,18,Overstock
64,Product_064,Frozen,Supplier_4,3,579,57,7.13,4.38,25,23.3,1,0,7,142,95,Spring,68,Overstock
65,Product_065,Snacks,Supplier_7,4,163,13,19.73,12.01,5,23.5,0,1,2,215,81,Winter,9,Normal
66,Product_066,Beverages,Supplier_1,6,76,97,20.22,16.19,0,27.4,1,0,10,64,115,Spring,101,Low Stock
67,Product_067,Meat,Supplier_10,7,198,93,4.8,4.18,15,39.3,1,0,7,200,70,Rainy,94,Normal
68,Product_068,Bakery,Supplier_7,9,537,70,2.09,1.64,5,28.7,1,0,6,169,102,Summer,71,Overstock
69,Product_069,Vegetables,Supplier_6,3,247,58,19.68,14.55,20,32.1,1,0,5,106,118,Rainy,65,Normal
70,Product_070,Frozen,Supplier_13,5,308,47,13.66,8.5,10,30.2,0,1,8,174,98,Winter,49,Overstock
71,Product_071,Frozen,Supplier_2,10,34,97,45.37,26.91,10,27.3,0,0,10,240,138,Summer,103,Low Stock
72,Product_072,Frozen,Supplier_3,7,189,62,10.86,7.47,20,29.2,1,1,3,185,77,Summer,70,Normal
73,Product_073,Beverages,Supplier_3,2,445,73,38.67,21.37,10,20.8,1,0,5,4,89,Spring,74,Overstock
74,Product_074,Bakery,Supplier_3,5,533,47,21.64,18.76,0,24.6,1,1,4,290,78,Spring,46,Overstock
75,Product_075,Meat,Supplier_10,8,421,59,13.01,8.75,0,18.8,0,1,9,269,120,Rainy,61,Overstock
76,Product_076,Snacks,Supplier_14,10,438,76,2.74,2.23,0,34.6,1,0,6,243,140,Rainy,79,Overstock
77,Product_077,Meat,Supplier_15,5,484,77,27.52,23.81,10,33.4,1,0,2,272,42,Winter,82,Overstock
78,Product_078,Bakery,Supplier_11,9,118,72,42.95,29.77,15,35.2,1,1,9,334,133,Spring,76,Low Stock
79,Product_079,Vegetables,Supplier_12,2,483,35,2.02,1.53,25,20.4,0,0,10,190,64,Spring,36,Overstock
80,Product_080,Snacks,Supplier_12,2,464,52,20.1,11.79,0,36.8,1,0,8,306,74,Summer,49,Overstock
81,Product_081,Dairy,Supplier_12,4,245,26,12.99,10.7,20,21.9,1,0,3,157,131,Summer,38,Normal
82,Product_082,Meat,Supplier_14,2,43,91,3.59,2.46,5,22.8,0,0,3,73,56,Summer,90,Low Stock
83,Product_083,Bakery,Supplier_11,7,130,96,23.53,17.53,25,33.9,1,0,4,44,139,Winter,100,Low Stock
84,Product_084,Frozen,Supplier_7,2,429,61,47.01,39.83,20,19.8,1,1,9,325,134,Spring,64,Overstock
85,Product_085,Meat,Supplier_8,9,588,8,6.3,3.89,20,27.2,1,1,4,279,43,Summer,18,Overstock
86,Product_086,Meat,Supplier_12,3,75,49,48.29,42.73,10,18.5,0,0,10,10,123,Winter,46,Low Stock
87,Product_087,Snacks,Supplier_2,4,549,77,25.19,22.62,5,29,0,1,10,73,145,Rainy,76,Overstock
88,Product_088,Beverages,Supplier_2,6,353,13,38.42,34.32,20,21.3,1,1,2,282,147,Spring,14,Normal
89,Product_089,Household,Supplier_5,1,133,24,4.78,3.12,0,25.9,1,0,8,159,46,Winter,25,Normal
90,Product_090,Dairy,Supplier_4,10,491,89,25.31,14.75,20,30.4,1,1,8,145,72,Spring,96,Overstock
91,Product_091,Snacks,Supplier_14,9,161,83,28.27,23.25,15,39.7,1,1,7,329,107,Winter,88,Normal
92,Product_092,Snacks,Supplier_5,2,177,47,37.68,22.23,0,23.9,1,0,9,55,62,Winter,55,Normal
93,Product_093,Meat,Supplier_5,2,475,81,33.03,18.19,20,16.9,0,0,10,14,44,Winter,93,Overstock
94,Product_094,Grains,Supplier_11,2,302,5,28.19,15.55,25,22.8,0,0,5,291,71,Spring,1,Overstock
95,Product_095,Grains,Supplier_7,2,271,81,26.23,16.98,0,26.5,1,0,6,289,57,Summer,92,Overstock
96,Product_096,Meat,Supplier_12,6,185,42,12.46,8.54,0,32.9,0,0,6,74,85,Rainy,43,Normal
97,Product_097,Meat,Supplier_7,9,189,68,23.37,14.79,20,32.8,1,1,6,48,67,Winter,66,Normal
98,Product_098,Beverages,Supplier_11,8,164,18,13.2,7.65,15,33.6,1,1,10,22,122,Summer,26,Normal
99,Product_099,Meat,Supplier_15,5,519,58,17.58,12.27,10,16.5,1,1,5,41,92,Spring,55,Overstock
100,Product_100,Vegetables,Supplier_14,4,524,2,34.27,20.51,25,30.7,1,0,1,288,100,Winter,10,Overstock
101,Product_101,Vegetables,Supplier_1,6,41,92,40.66,27.9,5,37.8,1,0,7,84,94,Summer,91,Low Stock
102,Product_102,Dairy,Supplier_6,10,234,80,10.49,8.77,20,19.9,0,1,4,35,60,Spring,80,Overstock
103,Product_103,Grains,Supplier_11,3,302,90,27.78,19.47,0,30.7,0,1,3,338,122,Winter,87,Normal
104,Product_104,Bakery,Supplier_7,4,392,40,33.09,18.25,10,32.6,0,1,7,172,108,Winter,49,Overstock
105,Product_105,Meat,Supplier_14,4,115,92,13.49,8.26,20,30.1,0,1,10,259,73,Rainy,98,Normal
106,Product_106,Dairy,Supplier_8,6,107,34,42.76,31.67,0,23.3,1,0,8,292,43,Rainy,41,Normal
107,Product_107,Meat,Supplier_14,5,154,48,44.88,28.34,25,22.5,1,0,2,291,41,Rainy,51,Overstock
108,Product_108,Beverages,Supplier_13,10,557,38,21.26,12.2,10,40,1,1,1,297,115,Rainy,45,Overstock
109,Product_109,Frozen,Supplier_10,8,149,90,28.6,21.45,25,32.2,1,1,6,80,68,Spring,102,Normal
110,Product_110,Bakery,Supplier_6,8,330,3,10.04,8.57,20,22.2,1,0,4,258,146,Winter,5,Normal
111,Product_111,Household,Supplier_4,5,234,62,49.01,32.47,25,20.4,1,1,3,243,107,Summer,64,Normal
112,Product_112,Fruits,Supplier_4,9,482,1,8.18,5.94,25,32.6,0,1,7,28,110,Rainy,13,Overstock
113,Product_113,Vegetables,Supplier_14,8,372,81,35.09,27.42,0,38.4,1,0,9,18,150,Rainy,84,Normal
114,Product_114,Household,Supplier_5,8,329,25,2.71,1.55,0,22.3,1,0,8,216,75,Summer,35,Overstock
115,Product_115,Grains,Supplier_10,5,276,6,4.82,4.04,20,31.6,0,1,1,120,136,Summer,1,Normal
116,Product_116,Snacks,Supplier_14,8,304,44,8.62,5.61,15,24.5,0,1,7,31,95,Spring,47,Overstock
117,Product_117,Household,Supplier_7,5,437,81,25.75,18.21,0,32,1,0,1,148,77,Winter,92,Overstock
118,Product_118,Household,Supplier_9,4,82,94,39.48,34.14,10,27.5,1,1,5,274,93,Rainy,103,Low Stock
119,Product_119,Bakery,Supplier_6,7,169,99,30.01,25.98,15,22.7,1,0,9,252,43,Spring,100,Overstock
120,Product_120,Frozen,Supplier_1,5,280,82,22.88,18.71,0,26.5,0,1,3,251,70,Rainy,91,Overstock
121,Product_121,Frozen,Supplier_13,6,442,37,34.32,25.71,15,20.5,1,0,7,237,127,Summer,45,Overstock
122,Product_122,Beverages,Supplier_1,8,196,37,9.29,5.83,25,16.3,1,1,2,54,56,Spring,46,Overstock
123,Product_123,Frozen,Supplier_10,10,421,4,2.08,1.28,25,24.8,1,0,2,175,145,Spring,1,Normal
124,Product_124,Household,Supplier_11,4,171,65,17.54,12.98,10,20.4,1,1,6,133,55,Winter,68,Overstock
125,Product_125,Bakery,Supplier_7,6,224,35,48.57,27.19,0,18.9,1,0,1,267,129,Winter,35,Normal
126,Product_126,Bakery,Supplier_11,2,395,20,39.95,31.22,0,26.2,0,1,6,100,130,Winter,18,Overstock
127,Product_127,Household,Supplier_9,9,383,46,30.46,23.88,0,20.4,1,0,1,211,47,Winter,58,Overstock
128,Product_128,Beverages,Supplier_11,3,496,74,44.39,38.66,25,23,0,1,3,125,135,Spring,73,Overstock
129,Product_129,Meat,Supplier_5,9,179,80,32.61,25.41,15,25.4,1,0,4,194,131,Winter,88,Normal
130,Product_130,Grains,Supplier_6,5,303,27,42.21,37.74,25,38.4,0,0,1,351,44,Summer,39,Overstock
131,Product_131,Fruits,Supplier_6,6,440,60,35.08,24.37,25,30.6,1,1,8,185,89,Rainy,64,Overstock
132,Product_132,Bakery,Supplier_2,6,122,44,20.49,13.57,0,36.1,1,0,4,116,137,Summer,40,Low Stock
133,Product_133,Beverages,Supplier_9,6,203,74,33.52,21.42,20,17.8,0,1,8,163,131,Summer,73,Normal
134,Product_134,Frozen,Supplier_12,5,90,62,14.57,11.01,15,27.1,0,1,6,115,57,Rainy,68,Normal
135,Product_135,Dairy,Supplier_14,1,547,96,20.31,13.37,10,37.6,1,1,2,9,58,Rainy,99,Overstock
136,Product_136,Grains,Supplier_7,7,511,34,14.63,13.11,15,20.7,1,0,6,41,82,Winter,35,Overstock
137,Product_137,Vegetables,Supplier_10,8,597,48,47.73,33.71,0,22.3,0,1,2,148,95,Winter,52,Overstock
138,Product_138,Snacks,Supplier_4,10,597,46,9.7,6.84,15,33.1,0,0,5,152,133,Rainy,53,Overstock
139,Product_139,Frozen,Supplier_7,6,463,73,39.3,32.06,20,22.4,1,1,7,197,110,Rainy,69,Overstock
140,Product_140,Fruits,Supplier_11,9,430,9,43.05,26.83,5,25.8,0,1,3,138,106,Spring,20,Overstock
141,Product_141,Beverages,Supplier_8,4,69,35,43.77,32.82,5,24,1,1,3,198,104,Spring,46,Low Stock
142,Product_142,Meat,Supplier_10,2,553,71,33.52,23.5,10,31.9,0,0,9,149,45,Summer,83,Overstock
143,Product_143,Snacks,Supplier_6,2,547,38,39.4,28.5,15,29.3,1,0,10,339,146,Winter,36,Overstock
144,Product_144,Fruits,Supplier_11,2,291,36,1.79,1.41,15,30.8,1,0,7,64,79,Spring,37,Overstock
145,Product_145,Meat,Supplier_6,5,54,43,34.31,20.71,20,20.4,1,0,9,157,57,Winter,47,Low Stock
146,Product_146,Meat,Supplier_2,9,389,93,7.26,6.41,5,27.3,0,1,4,126,57,Spring,102,Overstock
147,Product_147,Meat,Supplier_1,9,95,79,15.75,9.72,15,24.6,1,0,6,167,103,Rainy,81,Low Stock
148,Product_148,Frozen,Supplier_15,6,214,17,28.19,19.36,15,31.4,1,0,10,136,150,Summer,15,Normal
149,Product_149,Vegetables,Supplier_10,4,512,86,24.64,16.4,20,15.5,1,1,3,301,110,Summer,84,Overstock
150,Product_150,Grains,Supplier_8,1,522,17,26.59,15.58,25,28.4,1,1,8,209,129,Rainy,23,Overstock
151,Product_151,Bakery,Supplier_12,7,546,22,35.32,28.44,25,19.1,1,1,10,200,44,Summer,19,Overstock
152,Product_152,Grains,Supplier_14,2,263,28,4.74,3.77,25,16.4,0,0,1,148,75,Spring,24,Overstock
153,Product_153,Household,Supplier_2,8,143,50,4.43,2.99,15,28,1,0,4,234,124,Spring,62,Normal
154,Product_154,Bakery,Supplier_11,2,574,79,32.94,23.75,5,20.8,0,1,6,239,110,Rainy,81,Overstock
155,Product_155,Frozen,Supplier_1,5,549,71,20.96,16.06,5,35.9,1,0,8,6,115,Summer,82,Overstock
156,Product_156,Dairy,Supplier_1,6,285,55,47.95,40.85,20,18.7,1,0,10,365,64,Rainy,56,Overstock
157,Product_157,Household,Supplier_12,9,253,11,31,22.71,10,22.4,0,1,10,235,48,Spring,6,Overstock
158,Product_158,Household,Supplier_3,10,50,69,29.34,16.32,20,35.5,0,1,5,105,61,Spring,70,Low Stock
159,Product_159,Beverages,Supplier_9,2,523,38,34.61,19.4,20,21.3,1,1,10,277,81,Rainy,43,Overstock
160,Product_160,Meat,Supplier_8,8,106,36,32.07,24.82,10,32.6,1,0,6,168,119,Winter,32,Low Stock
161,Product_161,Meat,Supplier_10,7,257,50,44.6,34.86,25,28.7,1,1,6,35,120,Summer,53,Normal
162,Product_162,Grains,Supplier_10,9,434,75,22.57,14.96,5,38.1,0,0,4,353,138,Spring,85,Overstock
163,Product_163,Beverages,Supplier_12,5,301,33,43.67,29.12,10,16.6,1,0,6,208,139,Rainy,39,Normal
164,Product_164,Household,Supplier_10,7,408,72,3.79,2.8,5,38.4,1,1,7,142,123,Summer,78,Overstock
165,Product_165,Frozen,Supplier_11,10,481,38,17.27,11.58,10,16.3,0,1,5,274,43,Summer,46,Overstock
166,Product_166,Dairy,Supplier_8,1,525,53,7.97,7.1,5,22.6,0,0,5,157,40,Rainy,56,Overstock
167,Product_167,Grains,Supplier_5,9,192,18,44.84,36.87,10,20.4,1,0,7,192,143,Summer,13,Normal
168,Product_168,Meat,Supplier_15,2,462,47,31.66,23.73,15,33.2,0,0,6,230,90,Winter,54,Overstock
169,Product_169,Vegetables,Supplier_5,7,117,24,1.3,0.74,15,20,0,0,3,21,68,Winter,35,Normal
170,Product_170,Grains,Supplier_11,4,256,41,22.8,18.64,10,15.5,0,0,9,3,116,Winter,39,Normal
171,Product_171,Meat,Supplier_4,6,580,60,40.86,25.3,20,15.9,1,0,6,185,65,Winter,61,Overstock
172,Product_172,Dairy,Supplier_15,8,493,39,3.55,2.18,10,15.8,1,1,3,332,129,Rainy,50,Overstock
173,Product_173,Grains,Supplier_7,1,216,7,38.9,31.49,15,23.9,1,0,7,78,134,Winter,13,Normal
174,Product_174,Vegetables,Supplier_15,8,88,13,16,14.14,5,36.1,0,1,1,14,149,Spring,24,Low Stock
175,Product_175,Meat,Supplier_11,10,467,72,14.12,10.18,5,19.2,0,1,10,17,123,Winter,72,Overstock
176,Product_176,Bakery,Supplier_11,4,519,63,14.71,9.75,10,21.2,0,1,4,261,79,Summer,60,Overstock
177,Product_177,Household,Supplier_6,6,391,89,19.55,17.53,5,28,0,1,9,312,118,Summer,91,Overstock
178,Product_178,Snacks,Supplier_6,3,181,72,26.61,21.06,25,26.9,0,1,10,8,55,Summer,73,Overstock
179,Product_179,Dairy,Supplier_11,5,236,29,38.91,25.38,5,15,1,1,5,28,136,Summer,39,Normal
180,Product_180,Snacks,Supplier_7,4,315,39,19.29,12.6,10,35.3,0,0,10,55,102,Rainy,45,Overstock
181,Product_181,Snacks,Supplier_7,2,455,31,20.1,11.77,20,26.9,1,1,8,18,119,Winter,37,Overstock
182,Product_182,Meat,Supplier_9,9,128,79,31.37,19.37,15,36.4,1,0,1,185,96,Rainy,76,Normal
183,Product_183,Meat,Supplier_10,8,189,62,9.99,6.76,25,34.8,1,1,8,216,65,Summer,59,Normal
184,Product_184,Bakery,Supplier_12,2,204,95,46.52,31.45,15,37.1,1,0,9,292,51,Spring,105,Overstock
185,Product_185,Bakery,Supplier_4,4,342,62,46.83,26.04,25,36.9,1,0,5,111,41,Summer,59,Overstock
186,Product_186,Vegetables,Supplier_3,4,133,57,49.39,36.84,0,39.6,1,1,6,323,47,Summer,60,Normal
187,Product_187,Grains,Supplier_10,7,422,97,32.63,22.13,10,17,1,1,10,294,119,Winter,99,Overstock
188,Product_188,Meat,Supplier_4,9,346,24,22.46,16.45,20,24.8,1,0,1,267,142,Rainy,24,Normal
189,Product_189,Grains,Supplier_4,6,281,55,31.52,21.56,15,21.1,0,0,8,275,78,Summer,52,Overstock
190,Product_190,Dairy,Supplier_10,8,96,75,38.97,32.99,0,19.2,0,1,10,62,48,Spring,79,Normal
191,Product_191,Dairy,Supplier_1,9,514,57,38.74,33.49,5,21.2,1,1,10,149,54,Spring,69,Overstock
192,Product_192,Frozen,Supplier_5,10,198,12,27.67,19.22,20,24.2,0,0,6,47,82,Winter,24,Normal
193,Product_193,Bakery,Supplier_13,6,259,92,37.3,27.19,15,24.4,1,0,7,3,95,Spring,98,Normal
194,Product_194,Dairy,Supplier_6,7,142,1,36.29,23.42,0,29.4,0,1,2,179,122,Spring,11,Normal
195,Product_195,Vegetables,Supplier_1,5,238,22,34.33,27.16,10,18.4,0,1,1,16,130,Rainy,28,Normal
196,Product_196,Fruits,Supplier_4,9,548,64,42.9,28.03,5,30.9,0,0,6,319,83,Winter,63,Overstock
197,Product_197,Household,Supplier_6,3,320,85,14.44,11.92,0,33.5,1,0,8,100,49,Summer,89,Overstock
198,Product_198,Beverages,Supplier_10,10,289,83,37.35,31.68,20,24.3,0,1,1,296,87,Rainy,85,Overstock
199,Product_199,Grains,Supplier_10,6,514,69,7.53,5.05,15,18.9,0,0,6,314,70,Winter,69,Overstock
200,Product_200,Fruits,Supplier_12,9,431,10,16.72,14.34,0,28.2,0,1,2,100,71,Rainy,21,Overstock
1,Product_001,Meat,Supplier_15,7,498,38,16.72,12.43,10,24.7,1,0,2,145,125,Winter,39,Overstock
2,Product_002,Snacks,Supplier_6,6,532,28,38.68,33.11,5,20.8,0,1,1,238,97,Spring,34,Overstock
3,Product_003,Frozen,Supplier_4,4,360,1,20.32,13.76,25,34.5,1,0,1,294,128,Spring,5,Normal
4,Product_004,Meat,Supplier_3,2,38,67,35.2,22.29,15,26.1,0,0,7,206,99,Winter,79,Low Stock
5,Product_005,Meat,Supplier_7,8,510,73,6.81,3.96,0,28.2,0,0,9,219,150,Summer,73,Overstock
6,Product_006,Vegetables,Supplier_2,2,98,26,41.46,33,0,39.5,0,0,4,159,113,Spring,38,Low Stock
7,Product_007,Household,Supplier_3,6,452,44,5.33,3.24,20,25.8,1,1,7,289,139,Winter,43,Overstock
8,Product_008,Frozen,Supplier_12,8,218,32,11.98,7.19,0,15,0,0,10,341,120,Rainy,37,Normal
9,Product_009,Fruits,Supplier_6,2,583,9,4.85,3.66,0,22.5,1,1,7,361,70,Rainy,14,Overstock
10,Product_010,Frozen,Supplier_2,5,198,50,9.07,7.16,10,24.1,1,1,7,341,42,Summer,50,Overstock
11,Product_011,Vegetables,Supplier_5,1,271,45,49.01,42.06,10,36.7,0,0,10,132,78,Rainy,49,Overstock
12,Product_012,Fruits,Supplier_9,8,267,95,47.8,37.7,15,38.1,1,0,1,260,79,Winter,90,Overstock
13,Product_013,Grains,Supplier_15,5,499,17,28.09,18.95,5,34.4,0,1,5,225,96,Spring,17,Overstock
14,Product_014,Grains,Supplier_9,9,400,28,47.92,33.29,10,33.2,1,1,9,14,129,Spring,24,Overstock
15,Product_015,Bakery,Supplier_11,10,36,74,29.12,17.37,20,24.5,1,1,5,319,58,Winter,71,Low Stock
16,Product_016,Grains,Supplier_10,6,93,93,16.26,12.7,20,19.5,1,1,4,194,119,Summer,105,Low Stock
17,Product_017,Vegetables,Supplier_1,6,180,29,25.88,19.92,0,21.3,0,1,6,324,88,Winter,35,Normal
18,Product_018,Beverages,Supplier_15,3,134,54,35.99,26.78,10,24.6,0,1,6,113,71,Winter,53,Normal
19,Product_019,Bakery,Supplier_14,3,272,3,40.22,30.09,5,39.8,0,0,10,236,105,Summer,1,Normal
20,Product_020,Dairy,Supplier_3,6,274,26,14.69,8.8,0,20.3,0,0,5,61,50,Summer,30,Overstock
21,Product_021,Bakery,Supplier_4,2,491,45,35.12,31.44,0,38.5,1,1,1,122,110,Winter,44,Overstock
22,Product_022,Beverages,Supplier_3,2,577,97,27.36,19.03,20,19.7,0,1,10,46,142,Summer,92,Overstock
23,Product_023,Bakery,Supplier_6,5,458,79,36.1,23.62,10,22.4,0,1,5,141,52,Rainy,77,Overstock
24,Product_024,Household,Supplier_13,3,530,64,33.43,25.29,10,24.1,1,1,4,183,72,Winter,72,Overstock
25,Product_025,Vegetables,Supplier_9,7,413,70,22.91,15.55,15,32.2,0,1,10,113,63,Winter,66,Overstock
26,Product_026,Vegetables,Supplier_8,4,414,18,3.19,2.59,10,17.3,0,1,10,279,60,Summer,28,Overstock
27,Product_027,Fruits,Supplier_5,8,535,39,32.42,20.7,25,20.1,0,0,8,5,61,Winter,40,Overstock
28,Product_028,Meat,Supplier_7,8,291,19,30.95,20.17,15,19.9,0,0,7,238,146,Rainy,20,Normal
29,Product_029,Snacks,Supplier_2,7,554,45,4.99,3.17,0,33.1,1,0,9,280,52,Rainy,56,Overstock
30,Product_030,Household,Supplier_7,3,563,27,41.63,33.62,10,20.8,1,1,10,11,121,Winter,31,Overstock
31,Product_031,Vegetables,Supplier_13,5,439,67,38.95,25.58,20,21.8,1,0,5,281,58,Winter,79,Overstock
32,Product_032,Dairy,Supplier_14,6,363,66,31.35,22.57,5,17.9,1,1,2,319,138,Winter,66,Normal
33,Product_033,Household,Supplier_8,9,511,47,21.27,15.1,0,38.4,0,1,2,289,75,Winter,44,Overstock
34,Product_034,Vegetables,Supplier_12,7,527,6,2.08,1.39,25,25.4,1,1,3,12,127,Spring,12,Overstock
35,Product_035,Fruits,Supplier_1,9,396,85,9.41,5.18,5,25.6,0,1,2,171,42,Winter,92,Overstock
36,Product_036,Frozen,Supplier_9,8,282,42,10.93,9.13,0,32,0,1,4,246,51,Rainy,50,Overstock
37,Product_037,Household,Supplier_7,1,80,42,48.39,38.16,20,39.7,1,1,1,5,87,Summer,42,Low Stock
38,Product_038,Vegetables,Supplier_10,9,595,90,34.53,30.18,25,38.1,1,0,7,90,120,Rainy,92,Overstock
39,Product_039,Fruits,Supplier_10,2,348,39,46.42,38.94,0,19,0,0,5,137,64,Spring,47,Overstock
40,Product_040,Fruits,Supplier_2,1,547,3,16.72,9.21,20,15,1,0,8,88,54,Spring,14,Overstock
41,Product_041,Meat,Supplier_6,7,567,90,21.05,14.95,25,34.1,0,0,1,86,132,Winter,87,Overstock
42,Product_042,Household,Supplier_10,5,87,60,49.98,40.8,20,18.3,1,0,1,295,102,Winter,70,Low Stock
43,Product_043,Frozen,Supplier_2,2,269,2,10.44,7.14,15,28.3,0,1,5,95,70,Winter,1,Overstock
44,Product_044,Household,Supplier_8,9,290,1,5.92,4.58,0,18.8,1,1,6,3,59,Winter,5,Overstock
45,Product_045,Grains,Supplier_4,5,343,91,39.75,34.48,5,22.1,0,0,7,150,97,Winter,94,Overstock
46,Product_046,Snacks,Supplier_9,9,143,85,2.18,1.53,0,25.9,0,1,2,7,53,Spring,86,Normal
47,Product_047,Household,Supplier_6,9,30,65,44.94,26.67,10,16.5,0,0,8,220,68,Summer,65,Low Stock
48,Product_048,Snacks,Supplier_13,1,372,7,11.76,7.58,15,16.7,1,1,8,352,59,Rainy,15,Overstock
49,Product_049,Grains,Supplier_14,6,388,59,46.43,28.35,0,16.9,1,0,4,205,136,Rainy,71,Normal
50,Product_050,Grains,Supplier_2,3,416,97,43.7,25.39,10,24.6,1,1,5,277,123,Winter,106,Overstock
51,Product_051,Snacks,Supplier_8,8,510,18,16.84,14.51,0,38.6,1,0,8,186,51,Summer,25,Overstock
52,Product_052,Frozen,Supplier_10,10,212,69,2.48,1.86,0,38.5,0,1,9,257,146,Winter,81,Normal
53,Product_053,Vegetables,Supplier_12,7,585,16,49.67,39.79,20,28.1,1,0,4,313,135,Winter,28,Overstock
54,Product_054,Meat,Supplier_15,3,454,30,35.56,29.79,20,33,0,0,7,12,58,Rainy,37,Overstock
55,Product_055,Fruits,Supplier_11,2,114,75,8.15,5.62,25,20.3,1,0,1,253,68,Summer,80,Normal
56,Product_056,Fruits,Supplier_3,2,274,20,23.52,15.84,10,28.5,0,0,1,322,73,Rainy,22,Overstock
57,Product_057,Snacks,Supplier_5,7,550,98,29.31,17.47,5,17.6,1,0,4,105,83,Rainy,104,Overstock
58,Product_058,Snacks,Supplier_13,4,221,41,38.12,26.53,10,39.6,1,1,5,340,70,Rainy,38,Overstock
59,Product_059,Snacks,Supplier_5,8,417,64,40.14,22.67,10,39.1,0,0,2,271,74,Winter,73,Overstock
60,Product_060,Meat,Supplier_2,8,416,87,8.69,6.55,5,39.6,0,1,1,163,91,Spring,93,Overstock
61,Product_061,Dairy,Supplier_6,10,461,98,43.59,28.01,0,15.5,1,1,7,292,133,Summer,99,Overstock
62,Product_062,Frozen,Supplier_3,8,260,66,7.47,5.9,0,29.5,1,1,4,91,52,Rainy,62,Overstock
63,Product_063,Meat,Supplier_15,3,529,4,26.42,22.47,20,30,0,0,3,100,65,Summer,3,Overstock
64,Product_064,Frozen,Supplier_13,6,430,5,33.27,27.25,0,15.4,0,0,10,199,131,Spring,4,Overstock
65,Product_065,Snacks,Supplier_1,3,569,70,11.3,9.02,25,28.9,0,0,4,38,74,Summer,67,Overstock
66,Product_066,Beverages,Supplier_12,9,165,87,9.38,5.27,20,16.2,1,0,3,184,116,Summer,84,Normal
67,Product_067,Meat,Supplier_8,2,155,4,38.11,21.46,5,31.5,0,0,8,234,74,Spring,15,Normal
68,Product_068,Bakery,Supplier_6,3,136,72,31.74,18.62,10,35,0,1,7,71,44,Winter,76,Overstock
69,Product_069,Vegetables,Supplier_3,5,461,64,45.54,36.63,0,31.2,1,0,4,186,41,Rainy,60,Overstock
70,Product_070,Frozen,Supplier_9,4,317,30,15.86,9.33,5,33.7,1,0,7,135,83,Summer,37,Overstock
71,Product_071,Frozen,Supplier_1,4,507,91,1.63,1,20,15.5,1,1,9,313,47,Rainy,87,Overstock
72,Product_072,Frozen,Supplier_6,2,584,68,39.92,24.91,15,31.5,1,0,6,196,149,Summer,67,Overstock
73,Product_073,Beverages,Supplier_7,9,175,40,10.74,6.06,10,15.6,1,1,7,321,104,Rainy,35,Normal
74,Product_074,Bakery,Supplier_11,4,487,6,44.99,34.84,25,35.8,1,0,9,333,128,Summer,11,Overstock
75,Product_075,Meat,Supplier_15,1,225,87,19.72,15.51,25,26.7,0,1,6,108,77,Rainy,84,Normal
76,Product_076,Snacks,Supplier_2,9,198,82,17.67,9.76,0,28.5,1,1,8,320,112,Rainy,85,Normal
77,Product_077,Meat,Supplier_12,4,372,39,39.92,25.93,20,17.6,1,1,1,319,90,Winter,34,Overstock
78,Product_078,Bakery,Supplier_10,6,464,41,27.65,21.12,10,29,1,1,1,33,86,Rainy,40,Overstock
79,Product_079,Vegetables,Supplier_5,4,548,18,22.62,16.49,15,18.7,0,1,1,166,54,Spring,29,Overstock
80,Product_080,Snacks,Supplier_14,6,291,22,22.64,16.34,5,18.7,0,1,5,301,88,Winter,33,Overstock
81,Product_081,Dairy,Supplier_9,8,353,38,9.58,5.54,25,18.6,0,0,5,218,65,Spring,40,Overstock
82,Product_082,Meat,Supplier_9,10,203,24,31.58,20.11,5,19.5,1,0,7,237,126,Summer,33,Normal
83,Product_083,Bakery,Supplier_3,6,357,19,32.17,19.46,5,26.6,0,1,3,267,44,Summer,21,Overstock
84,Product_084,Frozen,Supplier_5,4,415,63,31.87,17.9,15,23.7,0,1,3,162,54,Spring,75,Overstock
85,Product_085,Meat,Supplier_1,10,157,17,3.35,1.89,20,24.6,1,0,4,285,130,Rainy,27,Normal
86,Product_086,Meat,Supplier_10,10,525,56,25.29,14.61,0,25.5,0,1,2,163,148,Winter,66,Overstock
87,Product_087,Snacks,Supplier_7,10,208,50,26.34,16.17,10,37.9,1,1,4,130,52,Spring,53,Overstock
88,Product_088,Beverages,Supplier_2,7,207,49,3.33,2.75,10,29,0,1,10,198,99,Rainy,45,Normal
89,Product_089,Household,Supplier_13,8,428,26,47.8,34.33,5,30.8,0,1,10,300,50,Spring,35,Overstock
90,Product_090,Dairy,Supplier_1,8,218,31,31.27,23.33,5,18.8,1,0,10,281,127,Summer,41,Normal
91,Product_091,Snacks,Supplier_11,6,247,31,47.59,41.69,25,36.2,0,1,3,78,91,Spring,39,Normal
92,Product_092,Snacks,Supplier_13,1,155,57,15.85,11.48,15,35.4,1,0,9,226,125,Summer,52,Normal
93,Product_093,Meat,Supplier_12,6,342,4,9.99,7.94,25,19.3,0,0,1,45,40,Summer,16,Overstock
94,Product_094,Grains,Supplier_8,8,442,93,49.71,43.37,5,32.7,1,1,7,325,97,Rainy,104,Overstock
95,Product_095,Grains,Supplier_2,7,449,58,49.14,39.17,15,18,0,1,5,353,44,Summer,62,Overstock
96,Product_096,Meat,Supplier_15,3,426,16,38.14,22.5,25,32.2,0,1,5,242,53,Spring,16,Overstock
97,Product_097,Meat,Supplier_13,9,418,10,6.55,3.86,5,32.6,1,1,7,353,125,Winter,11,Overstock
98,Product_098,Beverages,Supplier_5,3,548,65,43.35,29.04,20,38.3,1,0,10,201,114,Summer,67,Overstock
99,Product_099,Meat,Supplier_15,10,78,53,44.82,39.58,15,31.2,1,0,9,282,43,Spring,54,Normal
100,Product_100,Vegetables,Supplier_2,9,308,10,1.34,0.9,0,34.3,0,0,1,218,128,Summer,16,Normal
101,Product_101,Vegetables,Supplier_4,6,548,86,41.47,30.36,20,37.7,1,0,1,88,139,Winter,85,Overstock
102,Product_102,Dairy,Supplier_4,8,524,60,10.38,7.86,10,33.2,0,0,1,3,140,Spring,66,Overstock
103,Product_103,Grains,Supplier_11,5,477,22,24.66,21,20,26.4,1,0,2,352,48,Spring,20,Overstock
104,Product_104,Bakery,Supplier_9,1,352,91,44.56,39.02,20,24.8,0,1,7,79,108,Rainy,86,Overstock
105,Product_105,Meat,Supplier_5,6,32,48,12.08,8.14,20,30.1,0,0,4,361,66,Summer,50,Low Stock
106,Product_106,Dairy,Supplier_2,3,298,13,39.79,24.28,0,38,0,1,5,161,102,Rainy,14,Normal
107,Product_107,Meat,Supplier_7,7,226,5,19.72,13.73,10,23.6,1,1,6,209,114,Rainy,9,Normal
108,Product_108,Beverages,Supplier_3,7,246,37,35.72,21.51,5,18.4,1,0,5,17,80,Rainy,37,Overstock
109,Product_109,Frozen,Supplier_14,3,47,99,5.7,3.93,5,22.1,1,0,2,111,73,Summer,99,Low Stock
110,Product_110,Bakery,Supplier_3,3,427,88,1.65,1.11,25,34.1,1,0,4,341,51,Spring,97,Overstock
111,Product_111,Household,Supplier_4,10,95,28,46.47,35.87,25,26.5,0,1,7,303,104,Winter,24,Low Stock
112,Product_112,Fruits,Supplier_12,8,320,29,39.36,24.24,10,36.6,1,0,8,282,67,Winter,37,Overstock
113,Product_113,Vegetables,Supplier_2,1,63,89,42.42,32.79,25,15.6,0,0,4,125,49,Spring,96,Normal
114,Product_114,Household,Supplier_15,9,305,82,39.95,24.93,20,31.6,0,1,4,337,142,Spring,86,Normal
115,Product_115,Grains,Supplier_15,10,313,81,18.33,11.21,0,38.8,1,1,3,47,60,Winter,92,Overstock
116,Product_116,Snacks,Supplier_11,2,114,41,42.82,37.05,25,38.9,1,1,8,98,124,Summer,43,Low Stock
117,Product_117,Household,Supplier_9,3,46,92,23.25,14.11,10,31.8,0,0,5,362,67,Rainy,89,Low Stock
118,Product_118,Household,Supplier_11,1,233,31,44.47,35.96,0,23.3,1,0,10,140,145,Summer,30,Normal
119,Product_119,Bakery,Supplier_1,2,333,23,30.85,25.5,0,37.5,0,1,4,45,138,Rainy,18,Normal
120,Product_120,Frozen,Supplier_4,4,67,56,49.17,41.64,10,15.4,0,1,6,315,134,Spring,60,Low Stock
121,Product_121,Frozen,Supplier_5,1,532,37,20.05,14.52,5,23.3,0,0,4,20,84,Summer,48,Overstock
122,Product_122,Beverages,Supplier_13,1,339,62,13.66,10.91,20,31.4,0,0,6,10,125,Summer,71,Normal
123,Product_123,Frozen,Supplier_6,4,67,10,19.63,16.78,20,16.8,1,0,5,140,57,Winter,19,Normal
124,Product_124,Household,Supplier_15,8,89,30,40.21,24.1,25,22.2,0,1,6,153,44,Spring,41,Normal
125,Product_125,Bakery,Supplier_15,10,346,54,24.52,16.21,5,35.3,1,0,1,262,111,Summer,51,Overstock
126,Product_126,Bakery,Supplier_3,8,68,35,47.45,31.68,0,25.5,0,1,4,325,49,Rainy,37,Normal
127,Product_127,Household,Supplier_12,7,75,16,46.45,35.8,20,26.2,1,1,1,63,96,Winter,11,Low Stock
128,Product_128,Beverages,Supplier_4,7,113,26,28.06,19.63,0,24.3,1,0,10,172,66,Spring,31,Normal
129,Product_129,Meat,Supplier_7,10,125,20,14.59,10,15,20.8,0,1,9,13,138,Winter,23,Low Stock
130,Product_130,Grains,Supplier_5,3,130,57,11.26,6.24,0,20.6,0,0,9,331,72,Summer,63,Normal
131,Product_131,Fruits,Supplier_1,5,231,61,22.79,19.17,10,17.1,0,0,8,245,110,Rainy,66,Normal
132,Product_132,Bakery,Supplier_5,10,273,31,49.58,31.64,5,33.7,1,0,7,155,45,Rainy,37,Overstock
133,Product_133,Beverages,Supplier_6,7,177,4,23.11,17.56,20,26.1,1,0,9,225,100,Rainy,13,Normal
134,Product_134,Frozen,Supplier_8,10,528,49,21.94,14.88,20,23.5,1,1,1,30,102,Spring,45,Overstock
135,Product_135,Dairy,Supplier_2,8,451,31,30.45,24.19,0,21.9,0,1,3,4,53,Summer,36,Overstock
136,Product_136,Grains,Supplier_2,3,381,30,27.73,21.49,20,24.7,1,1,7,34,75,Summer,38,Overstock
137,Product_137,Vegetables,Supplier_6,9,599,1,12.79,8.74,5,37.3,0,0,5,214,98,Rainy,11,Overstock
138,Product_138,Snacks,Supplier_9,10,131,38,6.74,4.63,25,35.1,0,0,6,235,100,Summer,35,Normal
139,Product_139,Frozen,Supplier_9,7,238,1,9.89,8.48,15,24.1,1,1,3,228,101,Rainy,5,Normal
140,Product_140,Fruits,Supplier_1,8,345,60,7.21,4.91,20,28,1,0,7,49,105,Winter,60,Overstock
141,Product_141,Beverages,Supplier_14,10,159,99,22,15.92,15,16.7,1,1,5,294,68,Summer,108,Normal
142,Product_142,Meat,Supplier_14,7,238,22,47.17,38.62,15,22.9,0,1,10,304,145,Summer,19,Normal
143,Product_143,Snacks,Supplier_13,10,123,84,31.4,27.28,5,15.4,0,1,9,275,144,Winter,93,Low Stock
144,Product_144,Fruits,Supplier_2,7,422,4,39.93,31.33,25,38.1,0,0,6,218,137,Winter,16,Overstock
145,Product_145,Meat,Supplier_7,10,572,85,33.02,26.12,0,36.5,1,0,1,115,121,Summer,97,Overstock
146,Product_146,Meat,Supplier_1,6,585,47,17.84,9.9,5,37.6,1,0,2,348,99,Summer,57,Overstock
147,Product_147,Meat,Supplier_14,4,586,89,33.44,21.54,0,31.5,1,0,9,286,77,Spring,97,Overstock
148,Product_148,Frozen,Supplier_14,5,87,65,48.34,28.03,10,26,1,0,5,99,53,Spring,74,Normal
149,Product_149,Vegetables,Supplier_5,10,402,48,8.76,5.85,5,19,0,1,2,45,106,Spring,60,Overstock
150,Product_150,Grains,Supplier_4,4,217,31,26.55,22.6,20,31.1,0,0,5,8,70,Summer,37,Overstock
151,Product_151,Bakery,Supplier_13,2,78,10,45.86,39.67,15,19.2,1,1,7,301,127,Rainy,15,Low Stock
152,Product_152,Grains,Supplier_11,6,488,50,12.17,9.38,0,19.9,1,0,1,39,86,Winter,53,Overstock
153,Product_153,Household,Supplier_4,5,529,43,6.53,5.35,15,32.3,0,1,1,186,133,Winter,55,Overstock
154,Product_154,Bakery,Supplier_4,9,284,89,48.79,33.58,10,24.5,1,0,9,298,57,Rainy,97,Overstock
155,Product_155,Frozen,Supplier_11,8,206,93,39.46,22.68,15,30.4,0,0,6,108,140,Winter,93,Normal
156,Product_156,Dairy,Supplier_15,1,75,54,28.51,19.41,25,39,0,1,8,122,88,Winter,64,Low Stock
157,Product_157,Household,Supplier_9,6,313,28,10.68,6.61,5,19.1,0,0,10,53,50,Summer,37,Overstock
158,Product_158,Household,Supplier_14,10,521,19,30.33,19.91,15,33.5,0,0,1,162,71,Rainy,22,Overstock
159,Product_159,Beverages,Supplier_10,4,331,53,45.78,36.39,5,38.2,0,1,9,143,94,Winter,61,Overstock
160,Product_160,Meat,Supplier_4,1,444,57,8.62,6.48,5,22.6,0,1,7,362,137,Winter,56,Overstock
161,Product_161,Meat,Supplier_7,5,54,76,46.67,26.36,10,17.4,1,1,2,151,143,Spring,85,Low Stock
162,Product_162,Grains,Supplier_2,2,565,56,43.52,24.13,25,22.7,1,0,3,75,81,Spring,61,Overstock
163,Product_163,Beverages,Supplier_13,4,572,55,27.76,23.29,15,37.3,1,0,4,330,95,Rainy,50,Overstock
164,Product_164,Household,Supplier_5,4,311,11,9.16,5.48,20,34.6,0,0,3,84,69,Winter,8,Overstock
165,Product_165,Frozen,Supplier_11,7,541,21,30.95,26.54,5,20.4,1,0,6,333,98,Summer,22,Overstock
166,Product_166,Dairy,Supplier_4,6,60,61,8.22,4.84,25,36.1,0,1,9,286,80,Rainy,66,Low Stock
167,Product_167,Grains,Supplier_7,2,218,74,10.56,6.69,0,39.9,1,0,5,50,43,Spring,74,Overstock
168,Product_168,Meat,Supplier_8,9,522,69,49.98,30.37,15,23.8,0,1,10,352,112,Winter,75,Overstock
169,Product_169,Vegetables,Supplier_4,9,444,7,19.31,17.01,5,30.9,1,0,6,228,120,Summer,8,Overstock
170,Product_170,Grains,Supplier_11,10,424,90,32.29,18.26,10,36.6,1,0,9,94,117,Spring,87,Overstock
171,Product_171,Meat,Supplier_5,1,472,65,21.06,14.63,25,29.5,1,1,8,73,80,Summer,74,Overstock
172,Product_172,Dairy,Supplier_8,2,534,42,15.44,12.96,10,20.6,0,0,7,226,136,Summer,51,Overstock
173,Product_173,Grains,Supplier_15,6,343,88,14.26,10.88,5,24.4,1,0,8,56,81,Spring,100,Overstock
174,Product_174,Vegetables,Supplier_9,1,557,59,48.15,34.34,10,20.3,0,1,6,278,128,Winter,61,Overstock
175,Product_175,Meat,Supplier_6,7,244,53,14,11.45,20,37,0,0,7,71,94,Rainy,64,Normal
176,Product_176,Bakery,Supplier_9,6,132,64,9.3,6.56,5,22.7,1,0,10,134,130,Winter,76,Normal
177,Product_177,Household,Supplier_5,9,385,84,17.41,11.31,20,22.8,0,0,7,82,110,Rainy,95,Overstock
178,Product_178,Snacks,Supplier_13,6,400,63,21.14,18.07,5,18.3,0,1,6,107,133,Spring,62,Overstock
179,Product_179,Dairy,Supplier_9,1,318,41,2.75,1.78,15,37.8,0,0,1,197,69,Spring,40,Overstock
180,Product_180,Snacks,Supplier_1,7,575,43,27.88,17.62,25,22.3,0,1,2,64,67,Rainy,53,Overstock
181,Product_181,Snacks,Supplier_1,8,485,60,39.53,22.52,0,23.5,1,0,5,206,139,Winter,71,Overstock
182,Product_182,Meat,Supplier_4,2,497,5,41.8,26.63,10,19.7,0,0,6,18,99,Summer,16,Overstock
183,Product_183,Meat,Supplier_5,10,580,93,42.12,32.42,0,23.8,1,1,7,42,46,Rainy,96,Overstock
184,Product_184,Bakery,Supplier_2,1,452,94,34.49,20.87,5,35.8,0,1,2,31,137,Rainy,104,Overstock
185,Product_185,Bakery,Supplier_2,4,547,69,37.59,28.66,0,34.5,1,1,8,297,91,Spring,72,Overstock
186,Product_186,Vegetables,Supplier_3,2,166,48,40.41,33.94,0,22.3,1,1,8,318,116,Winter,56,Normal
187,Product_187,Grains,Supplier_7,7,498,79,25.99,18.49,15,25.8,1,1,7,209,75,Rainy,86,Overstock
188,Product_188,Meat,Supplier_8,10,460,98,35.33,21.69,25,24.8,1,0,1,361,133,Rainy,106,Overstock
189,Product_189,Grains,Supplier_4,6,246,12,8.77,7.49,15,28,0,1,10,15,144,Rainy,17,Normal
190,Product_190,Dairy,Supplier_9,2,438,44,45.67,31.03,25,28.7,1,1,10,243,45,Winter,41,Overstock
191,Product_191,Dairy,Supplier_9,4,279,34,43.7,34.77,15,35,0,1,5,306,111,Summer,29,Normal
192,Product_192,Frozen,Supplier_3,6,259,77,22.52,15.06,10,32.9,0,0,4,140,69,Rainy,73,Overstock
193,Product_193,Bakery,Supplier_11,8,346,55,21.47,15.75,25,29.2,1,1,9,355,51,Spring,51,Overstock
194,Product_194,Dairy,Supplier_8,8,54,57,16.25,9.17,25,21.9,1,1,3,52,104,Rainy,65,Low Stock
195,Product_195,Vegetables,Supplier_5,7,150,84,35.8,31.45,0,25.4,0,1,1,145,52,Summer,95,Normal
196,Product_196,Fruits,Supplier_4,9,498,49,18.65,14.64,5,37.5,0,1,4,358,96,Rainy,48,Overstock
197,Product_197,Household,Supplier_13,8,116,50,27.93,17.02,0,36.3,1,0,5,45,92,Summer,57,Normal
198,Product_198,Beverages,Supplier_11,4,252,23,35.99,30.06,0,31.4,0,1,3,20,72,Winter,31,Overstock
199,Product_199,Grains,Supplier_9,2,258,66,4.64,3.25,25,29.1,0,1,3,101,101,Rainy,67,Normal
200,Product_200,Fruits,Supplier_13,3,133,51,14.63,13.11,15,29,0,1,3,8,139,Rainy,49,Low Stock
1,Product_001,Meat,Supplier_4,1,157,4,8.04,4.47,0,16.9,0,1,1,265,84,Rainy,1,Normal
2,Product_002,Snacks,Supplier_15,4,381,97,31.31,25.11,0,39.9,0,1,2,48,114,Rainy,101,Overstock
3,Product_003,Frozen,Supplier_13,5,143,66,3.88,2.4,15,22.5,1,1,7,274,44,Rainy,64,Overstock
4,Product_004,Meat,Supplier_8,10,126,56,48.04,30,5,22.6,0,0,3,159,139,Rainy,56,Low Stock
5,Product_005,Meat,Supplier_1,5,578,58,19.37,16.94,10,15.2,1,1,4,70,119,Summer,67,Overstock
6,Product_006,Vegetables,Supplier_3,4,548,86,15.93,12.03,5,32.4,1,0,4,7,61,Spring,89,Overstock
7,Product_007,Household,Supplier_5,6,59,54,22.42,17.79,5,26,0,1,3,27,82,Summer,59,Low Stock
8,Product_008,Frozen,Supplier_6,2,360,84,41.72,26.92,5,35.7,1,1,7,355,89,Summer,85,Overstock
9,Product_009,Fruits,Supplier_2,7,263,48,34.92,19.98,20,25.4,1,0,10,270,113,Winter,55,Normal
10,Product_010,Frozen,Supplier_4,6,522,16,44.41,39.68,10,26.5,0,1,10,4,129,Summer,27,Overstock
11,Product_011,Vegetables,Supplier_4,1,220,44,18.31,15.14,0,29.3,0,0,7,40,122,Spring,45,Normal
12,Product_012,Fruits,Supplier_4,1,519,8,30.88,23.97,10,19.6,0,1,6,363,45,Rainy,4,Overstock
13,Product_013,Grains,Supplier_7,3,111,1,13.06,10.19,25,34.3,1,1,5,285,72,Spring,12,Normal
14,Product_014,Grains,Supplier_8,5,262,91,21.96,13.17,15,27,0,1,5,286,69,Spring,102,Overstock
15,Product_015,Bakery,Supplier_7,6,524,79,16.03,9.11,25,15.7,0,1,2,190,54,Rainy,75,Overstock
16,Product_016,Grains,Supplier_2,10,320,9,12.24,10.67,15,25.7,1,0,7,205,135,Spring,11,Normal
17,Product_017,Vegetables,Supplier_7,5,343,33,6.45,5.67,20,20.7,1,0,4,109,109,Winter,43,Overstock
18,Product_018,Beverages,Supplier_15,6,89,59,27.73,23.89,10,25.2,1,1,5,303,118,Spring,71,Low Stock
19,Product_019,Bakery,Supplier_8,4,226,61,16,9.98,25,24.6,1,1,1,29,76,Spring,70,Normal
20,Product_020,Dairy,Supplier_12,6,209,57,49.16,30.66,15,22.2,0,0,7,289,81,Summer,68,Normal
21,Product_021,Bakery,Supplier_11,2,324,99,25.88,20.35,25,20.8,0,1,3,33,128,Summer,99,Normal
22,Product_022,Beverages,Supplier_3,1,113,70,41.74,29.77,20,21.8,0,0,2,225,54,Rainy,75,Normal
23,Product_023,Bakery,Supplier_8,5,530,82,20.89,12.53,5,19.8,1,1,5,256,84,Spring,77,Overstock
24,Product_024,Household,Supplier_13,8,274,73,47.7,29.9,25,29,0,1,4,189,49,Winter,70,Overstock
25,Product_025,Vegetables,Supplier_5,2,573,25,43.41,27.27,25,35.7,0,1,10,70,149,Rainy,36,Overstock
26,Product_026,Vegetables,Supplier_15,5,365,64,20.47,11.32,0,35.3,1,0,3,260,120,Spring,71,Overstock
27,Product_027,Fruits,Supplier_14,6,231,60,39.62,25.4,25,30.2,1,0,3,233,104,Spring,72,Normal
28,Product_028,Meat,Supplier_13,2,501,98,7.5,6.51,5,35.2,1,1,1,352,51,Spring,97,Overstock
29,Product_029,Snacks,Supplier_8,1,454,90,20.97,11.92,5,32,0,1,6,258,116,Spring,93,Overstock
30,Product_030,Household,Supplier_15,8,269,46,10.52,6.26,10,31,1,0,3,129,130,Rainy,49,Normal
31,Product_031,Vegetables,Supplier_14,7,187,5,31.43,24.55,10,23.3,0,1,10,18,92,Spring,14,Normal
32,Product_032,Dairy,Supplier_14,2,384,53,42.05,37.75,0,34.2,0,1,10,63,60,Summer,58,Overstock
33,Product_033,Household,Supplier_12,2,560,84,49.39,40.78,10,20.3,0,1,2,133,140,Summer,91,Overstock
34,Product_034,Vegetables,Supplier_7,1,550,6,27.28,23.17,25,26.2,1,0,2,5,72,Spring,3,Overstock
35,Product_035,Fruits,Supplier_3,8,483,100,35.3,31.68,15,20.3,1,0,2,233,87,Spring,102,Overstock
36,Product_036,Frozen,Supplier_14,7,557,2,20.56,15.19,10,34,0,1,3,80,97,Winter,14,Overstock
37,Product_037,Household,Supplier_3,10,521,62,36.83,29.72,15,16.1,0,1,2,348,139,Spring,60,Overstock
38,Product_038,Vegetables,Supplier_7,5,349,87,10.49,6.32,0,38.4,1,0,8,331,126,Rainy,92,Normal
39,Product_039,Fruits,Supplier_15,3,564,52,49.76,39.03,25,39.5,1,0,7,365,86,Rainy,53,Overstock
40,Product_040,Fruits,Supplier_11,3,464,85,5.87,4.51,25,38,0,1,3,181,103,Spring,91,Overstock
41,Product_041,Meat,Supplier_10,9,320,63,32.48,24.29,25,16.5,1,0,7,210,61,Summer,69,Overstock
42,Product_042,Household,Supplier_15,9,567,30,8.28,6.88,10,18.1,1,1,4,300,140,Winter,42,Overstock
43,Product_043,Frozen,Supplier_6,10,472,23,38.01,25.42,20,16.4,0,1,6,35,69,Winter,28,Overstock
44,Product_044,Household,Supplier_2,8,339,68,18.97,11.85,10,31.9,1,0,1,307,82,Winter,77,Overstock
45,Product_045,Grains,Supplier_11,2,181,72,5.56,3.64,25,27.3,1,1,2,355,135,Summer,82,Normal
46,Product_046,Snacks,Supplier_4,9,470,67,21.38,12.66,0,31.5,1,0,6,45,83,Spring,71,Overstock
47,Product_047,Household,Supplier_4,5,164,23,3.78,3,5,22.7,0,0,4,78,150,Summer,22,Normal
48,Product_048,Snacks,Supplier_6,6,411,11,46.53,38.29,20,32.3,0,1,10,20,72,Spring,11,Overstock
49,Product_049,Grains,Supplier_1,8,442,37,4.49,3.32,0,28.5,0,1,8,39,77,Rainy,43,Overstock
50,Product_050,Grains,Supplier_14,2,489,73,27.45,22.76,25,23.2,1,0,4,306,121,Rainy,80,Overstock
51,Product_051,Snacks,Supplier_3,1,470,44,23.13,14.41,0,33.8,0,0,9,297,58,Winter,51,Overstock
52,Product_052,Frozen,Supplier_6,6,279,66,16.98,10.67,20,28.1,1,0,4,261,94,Winter,62,Normal
53,Product_053,Vegetables,Supplier_3,7,94,69,6.21,3.84,5,34,0,0,4,365,70,Winter,66,Normal
54,Product_054,Meat,Supplier_3,5,302,91,34.07,30.39,25,30.6,0,0,9,109,60,Summer,99,Overstock
55,Product_055,Fruits,Supplier_1,10,192,95,4.06,3.52,20,36.2,1,1,10,358,111,Winter,94,Normal
56,Product_056,Fruits,Supplier_6,4,554,77,27.87,16.43,25,25.3,0,1,8,233,50,Winter,84,Overstock
57,Product_057,Snacks,Supplier_14,9,520,67,10.26,8.77,20,28.7,0,1,3,94,146,Winter,67,Overstock
58,Product_058,Snacks,Supplier_15,6,492,40,8.37,4.9,5,27.7,0,0,5,346,90,Winter,38,Overstock
59,Product_059,Snacks,Supplier_7,7,588,9,38.78,34.01,0,35.4,0,0,4,342,134,Spring,10,Overstock
60,Product_060,Meat,Supplier_4,1,124,67,6.57,4.92,25,18.8,1,0,1,94,143,Summer,73,Low Stock
61,Product_061,Dairy,Supplier_9,4,340,59,38.31,33.6,10,16.7,0,1,1,213,76,Summer,68,Overstock
62,Product_062,Frozen,Supplier_11,3,320,61,35.27,30.67,0,36.9,1,0,6,301,142,Winter,56,Normal
63,Product_063,Meat,Supplier_9,8,37,59,10.07,5.55,15,16.2,1,1,5,250,59,Spring,70,Low Stock
64,Product_064,Frozen,Supplier_14,8,205,21,25.62,21.31,5,33,1,1,8,206,78,Summer,19,Normal
65,Product_065,Snacks,Supplier_3,2,60,8,41.42,27.31,5,17.3,1,1,7,74,97,Summer,4,Low Stock
66,Product_066,Beverages,Supplier_3,1,188,23,31.95,24.16,25,37.5,1,0,2,326,55,Rainy,23,Overstock
67,Product_067,Meat,Supplier_12,9,202,84,20.47,15.78,0,31.9,1,1,6,345,83,Rainy,80,Normal
68,Product_068,Bakery,Supplier_6,3,126,70,25.52,15.77,20,21.4,1,1,2,225,56,Summer,72,Normal
69,Product_069,Vegetables,Supplier_6,6,214,51,33.28,22.58,15,16.2,1,0,1,132,126,Winter,52,Normal
70,Product_070,Frozen,Supplier_7,9,181,93,6.63,3.92,5,16.5,0,0,5,324,48,Summer,100,Overstock
71,Product_071,Frozen,Supplier_7,6,55,80,47.68,29.33,20,19.3,0,0,2,333,93,Rainy,89,Low Stock
72,Product_072,Frozen,Supplier_10,10,286,52,39.25,28.49,0,21.8,1,0,1,235,114,Summer,63,Normal
73,Product_073,Beverages,Supplier_7,2,440,3,29.19,26.03,5,16.3,1,1,2,208,79,Winter,9,Overstock
74,Product_074,Bakery,Supplier_15,2,121,54,9.83,6.6,10,17.5,1,0,5,227,59,Spring,61,Normal
75,Product_075,Meat,Supplier_6,4,183,98,1.89,1.33,20,19.1,1,0,6,175,98,Winter,95,Normal
76,Product_076,Snacks,Supplier_8,3,531,40,12.93,11.57,5,38.8,0,1,4,51,136,Summer,36,Overstock
77,Product_077,Meat,Supplier_14,5,477,12,23.43,17.39,0,15.5,0,1,4,329,139,Summer,18,Overstock
78,Product_078,Bakery,Supplier_4,2,112,38,22.06,16.14,25,31,1,1,2,127,80,Winter,41,Normal
79,Product_079,Vegetables,Supplier_13,4,565,33,36.33,21.64,0,21.7,1,0,4,114,92,Summer,32,Overstock
80,Product_080,Snacks,Supplier_3,5,167,77,2.81,2.32,0,32.5,0,1,3,23,67,Spring,89,Normal
81,Product_081,Dairy,Supplier_8,4,349,18,43.35,29.59,10,22.6,0,0,4,346,57,Spring,18,Overstock
82,Product_082,Meat,Supplier_10,5,362,1,12.9,11.15,15,31.5,1,1,2,365,46,Summer,3,Overstock
83,Product_083,Bakery,Supplier_5,1,471,43,1.82,1.03,15,24.6,0,0,8,201,65,Summer,53,Overstock
84,Product_084,Frozen,Supplier_3,9,336,8,19.69,16.01,0,32.2,0,1,6,221,48,Winter,15,Overstock
85,Product_085,Meat,Supplier_15,2,249,78,34.3,26.62,5,27,0,1,9,201,59,Spring,87,Overstock
86,Product_086,Meat,Supplier_1,1,130,79,8.65,7.49,0,33.9,1,0,2,99,80,Rainy,77,Normal
87,Product_087,Snacks,Supplier_4,10,433,94,9.19,6.22,15,23.6,0,1,3,200,47,Summer,103,Overstock
88,Product_088,Beverages,Supplier_12,7,36,27,16.78,12.77,25,35.3,1,0,6,133,110,Rainy,23,Low Stock
89,Product_089,Household,Supplier_3,9,222,5,7.25,5.55,15,20.4,1,1,5,205,117,Summer,6,Normal
90,Product_090,Dairy,Supplier_3,10,146,54,41.86,34.11,5,36.7,1,0,8,102,124,Winter,51,Normal
91,Product_091,Snacks,Supplier_14,10,73,43,16.1,10.57,5,37.7,0,0,7,342,43,Rainy,52,Normal
92,Product_092,Snacks,Supplier_9,6,219,52,3.05,1.82,20,28.5,0,0,10,89,121,Spring,54,Normal
93,Product_093,Meat,Supplier_11,6,150,74,16.1,12.09,20,15.9,0,1,7,96,127,Spring,75,Normal
94,Product_094,Grains,Supplier_5,3,109,53,34.3,23.37,15,38.3,0,0,8,148,147,Rainy,65,Low Stock
95,Product_095,Grains,Supplier_13,10,147,37,44.12,25.95,0,28.2,1,1,7,260,99,Spring,39,Normal
96,Product_096,Meat,Supplier_9,4,45,84,13.69,9.82,0,31.3,1,0,3,27,80,Rainy,82,Low Stock
97,Product_097,Meat,Supplier_3,10,600,13,26.56,18.76,15,28.4,1,0,2,218,118,Winter,9,Overstock
98,Product_098,Beverages,Supplier_5,9,511,12,14.13,8.04,10,19.1,0,1,5,352,81,Rainy,21,Overstock
99,Product_099,Meat,Supplier_15,6,220,92,3.49,2.9,15,22.5,0,0,7,53,121,Spring,92,Normal
100,Product_100,Vegetables,Supplier_3,7,230,65,8.51,6.93,0,19.9,0,1,5,40,77,Summer,70,Normal
101,Product_101,Vegetables,Supplier_11,7,321,47,3.04,2.35,25,18.6,1,1,8,250,89,Rainy,52,Overstock
102,Product_102,Dairy,Supplier_10,5,54,29,43.7,32.06,25,24.1,0,0,8,116,115,Spring,34,Low Stock
103,Product_103,Grains,Supplier_9,6,289,18,48.92,42.88,5,21.5,0,1,5,127,87,Rainy,24,Overstock
104,Product_104,Bakery,Supplier_11,2,504,48,41.83,33.9,25,18.2,0,0,9,223,45,Summer,60,Overstock
105,Product_105,Meat,Supplier_12,10,333,8,44.39,24.95,10,35,0,1,10,316,45,Winter,14,Overstock
106,Product_106,Dairy,Supplier_15,4,434,22,21.7,16.27,20,32.2,1,0,4,249,42,Spring,22,Overstock
107,Product_107,Meat,Supplier_6,6,530,35,27.83,20.05,15,33.4,0,1,5,136,67,Winter,38,Overstock
108,Product_108,Beverages,Supplier_5,5,352,13,34.98,21.74,0,20.6,1,0,3,295,130,Rainy,23,Normal
109,Product_109,Frozen,Supplier_2,10,334,98,22.16,14.53,25,39,0,0,5,351,84,Spring,105,Overstock
110,Product_110,Bakery,Supplier_5,4,159,83,42.93,33.83,20,31.3,0,0,9,324,135,Spring,89,Normal
111,Product_111,Household,Supplier_4,2,556,36,25.3,18.57,15,22.1,0,1,10,218,120,Summer,48,Overstock
112,Product_112,Fruits,Supplier_12,7,490,97,32.75,24.77,5,27.8,1,0,9,292,58,Rainy,108,Overstock
113,Product_113,Vegetables,Supplier_6,1,107,81,4.55,2.92,5,40,0,0,2,231,64,Winter,77,Normal
114,Product_114,Household,Supplier_9,8,122,79,18.65,16.26,15,32.8,0,1,7,325,57,Rainy,81,Normal
115,Product_115,Grains,Supplier_4,10,406,72,20.1,18.06,15,29,0,1,1,145,63,Summer,83,Overstock
116,Product_116,Snacks,Supplier_14,1,283,71,44.78,26.28,0,18.2,0,1,5,203,142,Winter,74,Normal
117,Product_117,Household,Supplier_10,10,475,44,5.03,2.81,20,34.1,1,0,9,167,117,Summer,39,Overstock
118,Product_118,Household,Supplier_10,4,322,15,26.41,18.43,15,31.8,0,1,5,191,52,Rainy,17,Overstock
119,Product_119,Bakery,Supplier_11,4,161,20,17.98,13.94,5,39.9,1,1,6,252,123,Summer,17,Normal
120,Product_120,Frozen,Supplier_13,1,574,15,34.67,24.02,15,39.4,1,0,1,177,128,Rainy,11,Overstock
121,Product_121,Frozen,Supplier_14,7,307,72,38.51,34,20,28.5,1,1,8,37,142,Rainy,71,Normal
122,Product_122,Beverages,Supplier_6,10,214,71,20.11,12.45,20,16.6,1,1,1,203,65,Rainy,72,Overstock
123,Product_123,Frozen,Supplier_4,8,39,99,11.86,8.31,15,25.7,1,0,5,249,108,Winter,111,Low Stock
124,Product_124,Household,Supplier_2,8,523,66,45.17,32.55,25,34.4,0,0,8,93,107,Spring,68,Overstock
125,Product_125,Bakery,Supplier_9,10,436,58,48.83,33.85,5,28,1,1,2,313,90,Winter,66,Overstock
126,Product_126,Bakery,Supplier_6,2,484,21,13.86,10.2,15,33.7,0,1,2,317,110,Winter,18,Overstock
127,Product_127,Household,Supplier_13,10,313,50,32.27,28.47,10,25,0,1,5,104,78,Rainy,61,Overstock
128,Product_128,Beverages,Supplier_7,9,404,31,4.63,4.09,5,36.8,0,0,7,28,95,Spring,39,Overstock
129,Product_129,Meat,Supplier_10,10,544,48,41.97,37.71,0,23.4,0,0,10,168,133,Winter,48,Overstock
130,Product_130,Grains,Supplier_6,8,546,76,18.75,16.5,5,15.7,1,0,4,259,40,Spring,82,Overstock
131,Product_131,Fruits,Supplier_12,6,452,24,5.09,3.65,15,29.1,1,1,3,168,109,Winter,36,Overstock
132,Product_132,Bakery,Supplier_4,2,363,80,44.91,27.38,15,24,1,0,9,226,73,Winter,81,Overstock
133,Product_133,Beverages,Supplier_2,4,588,67,38.03,28.46,10,33.9,1,0,8,333,139,Winter,64,Overstock
134,Product_134,Frozen,Supplier_5,10,324,24,48.45,28.48,15,35.2,0,0,1,100,122,Rainy,30,Normal
135,Product_135,Dairy,Supplier_3,1,253,47,20.7,18.61,0,29.2,0,0,7,324,56,Spring,46,Overstock
136,Product_136,Grains,Supplier_5,6,297,39,42.42,36.55,5,18.1,0,1,6,362,55,Spring,37,Overstock
137,Product_137,Vegetables,Supplier_3,5,158,84,39.99,32.26,20,16.9,0,0,2,351,138,Rainy,85,Normal
138,Product_138,Snacks,Supplier_13,2,280,56,6.86,3.94,5,25.8,0,1,2,198,79,Summer,67,Overstock
139,Product_139,Frozen,Supplier_13,5,586,44,27.92,22.38,10,28.7,1,0,9,199,96,Rainy,56,Overstock
140,Product_140,Fruits,Supplier_11,4,402,91,12.6,8.88,10,24,1,1,6,283,75,Summer,103,Overstock
141,Product_141,Beverages,Supplier_8,1,136,33,17.04,10.53,0,38.4,1,1,8,253,52,Spring,42,Normal
142,Product_142,Meat,Supplier_1,3,386,25,37.71,26.38,20,24.6,0,1,10,253,69,Winter,23,Overstock
143,Product_143,Snacks,Supplier_13,3,332,54,42.12,25.34,5,27.2,0,0,9,364,118,Summer,56,Normal
144,Product_144,Fruits,Supplier_11,2,450,81,48.53,26.9,25,27.9,0,0,5,105,115,Spring,91,Overstock
145,Product_145,Meat,Supplier_3,10,237,79,20.83,14.39,15,18.2,1,0,9,193,94,Winter,87,Normal
146,Product_146,Meat,Supplier_14,2,183,47,31.81,22.23,20,36.7,1,0,7,107,43,Rainy,46,Overstock
147,Product_147,Meat,Supplier_15,10,378,90,1.52,1.31,10,33.1,0,1,1,358,72,Spring,98,Overstock
148,Product_148,Frozen,Supplier_2,5,351,36,33.12,28.9,5,31.7,1,0,6,47,95,Spring,37,Overstock
149,Product_149,Vegetables,Supplier_4,10,534,22,48.24,39.14,25,18,1,1,8,177,144,Winter,18,Overstock
150,Product_150,Grains,Supplier_13,9,204,85,3.24,2.85,20,22.2,0,1,8,302,124,Spring,88,Normal
151,Product_151,Bakery,Supplier_12,6,586,61,11.81,8.55,25,30.9,1,0,2,308,65,Summer,73,Overstock
152,Product_152,Grains,Supplier_1,3,176,56,38.46,23.96,0,31.9,1,1,5,14,104,Winter,56,Normal
153,Product_153,Household,Supplier_2,3,248,16,45.79,37.56,25,37.8,0,0,10,152,87,Summer,14,Normal
154,Product_154,Bakery,Supplier_1,8,167,64,3.19,1.94,20,38.2,1,1,8,172,53,Summer,69,Overstock
155,Product_155,Frozen,Supplier_13,2,132,2,42.69,37.86,0,18.4,0,1,10,302,140,Summer,10,Low Stock
156,Product_156,Dairy,Supplier_7,7,293,25,44.89,28.26,25,31.6,0,0,2,349,87,Spring,35,Overstock
157,Product_157,Household,Supplier_2,3,466,55,14.97,11.77,5,19.9,1,0,2,223,76,Winter,63,Overstock
158,Product_158,Household,Supplier_13,2,325,41,4.51,3.46,25,26.3,0,1,2,245,143,Rainy,48,Normal
159,Product_159,Beverages,Supplier_9,3,405,32,6.87,5.77,25,38.2,1,1,1,39,146,Spring,35,Normal
160,Product_160,Meat,Supplier_13,7,431,49,13.47,8.26,20,26.5,0,0,9,187,63,Winter,47,Overstock
161,Product_161,Meat,Supplier_10,2,120,61,4.04,3.55,20,21.2,1,1,5,319,140,Summer,56,Low Stock
162,Product_162,Grains,Supplier_6,10,160,87,3.04,2.35,15,33.6,1,1,3,215,60,Winter,93,Normal
163,Product_163,Beverages,Supplier_12,5,493,88,4.91,4.17,0,26.4,1,0,7,25,70,Winter,84,Overstock
164,Product_164,Household,Supplier_15,4,182,1,18.89,13.54,25,23.6,1,0,8,297,90,Spring,7,Normal
165,Product_165,Frozen,Supplier_7,4,376,49,16.96,12.85,5,20.3,0,0,9,11,114,Spring,48,Overstock
166,Product_166,Dairy,Supplier_3,4,85,66,1.66,1.22,10,15.8,1,1,3,32,104,Spring,62,Low Stock
167,Product_167,Grains,Supplier_7,7,445,8,18.82,12.1,5,37.9,0,1,3,308,121,Summer,17,Overstock
168,Product_168,Meat,Supplier_1,9,364,35,44.92,30.02,0,38.4,1,1,6,52,150,Spring,45,Normal
169,Product_169,Vegetables,Supplier_4,5,71,37,23.1,18.45,15,17.4,1,1,6,172,86,Spring,42,Low Stock
170,Product_170,Grains,Supplier_13,6,115,52,1.77,1.08,10,18.8,1,1,10,250,96,Winter,54,Normal
171,Product_171,Meat,Supplier_4,7,222,73,8.06,6.27,0,25.8,1,0,9,54,120,Summer,82,Normal
172,Product_172,Dairy,Supplier_10,5,373,78,47.87,31.81,10,36.9,1,1,4,33,61,Winter,88,Overstock
173,Product_173,Grains,Supplier_13,7,345,38,29.39,22.59,25,35.8,0,0,5,339,53,Winter,49,Overstock
174,Product_174,Vegetables,Supplier_12,4,574,65,32.42,21.26,0,19.8,0,1,1,110,116,Rainy,73,Overstock
175,Product_175,Meat,Supplier_8,9,394,70,25.76,14.45,10,31.5,1,1,7,60,142,Summer,68,Normal
176,Product_176,Bakery,Supplier_2,7,377,59,27.69,17.48,25,32.5,1,1,6,170,82,Spring,68,Overstock
177,Product_177,Household,Supplier_7,10,198,8,41.82,28.31,5,37.1,1,0,2,144,134,Winter,10,Normal
178,Product_178,Snacks,Supplier_7,7,140,66,39.02,26.97,25,32,0,1,1,52,45,Summer,76,Overstock
179,Product_179,Dairy,Supplier_1,2,345,89,37.9,28.2,20,25.5,0,1,7,81,78,Summer,90,Overstock
180,Product_180,Snacks,Supplier_12,9,319,11,30.41,23.91,20,17.3,0,0,5,158,116,Winter,19,Normal
181,Product_181,Snacks,Supplier_4,4,360,25,24.37,18.94,0,21.7,1,0,4,116,95,Rainy,27,Overstock
182,Product_182,Meat,Supplier_10,8,375,92,5.51,3.98,5,35.2,0,1,5,140,50,Winter,99,Overstock
183,Product_183,Meat,Supplier_7,5,309,89,22.61,13.68,10,35.9,1,1,5,55,54,Winter,100,Overstock
184,Product_184,Bakery,Supplier_9,1,338,79,10.94,6.75,0,36.4,1,1,3,187,79,Winter,80,Overstock
185,Product_185,Bakery,Supplier_15,2,180,55,34.28,24.32,10,17.2,0,0,9,270,81,Rainy,65,Normal
186,Product_186,Vegetables,Supplier_10,10,369,49,47.13,34.46,0,31.9,1,0,8,108,70,Summer,55,Overstock
187,Product_187,Grains,Supplier_14,6,384,70,40.89,29.13,15,35.9,1,1,5,88,85,Spring,73,Overstock
188,Product_188,Meat,Supplier_1,5,181,94,36.37,31.6,20,23.7,1,0,8,130,85,Spring,93,Normal
189,Product_189,Grains,Supplier_2,4,549,24,29.7,20.85,15,21.2,0,1,10,352,120,Spring,33,Overstock
190,Product_190,Dairy,Supplier_7,10,320,39,18.44,16.39,5,35.9,1,1,8,125,94,Rainy,49,Overstock
191,Product_191,Dairy,Supplier_5,4,242,19,20.02,11.32,5,25.4,0,0,4,357,100,Summer,31,Normal
192,Product_192,Frozen,Supplier_11,5,261,83,3.42,1.92,0,31.6,1,1,7,59,112,Rainy,82,Normal
193,Product_193,Bakery,Supplier_15,1,512,11,14.37,12.39,5,39.7,0,0,2,163,116,Spring,19,Overstock
194,Product_194,Dairy,Supplier_3,8,292,32,15.02,12.18,20,27.1,0,1,4,238,88,Rainy,40,Overstock
195,Product_195,Vegetables,Supplier_6,10,195,96,13.04,8.26,5,33.8,0,0,3,296,111,Summer,106,Normal
196,Product_196,Fruits,Supplier_3,8,465,25,12.06,10.75,10,34.6,0,1,6,202,94,Rainy,28,Overstock
197,Product_197,Household,Supplier_1,5,553,78,7.29,5.86,10,22.9,0,1,1,37,44,Summer,76,Overstock
198,Product_198,Beverages,Supplier_13,2,123,15,15.59,12.97,20,24.8,0,0,3,119,141,Spring,22,Low Stock
199,Product_199,Grains,Supplier_13,6,529,72,46.56,32.14,15,23.8,1,0,1,256,138,Rainy,69,Overstock
200,Product_200,Fruits,Supplier_12,9,42,91,9.13,6.99,10,25.6,0,1,9,205,108,Winter,97,Low Stock
1,Product_001,Meat,Supplier_5,2,536,55,48.59,41.63,20,39.2,1,1,4,270,56,Spring,67,Overstock
2,Product_002,Snacks,Supplier_7,5,279,82,32.45,22.86,0,19,1,0,6,15,80,Summer,88,Overstock
3,Product_003,Frozen,Supplier_11,10,182,51,27.18,19.42,20,21,0,0,8,40,105,Winter,51,Normal
4,Product_004,Meat,Supplier_1,4,217,18,4.77,4.11,15,34.1,1,1,5,222,112,Winter,19,Normal
5,Product_005,Meat,Supplier_3,5,434,55,28.6,17.58,0,34.1,1,0,5,290,45,Spring,50,Overstock
6,Product_006,Vegetables,Supplier_9,5,456,11,14.15,12.18,25,26.5,0,0,2,240,138,Rainy,22,Overstock
7,Product_007,Household,Supplier_2,2,219,51,11.47,9.36,25,21.7,1,1,10,289,148,Summer,54,Normal
8,Product_008,Frozen,Supplier_14,2,216,27,38.5,30.35,25,33.7,1,1,7,257,87,Rainy,24,Normal
9,Product_009,Fruits,Supplier_7,5,525,46,39.07,24.06,10,32,1,0,6,9,141,Summer,45,Overstock
10,Product_010,Frozen,Supplier_8,9,403,73,14.35,10.7,15,20.6,0,0,4,189,86,Rainy,74,Overstock
11,Product_011,Vegetables,Supplier_2,6,239,72,28.39,16.68,25,15.3,1,0,10,301,114,Rainy,83,Normal
12,Product_012,Fruits,Supplier_11,2,569,16,1.31,0.95,5,35.6,1,0,5,196,113,Rainy,16,Overstock
13,Product_013,Grains,Supplier_9,5,408,25,10.14,6.92,0,25.7,1,0,2,286,108,Rainy,27,Overstock
14,Product_014,Grains,Supplier_5,9,397,69,44.88,30.57,15,22.5,1,0,2,180,128,Summer,68,Overstock
15,Product_015,Bakery,Supplier_4,5,340,53,1.64,1.38,25,16.6,0,1,4,200,68,Rainy,63,Overstock
16,Product_016,Grains,Supplier_8,2,186,39,13.5,10.94,25,18.7,0,1,9,277,132,Rainy,49,Normal
17,Product_017,Vegetables,Supplier_5,5,337,57,8.62,7.5,15,29.4,0,1,3,327,130,Winter,64,Normal
18,Product_018,Beverages,Supplier_1,8,108,14,38.58,30.25,0,15.1,0,0,5,9,94,Rainy,13,Normal
19,Product_019,Bakery,Supplier_13,1,516,66,21.27,17.49,25,30.9,1,0,2,349,91,Spring,62,Overstock
20,Product_020,Dairy,Supplier_1,6,282,77,36.86,25.48,10,39.7,1,0,7,276,66,Spring,81,Overstock
21,Product_021,Bakery,Supplier_9,10,209,90,15.93,10.64,20,35,1,1,8,347,127,Winter,90,Normal
22,Product_022,Beverages,Supplier_4,1,288,13,31.08,26.22,10,30.8,1,0,1,77,96,Rainy,22,Normal
23,Product_023,Bakery,Supplier_3,1,126,81,49.39,41.34,5,22.9,1,0,9,268,72,Summer,78,Normal
24,Product_024,Household,Supplier_4,5,296,78,34.35,23.05,15,36.1,1,1,5,69,95,Rainy,83,Overstock
25,Product_025,Vegetables,Supplier_9,1,423,1,20.48,16.74,25,15.8,1,0,2,156,50,Summer,1,Overstock
26,Product_026,Vegetables,Supplier_12,7,280,3,32.45,19.15,15,26.4,0,0,7,208,87,Summer,9,Overstock
27,Product_027,Fruits,Supplier_15,2,431,69,16.31,10.58,15,24.8,0,0,6,29,73,Spring,65,Overstock
28,Product_028,Meat,Supplier_2,7,246,71,45.81,36.03,25,37.4,1,1,6,264,118,Rainy,78,Normal
29,Product_029,Snacks,Supplier_1,10,586,56,23.07,19.67,10,29.2,0,0,1,241,62,Winter,64,Overstock
30,Product_030,Household,Supplier_8,9,38,52,41.13,26.02,10,30.5,1,0,6,190,91,Spring,53,Low Stock
31,Product_031,Vegetables,Supplier_11,2,557,63,30.36,26.1,25,21.8,1,0,10,29,85,Spring,73,Overstock
32,Product_032,Dairy,Supplier_9,8,57,40,12.97,11.4,5,38.1,1,0,10,9,95,Summer,40,Low Stock
33,Product_033,Household,Supplier_5,5,525,70,34.08,24.52,20,28.8,1,1,2,230,123,Rainy,72,Overstock
34,Product_034,Vegetables,Supplier_3,7,178,66,23.59,19.54,20,35.1,0,1,2,56,150,Spring,64,Normal
35,Product_035,Fruits,Supplier_2,1,598,48,41.74,26.59,20,19.5,1,0,10,199,58,Winter,54,Overstock
36,Product_036,Frozen,Supplier_2,7,88,74,37.58,23.37,10,15,0,1,9,29,147,Summer,85,Low Stock
37,Product_037,Household,Supplier_1,5,332,66,3.46,2.8,0,20.6,0,0,8,18,82,Summer,75,Overstock
38,Product_038,Vegetables,Supplier_10,3,128,59,41.56,31.84,0,29.2,0,1,7,325,122,Spring,62,Normal
39,Product_039,Fruits,Supplier_15,2,132,84,21.16,15.77,0,19,1,1,9,296,122,Spring,95,Normal
40,Product_040,Fruits,Supplier_10,9,310,7,20.39,13.33,10,26.1,0,0,1,48,133,Spring,4,Normal
41,Product_041,Meat,Supplier_4,10,247,23,25.89,22.64,15,37.2,1,0,10,26,139,Spring,27,Normal
42,Product_042,Household,Supplier_11,5,388,39,44.98,27.19,20,20.5,1,1,2,273,131,Summer,46,Normal
43,Product_043,Frozen,Supplier_1,9,289,11,39.64,26.67,25,29.5,0,0,5,86,89,Summer,6,Overstock
44,Product_044,Household,Supplier_9,3,342,44,29.48,25.66,25,29.3,0,1,3,273,125,Winter,45,Normal
45,Product_045,Grains,Supplier_13,8,181,13,35.01,20.98,10,33.4,0,1,4,275,123,Rainy,22,Normal
46,Product_046,Snacks,Supplier_8,6,274,21,46.59,29.3,5,36.8,1,1,2,259,96,Winter,24,Normal
47,Product_047,Household,Supplier_7,6,491,62,41.95,29.47,25,33.1,0,0,2,89,118,Winter,63,Overstock
48,Product_048,Snacks,Supplier_11,10,591,70,33.35,19.58,20,26.7,0,1,6,305,123,Rainy,82,Overstock
49,Product_049,Grains,Supplier_15,2,521,32,12.06,8.66,10,15.1,1,0,1,129,83,Rainy,35,Overstock
50,Product_050,Grains,Supplier_4,4,241,89,14.98,10.83,20,20.6,1,0,5,99,145,Rainy,95,Normal
51,Product_051,Snacks,Supplier_13,10,361,14,26.32,18.31,20,31.9,0,1,3,113,72,Spring,26,Overstock
52,Product_052,Frozen,Supplier_2,4,51,16,37.16,27.51,25,18,0,0,3,48,91,Winter,18,Low Stock
53,Product_053,Vegetables,Supplier_10,10,50,33,39.55,27.7,5,37.7,0,1,6,294,72,Spring,33,Low Stock
54,Product_054,Meat,Supplier_11,4,308,54,25.84,19.42,5,39.3,0,0,4,296,73,Summer,60,Overstock
55,Product_055,Fruits,Supplier_4,3,373,75,28.94,25.42,15,30.5,1,1,8,5,80,Spring,78,Overstock
56,Product_056,Fruits,Supplier_4,3,249,26,23.7,17.72,5,38.4,0,1,10,257,46,Summer,37,Overstock
57,Product_057,Snacks,Supplier_3,4,113,75,37.07,20.7,5,31.4,0,1,1,300,100,Winter,82,Normal
58,Product_058,Snacks,Supplier_2,8,280,39,37.68,22.57,15,28.3,1,0,7,297,131,Summer,50,Normal
59,Product_059,Snacks,Supplier_7,2,56,67,32.36,23.86,15,37.4,0,0,8,156,146,Winter,75,Low Stock
60,Product_060,Meat,Supplier_2,1,136,74,27.45,20.15,0,37.5,0,0,7,286,50,Rainy,82,Normal
61,Product_061,Dairy,Supplier_11,5,494,53,49.09,38.8,15,39.4,1,1,7,144,128,Spring,60,Overstock
62,Product_062,Frozen,Supplier_14,7,366,66,39.8,26.34,0,18.2,1,0,10,108,56,Winter,65,Overstock
63,Product_063,Meat,Supplier_7,1,175,57,30.74,21.77,5,21.5,1,1,7,70,66,Spring,55,Normal
64,Product_064,Frozen,Supplier_6,10,98,91,15.5,8.59,0,16.3,1,0,4,323,94,Spring,86,Normal
65,Product_065,Snacks,Supplier_13,2,305,34,45.21,37.67,25,32.1,1,1,3,316,119,Rainy,40,Normal
66,Product_066,Beverages,Supplier_6,10,577,25,44.19,34.1,15,15.7,1,1,10,192,72,Winter,29,Overstock
67,Product_067,Meat,Supplier_3,8,72,83,43.97,35.86,5,30.9,0,0,5,84,122,Winter,88,Low Stock
68,Product_068,Bakery,Supplier_5,7,81,77,23.57,13.3,0,22.6,0,1,9,44,84,Spring,89,Low Stock
69,Product_069,Vegetables,Supplier_3,9,328,36,11.2,8.56,15,36.7,0,0,9,228,139,Spring,37,Normal
70,Product_070,Frozen,Supplier_8,7,77,78,26.27,22.52,5,33.1,1,1,8,354,51,Winter,90,Normal
71,Product_071,Frozen,Supplier_4,8,200,35,15.56,12.62,5,31.6,0,1,7,327,139,Winter,44,Normal
72,Product_072,Frozen,Supplier_3,9,150,65,1.19,1.01,10,35.3,1,1,8,108,124,Summer,62,Normal
73,Product_073,Beverages,Supplier_10,9,578,41,40.14,33.6,25,28.7,0,1,2,134,150,Spring,51,Overstock
74,Product_074,Bakery,Supplier_2,6,339,69,7,4.71,15,16.5,1,0,8,343,126,Spring,74,Normal
75,Product_075,Meat,Supplier_2,10,389,65,16,9.91,25,20.8,0,0,7,301,45,Rainy,74,Overstock
76,Product_076,Snacks,Supplier_11,10,198,86,17.58,10.03,0,39.4,1,0,6,137,98,Rainy,87,Normal
77,Product_077,Meat,Supplier_12,3,171,62,1.46,1.17,25,26.3,0,0,6,212,115,Summer,60,Normal
78,Product_078,Bakery,Supplier_4,8,459,7,42.56,25.79,15,34,0,1,10,292,50,Winter,17,Overstock
79,Product_079,Vegetables,Supplier_7,1,108,66,39.41,24.69,15,39.6,0,0,1,108,100,Rainy,73,Normal
80,Product_080,Snacks,Supplier_9,5,554,25,22.32,18.03,5,20.8,1,1,6,294,76,Summer,28,Overstock
81,Product_081,Dairy,Supplier_10,3,332,35,1.94,1.31,5,36.4,0,1,7,132,117,Summer,39,Normal
82,Product_082,Meat,Supplier_5,9,59,5,4.23,3.21,25,17,1,0,3,27,123,Winter,15,Low Stock
83,Product_083,Bakery,Supplier_2,4,552,75,27.56,21.94,25,32.7,1,1,7,320,117,Spring,72,Overstock
84,Product_084,Frozen,Supplier_5,9,71,61,12.04,7.55,20,39.2,0,0,3,128,132,Spring,66,Low Stock
85,Product_085,Meat,Supplier_7,5,43,22,21.59,13.96,0,36,1,1,1,92,57,Summer,31,Low Stock
86,Product_086,Meat,Supplier_3,6,369,90,44.06,31.79,20,23.6,1,1,8,207,89,Winter,98,Overstock
87,Product_087,Snacks,Supplier_5,7,208,25,15.32,12.37,20,37,1,1,9,339,132,Spring,32,Normal
88,Product_088,Beverages,Supplier_4,9,80,73,10.58,6.54,10,28.6,0,0,2,342,43,Winter,79,Normal
89,Product_089,Household,Supplier_6,8,187,96,18.64,10.7,5,29.6,1,0,1,262,90,Summer,100,Normal
90,Product_090,Dairy,Supplier_14,9,74,44,14.01,9.57,15,23.2,0,1,6,316,104,Winter,47,Low Stock
91,Product_091,Snacks,Supplier_11,8,441,55,30.19,19.61,20,22.2,1,1,7,101,91,Rainy,50,Overstock
92,Product_092,Snacks,Supplier_3,2,387,93,33.39,21.75,25,36.3,0,1,2,170,66,Summer,94,Overstock
93,Product_093,Meat,Supplier_14,3,417,77,45.08,38.87,10,25.6,1,1,1,283,148,Rainy,74,Normal
94,Product_094,Grains,Supplier_15,10,135,28,5.87,3.45,10,22.1,0,1,3,67,98,Winter,33,Normal
95,Product_095,Grains,Supplier_6,3,450,88,38.6,25.77,5,17.6,0,0,8,299,43,Rainy,89,Overstock
96,Product_096,Meat,Supplier_10,1,235,45,35.88,26.55,5,26.7,1,0,7,27,62,Summer,46,Overstock
97,Product_097,Meat,Supplier_10,4,441,18,8.31,5.03,15,22.7,0,1,6,119,91,Summer,25,Overstock
98,Product_098,Beverages,Supplier_9,2,137,78,33.22,29.55,5,31.5,0,0,2,126,54,Spring,80,Normal
99,Product_099,Meat,Supplier_12,8,320,91,29.26,16.66,25,31.3,1,1,2,220,131,Rainy,91,Normal
100,Product_100,Vegetables,Supplier_10,9,556,56,15.62,8.86,5,31.6,0,0,5,53,83,Rainy,51,Overstock
101,Product_101,Vegetables,Supplier_11,5,149,8,19.74,12.07,15,15.5,0,0,4,148,73,Winter,15,Normal
102,Product_102,Dairy,Supplier_1,4,140,63,11.89,9.34,15,37.8,1,1,6,177,69,Winter,67,Normal
103,Product_103,Grains,Supplier_13,8,226,76,35.52,22,20,23.2,1,0,4,154,65,Rainy,85,Overstock
104,Product_104,Bakery,Supplier_5,1,67,10,45,30.75,10,24,0,1,5,231,83,Winter,9,Low Stock
105,Product_105,Meat,Supplier_14,8,499,35,15.27,10.79,15,17.6,0,0,4,190,134,Spring,36,Overstock
106,Product_106,Dairy,Supplier_10,5,439,7,26.21,21.32,5,19.6,0,0,8,232,147,Spring,6,Normal
107,Product_107,Meat,Supplier_15,8,184,70,44.24,31.62,20,33.7,0,1,5,91,102,Spring,80,Normal
108,Product_108,Beverages,Supplier_2,3,521,19,23.7,17.1,25,20.4,0,0,5,346,109,Winter,18,Overstock
109,Product_109,Frozen,Supplier_14,10,439,50,9.86,6.42,20,30.6,0,1,2,155,148,Summer,56,Normal
110,Product_110,Bakery,Supplier_11,4,574,32,36.41,21.39,5,39.2,1,0,1,71,51,Summer,42,Overstock
111,Product_111,Household,Supplier_12,3,240,100,34.49,22.6,20,35.8,0,0,8,273,62,Rainy,105,Overstock
112,Product_112,Fruits,Supplier_5,9,121,93,44.05,38.78,5,23.9,1,1,5,6,132,Summer,96,Low Stock
113,Product_113,Vegetables,Supplier_4,9,121,73,10.3,7.96,0,29.6,0,0,4,323,45,Rainy,73,Normal
114,Product_114,Household,Supplier_8,9,469,10,38.1,22.51,25,17.6,0,1,1,185,126,Summer,14,Overstock
115,Product_115,Grains,Supplier_5,1,395,18,1.81,1.35,15,28.5,0,1,7,245,132,Rainy,25,Normal
116,Product_116,Snacks,Supplier_4,2,341,10,12.61,8.38,15,37.7,0,1,5,365,52,Rainy,15,Overstock
117,Product_117,Household,Supplier_15,3,144,91,29.82,24.26,0,21.9,1,0,7,296,60,Summer,90,Normal
118,Product_118,Household,Supplier_13,9,435,53,47.62,27.44,0,16.7,1,1,1,354,48,Summer,56,Overstock
119,Product_119,Bakery,Supplier_10,8,365,23,39.56,32.83,10,28.9,0,0,3,293,135,Winter,28,Normal
120,Product_120,Frozen,Supplier_11,2,554,42,9.69,5.98,5,38.5,0,0,10,228,51,Spring,48,Overstock
121,Product_121,Frozen,Supplier_2,2,484,70,41.79,33.33,0,32.8,0,0,7,329,51,Rainy,78,Overstock
122,Product_122,Beverages,Supplier_3,4,251,17,38.29,33.9,15,33.7,1,1,6,285,77,Spring,20,Overstock
123,Product_123,Frozen,Supplier_15,4,158,59,46.78,27.35,20,35.3,0,1,6,54,138,Summer,71,Normal
124,Product_124,Household,Supplier_10,6,246,97,30.32,19.13,15,33.1,1,0,8,106,112,Winter,95,Normal
125,Product_125,Bakery,Supplier_2,6,91,44,1.31,0.85,0,38.9,1,1,3,282,90,Summer,51,Normal
126,Product_126,Bakery,Supplier_5,5,200,60,6.09,4.69,25,22.3,1,0,6,179,54,Summer,61,Overstock
127,Product_127,Household,Supplier_4,10,392,88,22.59,18.38,25,26.6,1,1,7,297,121,Summer,85,Overstock
128,Product_128,Beverages,Supplier_13,1,334,24,15.39,10.93,20,34.8,1,0,3,105,66,Rainy,22,Overstock
129,Product_129,Meat,Supplier_10,7,280,38,47.53,38.95,0,17.2,1,0,8,159,148,Summer,41,Normal
130,Product_130,Grains,Supplier_14,5,256,19,48.74,31.01,15,26,0,0,8,238,76,Spring,21,Overstock
131,Product_131,Fruits,Supplier_8,8,108,98,25.85,21.95,10,25.6,1,1,3,68,111,Rainy,105,Low Stock
132,Product_132,Bakery,Supplier_5,3,36,95,6.37,4.96,25,15.8,1,1,5,273,67,Spring,105,Low Stock
133,Product_133,Beverages,Supplier_11,1,544,59,23.01,19.4,0,36.9,0,1,8,236,109,Summer,64,Overstock
134,Product_134,Frozen,Supplier_15,8,467,7,41.74,24.7,20,28.2,0,1,6,182,102,Winter,4,Overstock
135,Product_135,Dairy,Supplier_3,7,472,63,9.89,6.04,15,35.2,0,1,2,142,104,Spring,65,Overstock
136,Product_136,Grains,Supplier_3,5,239,84,18.69,11.43,5,38.3,1,1,6,163,126,Rainy,81,Normal
137,Product_137,Vegetables,Supplier_2,6,562,63,36.09,24.58,10,16.6,1,1,10,268,44,Summer,67,Overstock
138,Product_138,Snacks,Supplier_1,9,514,59,37.38,28.61,0,29,1,1,8,209,122,Winter,67,Overstock
139,Product_139,Frozen,Supplier_11,10,281,93,30.02,17.81,5,29,0,0,2,197,46,Summer,98,Overstock
140,Product_140,Fruits,Supplier_9,1,390,94,39.15,29.89,20,31.8,1,0,8,167,95,Winter,94,Overstock
141,Product_141,Beverages,Supplier_1,3,490,80,12.17,8.74,25,36.1,0,1,5,168,123,Rainy,84,Overstock
142,Product_142,Meat,Supplier_9,3,91,49,27.93,18.05,0,35.9,1,0,8,104,80,Rainy,55,Normal
143,Product_143,Snacks,Supplier_8,3,353,99,3.83,2.38,20,15.8,0,1,8,80,51,Rainy,106,Overstock
144,Product_144,Fruits,Supplier_8,7,365,83,37.05,21.74,0,23.1,1,1,4,286,76,Winter,79,Overstock
145,Product_145,Meat,Supplier_13,6,591,86,44.18,32.88,15,28.6,0,0,3,252,105,Summer,85,Overstock
146,Product_146,Meat,Supplier_7,5,272,56,10.96,8.64,0,20.6,1,1,6,207,70,Summer,52,Overstock
147,Product_147,Meat,Supplier_4,4,231,51,6.34,3.5,0,34,1,1,1,102,72,Spring,54,Overstock
148,Product_148,Frozen,Supplier_7,9,201,95,40.87,25.12,5,24.7,0,0,6,347,149,Rainy,97,Normal
149,Product_149,Vegetables,Supplier_11,5,116,13,42.28,24.32,20,15.4,1,0,5,179,80,Rainy,8,Normal
150,Product_150,Grains,Supplier_8,2,543,25,37.44,26.74,20,37.6,0,1,1,284,79,Summer,20,Overstock
151,Product_151,Bakery,Supplier_7,10,594,94,16.04,10.07,5,22.7,1,1,5,252,72,Spring,93,Overstock
152,Product_152,Grains,Supplier_9,10,154,15,16.75,14.39,5,26.3,1,1,5,322,118,Rainy,10,Normal
153,Product_153,Household,Supplier_5,5,579,7,18.55,16,0,17.1,0,1,5,98,60,Spring,6,Overstock
154,Product_154,Bakery,Supplier_12,7,251,92,15.93,11.31,25,23.3,0,0,5,157,71,Summer,92,Overstock
155,Product_155,Frozen,Supplier_5,5,100,5,6.46,4.42,15,33.6,1,1,4,273,136,Winter,14,Low Stock
156,Product_156,Dairy,Supplier_7,9,560,98,21.97,16.55,25,28.1,0,0,9,282,105,Winter,101,Overstock
157,Product_157,Household,Supplier_3,3,254,42,10.08,7.12,20,37.7,1,0,9,316,104,Summer,44,Normal
158,Product_158,Household,Supplier_5,9,33,30,2.79,2.17,15,33,1,1,8,86,67,Winter,39,Low Stock
159,Product_159,Beverages,Supplier_11,9,472,38,5.18,3.75,10,39.6,0,1,1,64,144,Summer,41,Overstock
160,Product_160,Meat,Supplier_11,2,140,82,40.47,23.14,20,17,1,1,1,151,104,Winter,82,Normal
161,Product_161,Meat,Supplier_6,4,484,78,28.41,23.41,25,17.1,0,0,4,52,147,Summer,85,Overstock
162,Product_162,Grains,Supplier_2,7,338,22,48.76,32.31,0,36.4,0,0,2,139,41,Winter,32,Overstock
163,Product_163,Beverages,Supplier_5,4,139,21,22.29,14.25,5,18.3,1,0,10,210,141,Summer,21,Low Stock
164,Product_164,Household,Supplier_2,1,387,66,5.04,2.94,15,32.9,0,0,9,180,96,Winter,76,Overstock
165,Product_165,Frozen,Supplier_6,7,144,59,4.58,2.6,10,27.9,0,1,2,351,61,Winter,62,Normal
166,Product_166,Dairy,Supplier_4,8,199,12,10.76,8.06,0,32.1,1,0,2,53,42,Summer,15,Overstock
167,Product_167,Grains,Supplier_2,2,510,61,46.37,34.8,0,29.2,0,1,7,262,134,Winter,63,Overstock
168,Product_168,Meat,Supplier_7,3,552,91,12.63,9.28,20,24.8,1,0,8,107,100,Winter,101,Overstock
169,Product_169,Vegetables,Supplier_15,3,90,60,30.94,27.77,10,16.6,0,1,7,195,120,Winter,64,Low Stock
170,Product_170,Grains,Supplier_4,1,51,14,44.6,33.16,10,28.1,0,1,5,104,57,Spring,19,Low Stock
171,Product_171,Meat,Supplier_9,1,541,17,16.03,10.68,10,19.4,1,0,6,45,89,Summer,22,Overstock
172,Product_172,Dairy,Supplier_6,2,536,8,40.94,29.36,25,19.1,0,1,3,177,109,Spring,3,Overstock
173,Product_173,Grains,Supplier_3,9,263,44,39.53,26.02,15,31.6,0,1,8,151,50,Rainy,43,Overstock
174,Product_174,Vegetables,Supplier_10,6,296,94,30.81,19.96,25,38.8,0,0,5,174,132,Spring,96,Normal
175,Product_175,Meat,Supplier_6,7,138,55,4.9,4.21,0,26.6,1,1,7,244,71,Summer,54,Normal
176,Product_176,Bakery,Supplier_7,6,49,10,10.19,7.21,0,39.5,1,0,2,64,104,Summer,21,Low Stock
177,Product_177,Household,Supplier_9,10,509,67,7.51,5.33,15,28.2,0,0,1,327,79,Spring,75,Overstock
178,Product_178,Snacks,Supplier_5,1,542,97,3.79,2.94,15,18.5,0,1,3,206,52,Summer,93,Overstock
179,Product_179,Dairy,Supplier_12,7,148,95,2.66,2.23,15,22.5,1,1,8,345,132,Winter,91,Normal
180,Product_180,Snacks,Supplier_12,2,157,70,5.09,3.98,0,34.2,0,1,4,357,66,Winter,75,Normal
181,Product_181,Snacks,Supplier_2,6,326,80,28.87,25.89,20,30.2,1,1,5,151,45,Winter,78,Overstock
182,Product_182,Meat,Supplier_12,8,414,75,40.97,33.73,15,28.6,0,0,2,154,135,Winter,75,Overstock
183,Product_183,Meat,Supplier_4,7,381,43,12.89,10.08,10,27.6,1,0,8,212,49,Spring,50,Overstock
184,Product_184,Bakery,Supplier_1,10,474,98,3.74,3.07,5,22.1,0,0,6,42,50,Rainy,109,Overstock
185,Product_185,Bakery,Supplier_6,10,558,3,1.5,1.02,20,22.3,0,0,4,237,147,Spring,1,Overstock
186,Product_186,Vegetables,Supplier_5,7,75,28,5.22,3.64,15,23.8,1,1,9,318,104,Spring,33,Low Stock
187,Product_187,Grains,Supplier_6,7,74,40,25.67,19.04,0,35.6,0,1,10,356,50,Summer,49,Normal
188,Product_188,Meat,Supplier_7,9,563,41,16.62,11,20,15.8,0,1,9,142,71,Spring,50,Overstock
189,Product_189,Grains,Supplier_6,8,507,18,22.3,14.92,0,24,0,1,2,302,110,Spring,14,Overstock
190,Product_190,Dairy,Supplier_9,2,43,17,10.51,8.62,25,24.2,0,0,8,221,87,Winter,26,Low Stock
191,Product_191,Dairy,Supplier_11,10,500,12,31.75,20.86,25,17.6,1,0,1,16,90,Winter,10,Overstock
192,Product_192,Frozen,Supplier_15,4,512,28,47.23,40.07,15,35.4,0,0,3,259,130,Rainy,40,Overstock
193,Product_193,Bakery,Supplier_7,2,203,67,25.93,16.18,15,24.8,0,1,5,90,142,Summer,68,Normal
194,Product_194,Dairy,Supplier_15,8,235,8,38.09,30.92,20,33.2,0,1,9,296,74,Winter,4,Overstock
195,Product_195,Vegetables,Supplier_8,10,304,37,16.12,11.49,5,30.3,0,1,5,328,123,Rainy,49,Normal
196,Product_196,Fruits,Supplier_7,8,337,95,12.63,9.21,10,29.8,1,1,9,23,53,Winter,100,Overstock
197,Product_197,Household,Supplier_2,4,90,88,4.18,3.63,20,25.1,0,1,5,105,113,Winter,95,Low Stock
198,Product_198,Beverages,Supplier_9,9,551,43,32.02,22.54,20,16.3,1,1,1,222,131,Rainy,53,Overstock
199,Product_199,Grains,Supplier_5,4,213,51,41.66,36.26,10,37.7,0,1,5,145,110,Rainy,50,Normal
200,Product_200,Fruits,Supplier_12,7,573,79,30.21,26.06,0,19.2,0,0,3,255,119,Winter,84,Overstock
